TRIGGER,BLOCK,T_START,T_STOP,N_DETS,BAND_VALID,BAND_ALPHA,BAND_ALPHA_ERR,BAND_EP,BAND_EP_ERR,BAND_BETA,BAND_BETA_ERR,BAND_AIC,CPL_VALID,CPL_AIC,SBPL_VALID,SBPL_AIC,DSBPL_VALID,DSBPL_XB,DSBPL_XB_ERR,DSBPL_XP,DSBPL_XP_ERR,DSBPL_AIC,BANDBB_VALID,BANDBB_KT,BANDBB_KT_ERR,BANDBB_AIC,CPLBB_VALID,CPLBB_KT,CPLBB_KT_ERR,CPLBB_AIC,BEST_AIC_MODEL,LRT_BANDBB_BAND,LRT_CPLBB_CPL,LRT_DSBPL_SBPL
bn081125496,0,-0.2679999999999829,0.37200000000001765,2,True,-0.378664161511171,0.34549525891662736,490.7205577219603,246.4972418359852,-1.8745219933126407,0.16580034132759502,1089.8911644596765,True,1093.6152926584932,True,1089.4490050032355,False,45.28742799910689,17.936530269333808,4835.012564770247,1409.670884625189,1092.942975319132,True,29.52231359977674,7.6217754362606325,1092.606411193379,True,52.571872743358554,22.95798221828735,1093.1543335800955,SBPL,1.2847532662974572,4.460959078397764,0.506029684103396
bn081125496,1,0.37200000000001765,1.6520000000000188,2,True,-0.37045983361949575,0.18341799430129718,238.33123954505155,42.995206933705646,-1.9770820665682627,0.11195621063177108,1634.1149650936682,True,1643.4008027543323,True,1636.6024590349577,True,892.0787048944644,186.6135804585952,3101.8291785820534,1157.4193348093659,1637.7751123606045,True,1.8128474086951638,0.32922019534055813,1626.206323453213,True,45.74386468795052,7.455074031248106,1630.188039254765,Band+BB,11.908641640455244,17.212763499567245,2.8273466743532936
bn081125496,2,1.6520000000000188,2.1640000000000192,2,True,-0.2615067991451474,0.1849434714946927,267.2535867458359,48.91149459743765,-2.129082053553632,0.1609809090609038,986.4410094845523,True,1053.6020474242057,True,987.1090258318047,True,847.528509536669,239.75058168999584,2530.1184006547246,1014.2035962325875,991.3076365695885,True,22.29335945417224,7.564776415161752,989.1172348558497,True,55.89520367534631,5.737280095395278,997.2112684535589,Band,1.3237746287026084,60.39077897064681,-0.1986107377837243
bn081125496,3,2.1640000000000192,2.80400000000002,2,True,-0.09808595671055705,0.12840114585963722,221.91034308457742,19.054597274564586,-2.514174204521824,0.1704705180869106,1127.58083826321,True,1248.8561062657573,True,1132.3291249915544,True,719.7085050210699,217.2423682757526,2026.5252697072,334.1023131875928,1149.3328016597152,True,61.82685357655402,10.684421923200524,1125.1819996297115,True,49.344844851501804,2.8929895074458365,1134.3161545168277,Band+BB,6.398838633498372,118.53995174892952,-13.003676668160779
bn081125496,4,2.80400000000002,3.7000000000000206,2,True,0.14159571619156644,0.16964727625035259,137.10294690645787,11.217683001304941,-2.2216858388693534,0.11707327780547638,1354.6902005286026,True,1548.226353223516,True,1363.7663664944264,True,16.075119943954913,138.59877739813496,1369.1313007019944,277.22932992928884,1366.1824717974723,True,36.5191959338616,2.3804672290755704,1347.920399407041,True,32.47498883536597,1.6377000918103484,1350.804830639575,Band+BB,10.769801121561613,201.42152258394117,1.5838946969540757
bn081125496,5,3.7000000000000206,6.644000000000023,2,True,-0.14348849499586416,0.14283677082579627,105.03103977412717,8.149083610497023,-2.04418834631075,0.06340427323500764,2263.9321323105823,True,2543.009606077292,True,2284.580235945359,True,898.0837036931074,229.0175522591207,1439.332133475788,52.03130767412529,2274.14160101296,False,27.016442742450472,0.6648264386898592,2221.389732591907,False,26.012632090493153,0.9995242664630162,2223.689397608002,Band,46.54239971867537,323.32020846929026,14.438634932399054
bn081125496,6,6.644000000000023,7.668000000000024,2,True,0.08515127986602054,0.9178080632945981,53.052416742050994,20.034304407032867,-1.8208939493063012,0.08699607462844738,1394.1058426532823,False,1408.9079553039282,False,1396.646112438248,True,604.0220472782124,174.83832917821772,1258.441847211423,251.63248062422866,1401.8380748688255,False,16.81373068288756,1.5074150186653172,1384.6387548283367,False,15.806777303703392,1.4532073107377474,1382.7491010759436,Band,13.467087824945565,30.158854227984648,-1.191962430577405
bn081125496,7,7.668000000000024,10.740000000000027,2,False,-1.117189069504829,0.6841942472929329,30.061962276330828,8.282824108188105,-1.6000000592345998,5.787854378136448e-05,2243.8353720165583,False,2248.961277882544,False,2230.247730708919,False,10.000001031425256,0.0019479511232809443,4999.99897201702,0.7539691491933809,2274.8858495071304,False,8.556448534368904,0.8160193774218762,2219.087189645121,True,8.445742169402443,0.7910935433971154,2213.8759313898145,CPL+BB,28.74818237143745,39.085346492729514,-40.63811879821151
bn081222204,0,-0.011999999999982691,0.8840000000000181,4,True,-0.7953251043036842,0.2060938944568737,222.1319103606098,92.47525756141908,-1.6881394505145564,0.062332406605843826,2593.631166798932,True,2609.409740429227,True,2593.7037353616874,False,59.64216872515517,158.18664280866113,4999.994847186806,6.294755848299246,2599.759032290306,True,24.044858090203704,8.30099051442161,2596.862657182086,True,28.149226949541056,7.174661171416043,2599.8699773844737,Band,0.7685096168461314,13.539763044753272,-2.0552969286186453
bn081222204,1,0.8840000000000181,3.18800000000002,4,True,-0.9592741635011293,0.06533836538358129,219.26149950678808,30.506791984212185,-1.9884767471262137,0.09243300694464829,4023.7533346354935,True,4113.176497561836,True,4025.7466841387,True,34.14913784486896,88.77899727697638,4257.36690842561,873.7999944922358,4029.6311598246257,True,49.12307230396303,7.838028039375768,4024.602334052116,True,32.65281854784179,5.052187742071416,4047.5559526056804,Band,3.1510005833774812,69.62054495615575,0.11552431407426411
bn081222204,2,3.18800000000002,4.212000000000021,4,True,-0.8169848287274936,0.09077676826272935,174.9921956373491,23.496093973183463,-2.070021496383536,0.11349429834806046,2856.708447123306,True,2962.6075844160587,True,2859.856252928427,True,81.51336538088549,18.96804923715803,4336.689013676949,1219.53338437311,2863.4266184579033,True,19.846088418107325,87.87494830078798,2860.70852473437,True,31.322145742885603,2.915247673872152,2871.004290734986,Band,-7.761106371617643e-05,95.6032936810725,0.4296344705235242
bn081222204,3,4.212000000000021,6.260000000000023,4,True,-0.7255207871204207,0.08672320016454771,122.50009861534198,10.788397191040282,-2.1620989206859154,0.0967466838050608,3872.999204637842,True,3901.7184440180777,True,3875.504898112417,False,10.163336451776734,6.298458648871376,144.9111410155434,19.520181038094663,3878.733608218714,True,29.64124397434459,3.2427155636014824,3870.82178784701,True,22.052608734102023,2.7561355685574807,3887.902217418447,Band+BB,6.177416790832012,17.81622659963068,0.7712898937029422
bn081222204,4,6.260000000000023,7.924000000000024,4,True,-0.8053043673295219,0.21255717607024877,107.73938613307733,28.771374964462275,-1.9531590232585292,0.10857197336234947,3554.6122326524883,True,3596.078396569803,True,3554.3932566184826,False,47.94652006188877,15.931404627990037,4998.707875776756,295.3050433666558,3558.9618726716744,True,6.439628017715583,0.9470986190354695,3555.68589009915,False,22.37165049186428,2.8679782526437343,3560.624921419976,SBPL,2.926342553338145,39.45347514982677,-0.5686160531918176
bn081222204,5,7.924000000000024,10.228000000000026,4,True,-1.0364518060814614,0.3146883202670476,86.7007536706811,35.49149897717988,-1.7767339324243958,0.0700071075776727,3894.0927566213995,True,3901.5079277549485,True,3896.032614004615,False,21.254248559694677,11.818873758463535,4999.99945141833,1.8080411174623805,3902.079041997989,False,15.711128738891123,0.0,3892.4963818070482,False,15.075013191398629,2.046601057351398,3890.458511463225,Band,5.596374814351293,15.049416291723446,-2.0464279933739817
bn081222204,6,10.228000000000026,14.32400000000003,4,False,-0.1276005562718733,0.1886553127116791,30.000350976870497,0.5795323076764909,-1.6170563167758285,0.03493129742575729,4766.369629950252,False,4770.721665835113,False,4766.611944260792,False,73.41574965965357,326.9467235886718,4999.99993139507,0.20558478004795688,4783.869638596219,False,7.993725770999348,2.040526771275169,4765.360650750406,False,9.107155263474132,1.3857396101307464,4760.540077062062,CPL+BB,5.008979199845271,14.181588773050862,-13.257694335427004
bn081224887,0,-0.13999999999998325,0.24400000000001676,7,True,-0.6998646410582814,0.1602666586268362,1865.2843092884011,679.9408888508319,-3.028400597056965,0.357284974282712,2047.4468063347617,True,2052.459679871544,True,2046.111622800906,False,702.8146552739479,174.27680848701098,618.639560442629,1662.6906238883514,2049.22531851647,True,3.227664676228463,0.8528573070737078,2047.3432028116745,True,2.8688286957049587,0.7029033081708825,2054.3114256986373,SBPL,4.1036035230872585,2.148254172906718,0.886304284435937
bn081224887,1,0.24400000000001676,0.8840000000000168,7,True,-0.11107702195928781,0.09406472254291598,777.8709559633916,60.987176546717535,-3.186265625809544,0.20251153087887297,3365.342806552499,False,nan,True,3367.884628641741,False,899.9911014572493,5.586699187150316,191.18724669678076,147.95688312018615,3363.1434421104123,True,4.790376897064435,1.5320131647824746,3366.3165231540524,True,4.834180685347677,1.2963896452271735,3370.495279109305,Band,3.026283398446594,nan,8.741186531328822
bn081224887,2,0.8840000000000168,1.9080000000000168,7,True,-0.17962895626677397,0.05947415988033071,620.9574322306598,31.395657675555526,-3.031616462772881,0.13082423975916813,4498.078500121311,True,4637.323430027183,True,4503.58256942743,True,168.07541062592074,45.98949678351062,540.6666696815122,35.02075569675591,4500.133968950208,True,61.089726695789366,62.22746825419448,4502.078526058249,True,113.38572497769213,3.2182826524504264,4537.370170144345,Band,-2.5936938072845805e-05,103.95325988283821,7.448600477221589
bn081224887,3,1.9080000000000168,4.212000000000017,7,True,-0.44317165278405957,0.0321607711620176,377.21307545980613,14.515610911261376,-2.8473375036798925,0.0918981655062574,6422.295106615155,True,6746.606588137306,True,6422.751915117325,True,161.02264600329028,30.826248135784112,319.8111990369975,64.30243751881446,6424.973644876879,True,1.4098616647926434,0.551413366766769,6426.295092315895,True,57.90141781269832,5.889201597421312,6537.046159340597,Band,1.4299260328698438e-05,213.56042879670895,1.7782702404456359
bn081224887,4,4.212000000000017,5.236000000000017,7,True,-0.6819859732886565,0.06420898561526789,274.99827030765044,25.52862903043416,-2.939945512648463,0.29219565938516445,4255.887672285341,False,nan,True,4256.073939820644,False,14.275411669986868,3.9960697260314104,270.7205409655517,49.63891858535379,4256.878201540103,True,22.34045353129135,25.66863235960526,4259.882381161851,True,41.38642185747944,4.672403559815887,4284.106317465965,Band,0.005291123489769234,nan,3.1957382805412635
bn081224887,5,5.236000000000017,6.644000000000017,7,True,-0.6093073560846242,0.08723742589439154,209.41577081370943,20.61598702465082,-2.764748062841873,0.31537217895159464,4877.404552330013,True,4877.81593040595,True,4875.920143118004,True,39.79094764852939,6.96861465360821,218.1880138202817,30.02688978186403,4878.089364984655,True,12.314104404574975,2.9139493463539763,4877.802504802443,True,53.611807312912546,0.0,4950.452498519343,SBPL,3.6020475275699937,-68.63656811339297,1.8307781333487583
bn081224887,6,6.644000000000017,7.540000000000017,7,True,-0.8161527909363748,0.11639719507050983,206.70759059335057,32.034188600362256,-2.3978421166646666,0.13676861015360653,3836.386969827445,True,3839.390886710111,True,3836.2933748998357,True,11.341523026518143,2.1592678398476073,216.83912851363002,32.92917252637396,3839.6700744397403,True,6.41319855851969,1.733949310808304,3838.5405000318815,True,13.424469073928258,0.0,3847.5352135646517,SBPL,1.84646979556328,-4.14432685454085,0.6233004600953791
bn081224887,7,7.540000000000017,10.740000000000016,7,True,-0.7375310140049859,0.12114067938703682,149.36432524506841,19.869127861867682,-2.3198663269531004,0.07583294497015114,6581.402485898811,True,6676.703002512998,True,6581.075616928507,False,88.26601396583037,29.28665716409562,56.98047696358018,63.48799688357896,6584.964167415041,True,14.230220928202636,5.01442606744458,6584.9792872918015,True,26.721912675905557,2.958176669329264,6619.494811949073,SBPL,0.4231986070099083,61.2081905639252,0.11144951346614107
bn081224887,8,10.740000000000016,12.532000000000018,7,True,-1.1250528049634492,0.2022869880684815,216.91660558347962,103.80330494491076,-2.353075745082318,0.14264513182849692,5229.073872202471,True,5224.272898646517,True,5228.273086312846,False,28.58042111425435,8.891277129989312,4999.999965382167,0.24855457861076502,5223.687153460924,False,18.369732605226947,4.649489096666143,5221.458531544223,True,18.252055666821313,3.573121696677549,5219.054517855837,CPL+BB,11.615340658247987,9.218380790680385,8.585932851922735
bn081224887,9,12.532000000000018,18.292000000000016,7,True,-1.0686306833731012,0.18047709731701705,136.44535886064764,37.440099928629316,-2.2118625838463903,0.060596099906325085,7746.993224823143,True,7742.229012706439,True,7747.105696024242,False,58.91297734594103,37.08787728572904,2325.361386499142,1521.6202143429095,7740.471060717436,False,20.002221295372347,4.483755570774374,7739.8550545088065,True,19.83644488517966,2.7080232220394986,7737.699526101116,CPL+BB,11.138170314336094,8.529486605322745,10.634635306806558
bn090530760,0,0.7560000000000131,2.804000000000013,2,True,1.8939453140538731,0.14548840595526336,114.08490574050087,9.731933701245254,-1.7846620721828828,0.06484034318447629,1893.150516431151,True,1989.7497408450545,False,1895.860679161919,False,73.969926569477,9.022158722406353,4999.949003205599,32.75163485826806,1898.4972031353796,False,1.0078476630184248,0.0030626364294287223,1897.1500019250564,True,41.57106496283458,5.20380429195535,1913.826580790199,Band,0.0005145060945324076,79.92316005485554,1.3634760265395016
bn090530760,1,2.804000000000013,4.980000000000013,2,False,1.899995831702961,0.0018110964557971343,95.84788269898952,4.718602677889756,-1.9290792338055096,0.0700215839964774,1946.052799322822,True,2185.142984190039,False,1963.9385069394446,False,853.3747211113288,149.02257103012892,298.5775651942416,48.37665352205437,1952.8663998991633,False,31.78555442347513,4.282881698257173,1940.1548639816747,True,31.06868256935802,1.4358527346762724,1949.6802150621534,CPL+BB,9.897935341147331,239.46276912788562,15.072107040281253
bn090530760,2,4.980000000000013,12.660000000000014,2,True,1.6757935122278507,0.2593523528396625,71.12867122444348,3.605881953747179,-1.8051571223778087,0.024285346967113708,3146.924703083647,True,3835.592587467642,False,3233.340273483857,False,851.8503840325945,262.4279482360281,536.9405984496611,43.644415994879466,3219.6444486031023,False,24.31578745551374,0.4641296778997752,2989.782831368765,False,24.974017899972576,0.492399011536623,2989.3701610109383,Band,161.14187171488174,850.2224264567035,17.69582488075457
bn090530760,3,12.660000000000014,17.780000000000015,2,False,1.899996944826127,0.0006721708087313871,53.84361866103249,1.9801123309266337,-1.7961723813878927,0.026654196163006794,2904.0149729898144,False,3211.248394367232,False,2980.0873146287227,False,22.288075301116546,2.2541853549096587,311.0210403062911,30.380520682738904,2951.8457193681684,False,17.57548958053711,1.2338663005249355,2775.6556335778264,True,18.938575101051466,0.4584788403664479,2742.017232450947,CPL+BB,132.359339411988,473.2311619162847,32.24159526055428
bn090530760,4,17.780000000000015,24.820000000000014,2,False,1.8999948276766134,0.0013186169014165472,47.89597307227125,2.005628516175932,-1.7463017971982497,0.025818090523141324,3028.228896249058,False,3226.315614525499,False,3083.9336178133526,False,413.20491438451677,175.42399821862466,4998.548123978421,38.298298528472515,3101.7974319972463,False,17.039854700346357,0.48801620587330596,2892.7856646870478,False,17.3013913045888,0.51256488859309,2889.0881653361216,CPL+BB,139.44323156201017,341.22744918937724,-13.863814183893737
bn090530760,5,24.820000000000014,36.34000000000001,2,False,-1.3710865483180523,0.020729394486967756,4999.999864199763,0.4493293456662286,-1.6000000131121899,1.0733402230012068e-05,3621.460049595757,False,3617.198533945344,False,3524.6921659740965,False,22.097329988323363,1.1607358060465032,4999.999999992018,0.000661686723560706,3620.787944055612,False,15.399552941587158,2.031234832938229,3462.043925737088,False,18.64125969086537,0.658447992399914,3371.811015875833,CPL+BB,163.41612385866893,249.38751806951086,-92.09577808151562
bn090530760,6,36.34000000000001,89.46000000000001,2,False,-1.1590005637400833,0.02175882521401218,4999.999944394672,0.06086481540296518,-1.6000000008337227,1.3080314914537539e-06,5088.283125553354,False,4961.099754302308,False,5057.8263980368365,False,12.08755206142086,84.75981635109507,4999.999986193926,0.010876854456910223,5456.897004584749,False,13.448303777935617,17.632448093856336,5320.7445957539185,False,14.90987307975871,0.5982629070909882,4622.09515575427,CPL+BB,-228.4614702005647,343.0045985480374,-395.0706065479126
bn090530760,7,89.46000000000001,100.08400000000002,2,False,1.8998927313925862,0.00967605579046793,38.40918038390555,2.9848033398495453,-3.5204140253095586,0.6381447772523701,3092.9072612034397,False,3094.0480488937674,False,3094.008794976013,False,16.771807337578416,25.089709209296586,39.7473749305807,4.062248009200271,3096.9114866876967,False,25.9597748728876,10.514254488416263,3096.3507157527633,False,9.201757903166053,1.4193237656172282,3095.3163578875096,Band,0.5565454506763672,2.7316910062577335,1.0973082883165262
bn090620400,0,-0.011999999999983246,0.8840000000000168,5,True,0.43370869244145216,0.30242591563671917,185.16438153340087,21.776603959668137,-2.007257166048619,0.15822752209908042,3036.511259105216,True,3098.258918261057,True,3042.0366333457305,False,323.43305294634894,64.81435781946308,218.6385976973842,43.69323896235721,3039.9833922201387,False,7.1044315079564075,2.366084363251363,3036.710656678442,True,43.25487140417171,2.4532700038242226,3034.274619549217,CPL+BB,3.800602426774276,67.98429871183998,6.0532411255917395
bn090620400,1,0.8840000000000168,3.1880000000000166,5,True,0.27524810874259703,0.1135417285922091,134.11513920640414,6.107241640076467,-2.5480733860761298,0.13613221554756216,4826.271893991364,True,4848.341275840684,True,4832.900137633194,False,14.01913332936942,69.95912459640135,130.41084048741243,15.881791219608061,4829.581219876468,True,30.95203110093312,3.8448415490120045,4827.846339170303,False,1.0504277793208747,6.85263720105768,4852.341333050372,Band,2.4255548210612687,-5.72096878386219e-05,7.318917756726478
bn090620400,2,3.1880000000000166,4.212000000000017,5,True,-0.05826831133304706,0.09594635711979568,206.79315142693238,13.473817098580838,-2.3845294786392706,0.1394098344251491,3512.422313555422,True,3605.7946372590663,True,3514.4591546958127,True,31.20995884144616,207.38541107544438,192.76908050007745,10.441120467110323,3516.55067703858,True,36.118627414899336,5.641005763816768,3516.095689005162,True,39.78919517809676,2.4349997714319365,3523.341161778434,Band,0.32662455026002135,86.45347548063228,1.9084776572326518
bn090620400,3,4.212000000000017,4.980000000000016,5,True,0.09797541586142569,0.09112665177100004,207.5077204688476,11.450295372845304,-2.5990598242310887,0.18153642816418825,3138.7650658311222,True,3312.567867386737,True,3142.7854590194975,True,53.66385202846174,19.409036934210143,207.1276703164464,15.527697855063295,3143.4313789690414,False,1.000000143921265,0.00028528979761954787,3139.372112701971,True,44.09954432526403,1.7906035539331278,3167.499504111106,Band,3.39295312915101,149.06836327563087,3.354080050456105
bn090620400,4,4.980000000000016,5.492000000000017,5,True,-0.10588945577416137,0.12449616587518536,173.09410718097,14.001172338661434,-2.2802668850836287,0.1546725576944319,2291.099830032757,True,2421.0808166578986,True,2298.552571540621,False,10.001962819219122,0.9772752816114254,169.36694536604492,9.708338944509563,2296.810316099921,True,18.57129404673025,89.443677865385,2295.099940358049,True,37.181668937720886,2.1127620473268536,2289.861342045507,CPL+BB,-0.00011032529209842323,135.21947461239142,5.742255440700319
bn090620400,5,5.492000000000017,7.796000000000017,5,True,-0.1067796972148864,0.1047443213192356,110.67757168664347,6.223723969323721,-2.237128206950922,0.07962129408393381,4945.393415822697,True,5130.419619278413,True,4958.863271226597,True,105.70668345335761,251.94272028449114,113.18843186706242,5.907608746390579,4952.072698179642,True,25.965698222530257,1.7918249303930889,4937.764652481163,True,24.618880209992486,0.9025138147017948,4941.6318295433475,Band+BB,11.628763341534068,192.78778973506542,10.790573046954705
bn090620400,6,7.796000000000017,9.716000000000017,5,True,-0.5921280710124559,0.1427522461082556,96.72386114912509,9.081866283110024,-2.3073748975471347,0.14649770534464324,4475.963232226653,True,4510.00017293743,True,4480.8896455523645,False,886.1009630225974,221.4730193862233,96.15672776624605,5.708778902405868,4481.83289720491,False,23.029908477315743,2.2201627907939567,4470.357774805131,True,21.30950658653731,1.649033553436178,4471.5078716104945,CPL+BB,9.60545742152226,42.492301326935376,3.0567483474542314
bn090620400,7,9.716000000000017,13.300000000000017,5,True,-0.909509488742843,0.41412015607822683,70.16509241436343,36.07408852328247,-1.6496994821219766,0.04281347947049419,5559.5541720569645,False,5566.002331805008,False,5562.205439655065,True,574.6430170703176,242.17488873991343,2026.6465532086129,941.284422218371,5584.297355852643,False,13.459096050961946,1.6223856522115288,5548.716010556338,False,13.238555490382188,1.2069373723321988,5543.646415483658,Band,14.838161500626484,26.355916321350378,-18.09191619757803
bn090719063,0,-0.13999999999998702,0.500000000000013,3,True,-0.2529467211808656,0.14115915644913274,644.9664426647821,104.83171808383958,-2.839393377794065,0.6078148679228079,1602.0030454366315,True,1601.1014791395478,True,1600.1876528154844,False,899.9792392672286,12.90809552621107,47.40392872749547,590.7573746669722,1601.6503248602748,True,6.593490314431978,1.4684833136765043,1596.1144882622239,True,105.36424165330727,17.577872743403276,1595.08633595644,CPL+BB,9.888557174407651,10.015143183107739,2.5373279552095482
bn090719063,1,0.500000000000013,0.884000000000013,3,True,-0.015590382367264448,0.13506719010179585,378.0383335658186,28.544816330066737,-4.444770910327101,1.0887588072190877,1023.4985222762994,True,1021.6107027204457,False,1023.5164131027816,False,197.4853961036651,32.60609517411487,200.32926149242888,422.48610559135625,1026.1069086686584,True,1.2668103016565804,0.18668462894216775,1026.0290063810198,True,1.2416272084052993,0.14813629911414472,1024.1497704309054,CPL,1.4695158952794145,1.4609322895403238,1.4095044341231642
bn090719063,2,0.884000000000013,2.8040000000000127,3,True,0.08185511684016933,0.06699487220444812,206.65910594318274,7.809881049721682,-3.427270618380415,0.41098014338725086,2757.285499891898,True,2760.5776575712425,True,2755.541548150113,False,885.9229150413121,151.65219527436693,52.680480910903256,49.7669670709886,2769.9642710217827,True,32.8611592480399,5.880059644289068,2758.32923924774,True,34.001321164950646,3.0426805333749503,2757.3039870737157,SBPL,2.9562606441577373,7.273670497526837,-10.42272287166952
bn090719063,3,2.8040000000000127,3.8280000000000127,3,True,-0.27062997361653074,0.07667402466441922,238.99045443144345,17.05156695777076,-2.6830142585845227,0.23048610536184322,2103.964522843583,True,2108.4148753438526,True,2100.9324545319473,False,899.9457298094738,12.121103011141088,55.37956387439289,129.12378654870534,2108.854895574373,True,31.769903185370694,5.1858941558079135,2101.6919893145778,True,31.82426492990275,3.351023879586945,2099.759735613291,CPL+BB,6.272533529005159,12.655139730561586,-3.9224410424258167
bn090719063,4,3.8280000000000127,4.468000000000013,3,True,-0.43936536142510124,0.0654496622851963,364.2594600328588,31.317633381546443,-2.684317193409407,0.25603708674082215,1663.2474854095733,True,1667.2253710955931,True,1661.4263286715181,False,171.96009640356726,20.3715799724081,52.899582206436556,1142.1218690103588,1664.2486797463976,True,45.645610513183875,11.735882318060405,1664.3643548229,True,47.94963918500868,9.063325077399842,1662.766292450086,SBPL,2.88313058667336,8.459078645507134,1.177648925120593
bn090719063,5,4.468000000000013,5.876000000000014,3,True,-0.28250408223280843,0.04504525921683976,249.86887463646656,10.769980092103381,-2.790833195311686,0.1600574666963983,2526.7883427442594,True,2541.7502850800774,True,2521.788398494208,False,127.84770545840874,8.864731262723872,50.64155484298758,94.09394735334949,2522.7716351108006,True,4.917301731768586,1.7000881272643482,2529.75094806374,True,37.41113102610496,3.6946738221477204,2520.0824539097866,CPL+BB,1.0373946805193555,25.66783117029081,3.0167633834075787
bn090719063,6,5.876000000000014,6.900000000000013,3,True,-0.3916681769433087,0.053047895239168225,204.5106535267467,9.74151076599496,-3.00251491797463,0.2607636834971341,2156.639491814075,True,2161.8022657217803,True,2155.7241160363524,False,103.42188339161605,9.524163099526568,41.1990398549573,406.1357665374369,2159.873844710267,True,25.57305595642835,8.438141984208716,2159.1372376546915,True,27.595789131325798,5.8358173833820235,2159.4521940273794,SBPL,1.502254159383483,6.350071694400867,-0.14972867391452382
bn090719063,7,6.900000000000013,7.540000000000013,3,True,-0.47516023392547263,0.07152985570305848,185.07221055638914,10.436691621715966,-3.652278815107121,0.8731981622757083,1592.12017603353,True,1590.8732675659235,True,1591.6631155339358,False,102.44579195241964,24.09498690430918,65.70386069191376,196.00966041198166,1595.5585555551559,False,1.0000691286208936,0.014103099695934818,1595.2552425551694,True,28.81009614880016,7.5968539907396675,1593.679826748528,CPL,0.8649334783606264,1.1934408173954125,0.1045599787798892
bn090719063,8,7.540000000000013,9.332000000000013,3,True,-0.7318886607509095,0.07488993021022544,121.12908770471205,7.607381590893809,-2.7710134150980954,0.25468832521612295,2607.1307026182612,True,2612.283941055576,True,2609.138089926669,False,898.2668192261947,200.5334115497718,60.02178807561849,50.686224117434136,2608.4654088999323,True,28.440212741324164,1.9200063957502849,2603.4147498567145,True,25.197866991816323,2.1101574008831854,2608.891601305792,Band+BB,7.71595276154676,7.392339749784242,4.672681026736882
bn090719063,9,9.332000000000013,11.764000000000014,3,True,-0.9540921428829939,0.14595410629573058,73.56629963569274,9.868125732374956,-2.276470008388215,0.13520433865945414,2867.03040014109,True,2882.969599747218,True,2868.125727826143,True,55.98239414540355,159.63426310345523,70.81201826638124,5.689643128608374,2871.562649744993,True,19.420951988536537,2.6374241692626494,2868.418253061458,True,14.24379673524357,1.7584417492269617,2873.7819770018705,Band,2.6121470796319954,13.187622745347653,0.5630780811497971
bn090719063,10,11.764000000000014,14.324000000000012,3,True,-1.1317508259767781,0.22190283637328279,60.0565935005644,11.698743313698959,-2.251961990274185,0.14500265181855165,2819.099131563703,True,2824.8644616763067,True,2819.535496064717,True,18.39038483429877,43.30450679975488,57.20855561707451,7.893611014309666,2823.4832470969022,False,16.857632976266558,3.8936948135673743,2822.3585438303107,True,12.727860897890652,2.0675756040184723,2822.8667658499553,Band,0.7405877333922035,5.997695826351446,0.052248967814648495
bn090719063,11,14.324000000000012,20.468000000000014,3,False,-1.7573616419152194,0.029017396866838907,30.059889486230077,705.1782064867249,-1.782043881075063,0.03026478572320057,3856.21997012698,False,3854.7188294759444,False,3843.9480993682,False,10.847787277720492,118.68572956337252,4999.929360097426,27.013465874790654,3860.799809942323,False,4.3302788957799,0.7018038517859375,3849.0238526763396,True,4.687480646006099,0.5898543613023399,3842.5287592822374,CPL+BB,11.196117450640486,16.190070193707015,-12.85171057412299
bn090804940,0,-0.13999999999998325,0.6280000000000168,4,True,-0.17827018037230344,0.18704768059254862,89.63515265237378,5.781496386576762,-3.7496111070278344,0.9902399368318011,1561.5063290172789,False,1559.7946072127443,False,1561.7458811623133,True,41.634649130046725,186.53551579823977,85.53168240607785,6.292517636286561,1563.9824245607758,True,22.483018753275786,2.0998339872950478,1562.222870202009,True,21.348674202625617,1.3703405488819858,1560.447668373639,CPL+BB,3.283458815269796,3.346938839105178,1.7634566015374276
bn090804940,1,0.6280000000000168,1.0120000000000169,4,False,-0.10609622996667045,0.16821863069370313,83.35065903816695,4.035125314045523,-4.999968919637058,0.03523356616417006,584.3060206107477,False,582.5236355438733,False,585.8756065803927,True,19.582670397786632,4.330026476233299,89.66393817227728,6.932636274582023,586.9696485613736,False,23.07218875319841,1.7617784448533147,585.9750746062857,False,24.198895991203997,1.6742446895044285,585.0568108203036,DSBPL,2.330946004462021,1.4668247235697436,2.905958019019181
bn090804940,2,1.0120000000000169,1.2680000000000167,4,True,-0.19596962102441967,0.1865960255164632,88.65525394795404,7.046782035722934,-2.870993711591166,0.2904283607304754,70.41694497176371,True,75.08491626753002,True,70.59694728719245,False,49.55293554238324,16.37600483610793,30.014373569743952,14.831890141601452,74.6312594463169,True,10.561490066397598,3.9122394187037166,73.76713904360895,True,18.278103693051175,2.4043551805577685,74.26727933714437,Band,0.6498059281547626,4.817636930385646,-0.03431215912444685
bn090804940,3,1.2680000000000167,2.676000000000017,4,False,-0.3786863418958584,0.042158447112625674,115.04862143176055,2.3729268189625614,-4.999999421558894,0.0015424822650857983,2632.0834899741435,True,2629.8653419507677,False,2635.5862989677316,False,83.27865001365757,3.059707598938303,30.005564227128406,8.452130505651052,2631.787932874371,True,5.644734085482544,0.6833788758611585,2629.219959310568,True,5.467458245777222,0.8811193326335536,2628.7144837381975,CPL+BB,6.863530663575602,5.150858212570256,7.798366093360528
bn090804940,4,2.676000000000017,3.444000000000017,4,True,-0.5683885429008888,0.07173394269101271,112.01433584165146,4.383024173045776,-4.192524263805566,0.7644492810552337,1690.0642255287562,True,1688.6142301034733,False,1690.35682566183,False,92.47189002047936,36.22910796481865,32.080799749496066,122.63273258001975,1689.591208313381,True,4.908218471683166,0.6538394339868989,1686.76256933381,False,4.872997979965173,0.5670446863089991,1685.732555691077,Band+BB,7.30165619494619,6.881674412396251,4.765617348449041
bn090804940,5,3.444000000000017,4.852000000000016,4,False,-0.3650699779639394,0.06936307684065102,89.20183617704593,2.4035649498124627,-4.999781590473779,0.0624162643387729,2513.3701646452987,False,2511.557455313887,False,2516.8159865956623,True,45.97521932031938,10.79469646132026,87.50335620269239,6.5558189956578445,2510.484330209561,True,24.74422813389946,1.1578126851528783,2510.1107752578946,True,25.182658361944274,2.3887734180716205,2509.707625334146,CPL+BB,7.259389387404099,5.849829979741116,10.331656386101258
bn090804940,6,4.852000000000016,6.388000000000017,4,False,-0.4453643956194274,0.10038028719362635,78.08320744288153,2.724957086817163,-4.999765823994327,0.07831518680158966,2567.3399676175213,False,2565.428391534154,False,2568.7458810218945,False,38.47207678043472,2.7272859922605903,36.17573555314807,9.019797442788477,2571.1076158385713,True,25.36910815532983,2.818062657441379,2570.4438882331024,False,9.437979772343077,4.831609868376409,2569.1969527334395,Band+BB,0.8960793844189539,0.23143880071438616,1.6382651833232558
bn090804940,7,6.388000000000017,7.284000000000017,4,False,0.602749114814847,0.4171572923891697,36.31887111971884,1.5917518964599147,-4.999999767986682,0.0008418772914899897,1727.91081993748,False,1725.4809300527913,False,1730.2291172731266,False,17.767624919012395,2.802174705671465,36.99465457747436,5.895943198195571,1731.6566159081208,False,11.37382421745903,1.3212328661617452,1731.6528546951577,False,20.279811478941276,59.098874874549956,1729.4808570161283,CPL,0.2579652423223706,7.303666302505007e-05,2.5725013650057917
bn090804940,8,7.284000000000017,10.228000000000018,4,False,-0.9971192256300828,0.4465936882770888,30.000027349505164,0.008633341527001903,-3.124986803903347,0.6612821819073478,3373.4845312678126,False,3371.190409566442,False,3367.26525496464,False,10.350728552952152,0.5998743312096373,30.00000009807048,0.000704945348079633,3375.260797668663,True,4.644827981132842,0.5343952436398904,3370.4452271943474,False,4.623464942158465,0.4439276979795008,3368.6837696929547,Band+BB,7.039304073465246,6.506639873487529,-3.995542704023137
bn090809978,0,-1.8679999999999843,0.8840000000000181,4,True,-0.49026934580418763,0.2482040470662312,569.2138914684989,187.6311638862789,-3.47774437705023,1.091852649871378,3727.7950880674302,True,3725.8053421205827,True,3727.628939625298,False,17.83907326711026,18.671198217731018,433.80706990982617,150.09097361157865,3731.1375944701012,False,12.032932644737551,2.0399444812986394,3726.5272297562833,False,1.0376805016230712,82.47908369662215,3729.8182632595995,CPL,5.267858311146938,-0.012921139016725647,0.4913451551965409
bn090809978,1,0.8840000000000181,1.6520000000000188,4,True,-0.3617642527837959,0.14340338316700765,378.8735460007289,56.26839692767396,-2.9873142156773027,0.995823881686257,1987.418085032718,True,1985.7141215369038,True,1986.9826752119066,False,88.5940017463235,21.308686204702383,582.8103523177643,103.13890655162302,1989.6473376433048,True,32.290307070113705,12.179493723244756,1989.990906783219,True,92.43651936533703,66.54135474364807,1989.714132757108,CPL,1.4271782494988656,-1.1220204214623664e-05,1.3353375686017444
bn090809978,2,1.6520000000000188,2.1640000000000192,4,True,-0.309256236602105,0.17152780826062475,291.3338264460391,60.83454704880036,-2.080063941175719,0.20056340509741555,1511.74041877028,True,1517.19202646693,True,1510.4085247550497,False,117.09736958144796,28.271882568969325,4999.962199821552,31.633851210899593,1513.9527502589958,False,1.0000025682957834,0.005046419162572535,1515.6512468054593,True,31.66660093468076,5.1000651852448105,1515.1595624791976,SBPL,0.08917196482070722,6.032463987732399,0.4557744960538912
bn090809978,3,2.1640000000000192,2.80400000000002,4,True,-0.3865323599532804,0.0960948902369693,280.5380643691673,33.82001824306619,-2.213748686663854,0.18145902911283573,1850.1351092110829,True,1853.5938452149394,True,1848.9705475011992,True,47.200980216965014,14.069726859953946,377.8131638386528,53.94477239950854,1852.2047079161225,True,16.729615144178453,7.024824258966131,1852.640606116734,True,27.461213864454766,5.40281970166277,1852.1115196827059,SBPL,1.494503094348829,5.482325532233517,0.7658395850767192
bn090809978,4,2.80400000000002,3.8280000000000207,4,True,-0.5589165217474351,0.06569393245452862,244.00481133762585,23.11946353193744,-2.1528814652769954,0.10939922949879399,2559.7701889088903,True,2575.97101902751,True,2557.318838472304,True,39.83787482820585,170.8768958970386,282.81583196118027,29.22570680868435,2563.139725753357,True,30.135940686358598,5.135039730201617,2562.1705156203616,True,62.88396031167818,119.12306209968679,2579.9710182409813,SBPL,1.5996732885287201,7.865287443564739e-07,-1.820887281053274
bn090809978,5,3.8280000000000207,5.364000000000022,4,True,-0.6325350656301133,0.06902845608725822,163.96758197508439,13.339537590319779,-2.2852781745734414,0.12864285626520622,3126.8823988415425,True,3131.5949431187214,True,3125.1621736824,False,69.6132319928697,18.24738694191354,289.2164655332229,78.51131357146049,3125.225576476472,True,18.44565966449908,4.621307781034036,3127.8547163408866,True,18.393025415358345,5.591521779414709,3126.0050943951233,SBPL,3.0276825006558283,9.589848723598152,3.9365972059281376
bn090809978,6,5.364000000000022,7.796000000000024,4,True,-0.9138261993354252,0.059527692314723935,155.15759991290935,12.332814980749518,-3.031824993174487,0.7704480723971567,3625.6512594545934,True,3624.234417755944,True,3625.5623942301363,True,18.885991947280615,4.592205168926289,142.7678348237497,11.96170899157795,3628.3918960377086,True,5.213251519224689,0.6627514365207188,3625.829812548361,True,5.751373762447637,1.5669080783217757,3627.21659656399,CPL,3.821446906232268,1.0178211919537716,1.170498192427658
bn090809978,7,7.796000000000024,9.460000000000026,4,True,-1.0950490723076958,0.1671970821001731,93.53036690111624,20.40366287987066,-2.319280949731492,0.2942349517659246,3054.5457096330615,True,3054.605658534984,True,3054.079654805842,True,11.014870793160263,5.386014456368002,89.96062311901737,14.144135575421764,3058.0015712825657,False,4.24010965947815,0.4050858975844096,3052.1593085991335,True,14.384714911896143,3.1556040503317995,3055.4751685561196,SBPL,6.386401033927996,3.1304899788642615,0.07808352327629109
bn090809978,8,9.460000000000026,10.740000000000027,4,True,-0.9462170265386525,0.28925768185014705,77.28041836316523,16.71777053795898,-2.566097390614994,0.5174626397625397,2581.0067872263367,True,2579.5040706999835,True,2581.0153955288415,True,11.042382468807428,1.4033142535143872,81.14480930181003,17.220826774486426,2584.6161980346833,True,4.743028137702957,0.7965140632815144,2584.037923125959,True,5.000837207676046,2.089012044936913,2583.4010636333055,CPL,0.9688641003776866,0.10300706667794657,0.3991974941582157
bn090809978,9,10.740000000000027,14.83600000000003,4,False,-0.7532419536231162,0.54417707195825,30.000000061530006,0.0013483696441358717,-1.934657006415119,0.10677773885534447,4234.616496441822,True,4234.366574697995,False,4234.536998273008,False,14.507020756047066,10.212658234240447,54.47982263378584,15.506173676157953,4237.813335909262,True,4.265895907108095,0.613739791593295,4236.734783896074,True,5.427533619039862,1.7795594101194248,4237.360335290929,CPL,1.881712545748087,1.0062394070664595,0.7236623637463708
bn090829672,0,-7.756,5.876000000000012,4,True,-1.4198191729974914,0.2705201174889672,87.60251986360255,98.76784602886714,-1.8713608087414109,0.15909674320611744,6431.169751021613,False,6431.653114577631,True,6431.16320483126,False,nan,nan,nan,nan,nan,False,28.026062736948255,11.514320640984451,6434.425651159543,False,17.9328700015101,7.253087767134086,6433.7854442701555,SBPL,0.7440998620695609,1.8676703074752368,nan
bn090829672,1,5.876000000000012,17.140000000000022,4,True,-1.4236526907887856,0.0600993513734156,92.35596810330506,9.102542085970626,-2.7883873160186075,0.5096487635337672,6144.243637905868,True,6143.035380894844,True,6144.475742601271,False,899.9961461506316,47.890217511195885,30.297097059139492,2.105158168255528,6165.21668805992,True,3.82922321789914,0.3040322084186504,6141.052171955398,True,25.448837261063513,8.916670713785562,6145.582377720448,Band+BB,7.191465950470047,1.4530031743961445,-16.74094545864864
bn090829672,2,17.140000000000022,35.95600000000004,4,False,-1.3841090650934422,0.1931425491519162,30.001451521010484,0.16250558889836775,-1.9795690290447856,0.03984364385467554,6787.373609577105,True,6789.560555222501,False,6786.890766413537,False,407.5491921773653,157.03856122641153,31.075529185698038,2.7569593620538733,6790.581790032555,False,17.44683507792364,4.928306088112472,6790.081364706524,False,13.584842737506206,3.910289038904474,6791.243722179088,CPL,1.2922448705803617,2.316833043412771,0.30897638098213065
bn090829672,3,35.95600000000004,39.66800000000004,4,True,-1.4553966261660087,0.031256447810280696,231.38742869062435,32.53437198060958,-2.439975030146082,0.3784537024002652,4711.727925181478,True,4710.852044521091,True,4711.970052982661,False,73.31485716417436,22.762610510521366,30.30611565655679,907.1592542655787,4721.534437896869,True,25.569744613399305,13.62343887095321,4715.690264859927,True,76.01270165219574,64.94493054874063,4714.852167382614,CPL,0.037660321550902154,-0.00012286152377782855,-5.564384914207949
bn090829672,4,39.66800000000004,39.92400000000004,4,False,-1.050058807519663,0.06079454362354447,326.80786270290463,42.08867695519373,-4.999999943266853,0.0017162357142916917,1014.1057375996181,True,1012.074879533611,True,1014.5130476986592,False,153.32560833904006,49.03262633865377,193.9443093165428,588.7027323030419,1017.4680289899155,False,3.7813604201442983,1.1387415942855974,1017.3053489676657,True,3.7897929898809806,1.1909943665109588,1015.2628193024589,CPL,0.8003886319523872,0.8120602311521452,1.0450187087436689
bn090829672,5,39.92400000000004,44.404000000000046,4,True,-1.36197681717323,0.0273269029087978,188.49079613782555,15.913678767502105,-2.4479052886647503,0.1871912157234794,5027.317973827496,True,5028.973479596283,True,5028.103982675394,False,10.685164151917483,0.6472196124049363,204.26349510998557,14.725495125402048,5024.761007771627,True,4.688634027179186,0.30647381060872547,5017.6197851472525,True,5.249390539834294,0.5398162911070457,5025.524868071085,Band+BB,13.69818868024322,7.44861152519843,7.342974903766844
bn090829672,6,44.404000000000046,44.91600000000005,4,True,-1.2110262553448596,0.107462243063008,106.0208354468349,16.906137960750854,-2.235661217425481,0.16382400969296107,1896.6287409075137,True,1900.0791326736069,True,1897.6186309456434,False,10.632891293608576,0.9408794602600121,126.07294038421558,24.40000084257136,1899.4772328046615,True,5.196721931315376,0.4828696082696049,1894.3409535303354,True,20.870581073677606,4.525921581257073,1902.7770260543482,Band+BB,6.287787377178347,1.3021066192586659,2.1413981409818916
bn090829672,7,44.91600000000005,46.58000000000005,4,True,-1.1047601535717684,0.029251798481412572,195.31372823839214,10.891911124105377,-2.8546662195949386,0.33219415043542133,3719.3050029402752,True,3720.112298127211,True,3720.4157690500156,False,10.00000079964753,0.0013908223853356105,180.0767367073519,8.47087222294212,3718.41028461178,True,5.561325211371253,0.7294710100979525,3718.990373317931,True,70.22329015975076,61.465798015793666,3724.112419103709,Band+BB,4.314629622344455,-0.00012097649778297637,6.005484438235726
bn090829672,8,46.58000000000005,46.83600000000005,4,True,-0.9257750791583416,0.07866834094003172,223.16876869357375,37.82272617804274,-2.2727536047863532,0.2366550828340741,1189.1698673010994,True,1189.133429911535,True,1188.6101721766152,True,86.31982433189582,9.285908282195706,283.0008721407536,617.8289514380585,1199.2583001614375,True,22.064366997112444,6.1867200856300375,1191.638552574836,True,126.65216762854159,22.60914914699726,1188.964278885167,SBPL,1.5313147262634175,4.169151026367899,-6.648127984822395
bn090829672,9,46.83600000000005,47.86000000000005,4,True,-1.1841792032824465,0.04627762450723627,209.4290733806695,25.240658696214183,-2.201771209708804,0.12665036818412934,2989.2963972830066,True,2995.2324557656348,True,2988.946711177819,False,899.999375958986,2.8427970060310486,31.79861598143694,70.1331653816804,2992.057518616187,True,4.446226448857786,0.3582801882739308,2982.280553768847,True,4.257150837244743,1.5492777290281756,2999.0373988995743,Band+BB,11.01584351415977,0.19505686606044037,0.8891925616321714
bn090829672,10,47.86000000000005,48.37200000000005,4,True,-1.0303245170773006,0.040361312642587466,330.5956978191148,34.56873207892511,-2.5292775609557174,0.3003197651796876,2089.2586874773415,True,2089.875792623424,True,2088.522569387479,False,162.67917265733377,45.17764167250154,120.09165150320494,703.6000341025789,2092.2796176436723,True,28.548905803794035,7.999359549381225,2091.971256263618,True,28.857238282819825,12.591536185071966,2091.377157513853,SBPL,1.2874312137232664,2.4986351095708415,0.24295174380677054
bn090829672,11,48.37200000000005,49.01200000000005,4,True,-1.1575721100459337,0.056834544147766564,227.8914276153346,37.999022322035756,-2.1628583804677275,0.16449857912525734,2383.632428276311,True,2389.5126663044857,True,2383.364885400675,True,90.131507293528,9.011300328570812,271.4798297224291,898.8991125073502,2390.2478716845335,True,45.564254622731106,62.81720167388963,2387.632546365586,True,22.805831738798688,4.738366691148659,2389.9686489272813,SBPL,-0.00011808927501988364,3.5440173772044545,-2.882986283858372
bn090829672,12,49.01200000000005,49.14000000000005,4,True,-0.9290043497194964,0.07063245177021438,383.43779675218394,65.48633261856122,-2.5516538367519077,0.45076309258732317,133.7473342349362,True,133.38671088751755,True,133.86786167291461,True,160.37938196184209,40.780218048395476,4583.030640608881,1403.5304026089714,143.67139705899322,True,3.8428153039253097,1.0355175283825673,136.37792891802226,True,3.70470322127601,1.1770984922319818,136.54007337315173,CPL,1.3694053169139409,0.8466375143658098,-5.803535386078593
bn090829672,13,49.14000000000005,50.16400000000005,4,True,-1.1984470593074186,0.06637490591943696,197.87001049235852,39.46970450931856,-2.1793979019941436,0.18630153166492835,2999.8531656336945,True,3001.300638295556,True,2999.687001952484,True,87.87670824682624,2.9721934302284083,4791.226797221692,1142.17300329507,3004.633997818478,True,54.74730350489101,10.10442299649052,2993.179917788899,True,7.860484558306517,0.9383948916759279,2992.8695092281096,CPL+BB,10.673247844795696,12.431129067446363,-0.9469958659938129
bn090829672,14,50.16400000000005,50.67600000000005,4,True,-0.9498344118198591,0.04890204959753536,216.26635013029676,19.44223565800776,-2.6136091635968444,0.3021518482836105,2080.6439167410044,True,2080.358165443447,True,2079.990361091062,True,85.09641501287673,3.616698629452337,510.56815103896804,192.02353342756928,2107.7544317069805,True,43.104102747829394,12.60399672608375,2082.9740090208275,False,1.000050696089397,0.016094683577187574,2084.116535521165,SBPL,1.6699077201769796,0.2416299222818452,-23.764070615918627
bn090829672,15,50.67600000000005,53.620000000000054,4,True,-1.2530188850050552,0.03291619175183569,148.8549840154367,11.093582222197682,-2.337101121470556,0.10296182625020522,4526.897560682904,True,4535.800207841161,True,4528.125907206664,False,84.33089606385441,13.881946058506216,60.20098128802646,31.87250650055049,4532.48345341972,False,30.371421184257912,1.8482765245684583,4532.298769942535,True,23.372704438369027,3.6725245657664907,4534.817422642189,Band,-1.4012092596303773,4.982785198972124,-0.35754621305568435
bn090829672,16,53.620000000000054,58.22800000000006,4,True,-1.5380759619593092,0.04601982166403329,136.3459665319908,23.20049413314974,-2.2032197209739843,0.1733209064044524,4964.213106811947,True,4964.471834709959,True,4964.936214521531,False,nan,nan,nan,nan,nan,True,3.9253709002011496,0.28279218765893055,4957.782945662169,True,4.263715222888676,0.5491275977967598,4964.148489808927,Band+BB,10.430161149777632,4.323344901032215,nan
bn090829672,17,58.22800000000006,67.82800000000006,4,False,-1.774285102604974,0.13802954230601228,30.00000922513051,0.03147056585948782,-1.9395358759957309,0.027672155259345077,5917.94403572892,True,5916.18967775976,False,5918.195320097757,True,11.832331287942207,23.37966128137188,61.20106076260071,1262.8679246103184,5922.27504187467,True,3.307765824905045,0.3697582794582761,5919.133397567272,True,3.6202317605079175,0.5468481415801816,5918.633458250657,CPL,2.8106381616480576,1.5562195091033573,-0.07972177691317484
bn090829672,18,67.82800000000006,117.10800000000012,4,False,-1.8999942305948352,0.00850461221056198,30.00000012453845,0.0010313457183528385,-2.093899066708133,0.08836585229377025,8173.681441374516,False,8172.549444877484,False,8168.6674758940535,False,nan,nan,nan,nan,nan,False,4.161427141237604,0.0,8159.935229206087,False,4.14232055803906,0.31567239781867573,8160.24197140907,Band+BB,17.746212168429338,16.307473468414173,nan
bn090829672,19,117.10800000000012,145.46000000000015,4,False,-1.8999952642610007,0.0015145990696319167,30.050386130685947,2.1415393188131713,-4.930943951940613,0.48805176267207306,7302.485063014501,False,7293.954655888458,False,7295.716092174089,False,nan,nan,nan,nan,nan,False,3.3313566685611544,0.5654997357486131,7287.907907083727,False,16.28358950319735,13.316876446506924,7302.206090165888,Band+BB,18.577155930774097,-4.251434277430235,nan
bn091209001,0,-5.19599999999998,-1.675999999999977,2,False,-1.4679262595415092,0.09222374560036828,30.0003739782697,1.4930519328686547,-1.6000000000331938,4.858079316605313e-07,2175.2460355118883,True,2147.685512435472,True,2145.334691370771,False,40.83603723259271,192.4197733136898,4999.983802441615,11.529298333501629,2151.018226516222,True,18.565897222533426,47.29471993787153,2149.191717409828,False,1.0000206596974723,0.00849210168581116,2145.897107506259,SBPL,30.05431810206028,5.788404929212902,-1.68353514545106
bn091209001,1,-1.675999999999977,4.468000000000028,2,False,-0.47797423440012327,0.48633539322454433,106.23477086852226,45.8187062356854,-1.60000000081274,3.184984684767578e-06,2692.589968690615,True,2691.483120513638,True,2689.5536015312973,False,14.899364246396006,4.479574804130517,4999.999613004598,0.6525960601520637,2697.1284943918354,True,15.59110571837509,1.5402597972965308,2676.3851109731104,True,16.612796646337614,1.9230945015645506,2681.59697274424,Band+BB,20.204857717504638,13.886147769398121,-3.574892860538057
bn091209001,2,4.468000000000028,14.964000000000038,2,False,-1.4596855908292214,0.06990143313955666,30.262992764552447,476.8343438724603,-1.6000000024243963,3.334279570998966e-06,3366.7404085313383,True,3349.9283900948644,True,3334.048764576061,False,21.638650729891662,3.3122085717612535,4999.976101315084,5.243165052852419,3340.811229823616,False,20.471812460685328,0.982051976533846,3351.581319054411,True,16.270885000556255,1.2131876500806271,3312.1471143117756,CPL+BB,19.15908947692742,41.78127578308886,-2.7624652475551557
bn091209001,3,14.964000000000038,18.80400000000004,2,False,-0.9244721360406224,0.44821336408870965,50.44755763330628,32.317020931975634,-1.6000000424190022,2.3622264719969088e-05,2401.06178926576,False,2396.555817212259,False,2395.771600668584,False,10.000000739899155,0.0017294906139664334,4999.999934412686,0.28564912311685475,2406.8755761987204,True,9.38231219103009,0.9854569444244392,2382.4288276034854,True,9.258404505158955,1.0825842676478974,2384.0534383415534,Band+BB,22.632961662274738,16.502378870705797,-7.1039755301362675
bn091209001,4,18.80400000000004,26.612000000000048,2,False,-1.4028309711972722,0.17918228381488555,30.114895938372825,10.96567142809576,-1.6000000009037052,1.5378004927235622e-06,3155.0456048063575,True,3102.0593320931453,True,3102.091751996666,False,10.00001778724731,0.005419982069788887,4999.999725033955,0.6253251898383496,3113.6367050983417,False,19.883900882027003,0.0,3159.0447106077368,True,2.4783138270932645,0.6038131805158315,3098.5131235966605,CPL+BB,0.0008941986206991714,7.546208496484724,-7.544953101675674
bn100122616,0,18.80399999999998,19.57199999999998,4,False,-1.3371808473183942,0.28426567700732386,30.000014331505984,0.005391640869209624,-2.4488000991406436,0.1500703952482887,2743.075393125348,False,2758.80157374576,False,2737.303054094008,False,199.75281233559326,71.5035625485632,30.00001249167056,0.008337442405149886,2742.667302999449,False,4.805684721072205,0.4142131672159173,2733.375721706826,False,5.123307558396043,0.48502174163887357,2732.665158714827,CPL+BB,13.69967141852203,30.136415030932767,-1.3642489054409452
bn100122616,1,19.57199999999998,20.083999999999982,4,False,-0.6905214725013634,0.26006959322902445,30.000000057105122,0.0004143558823717086,-2.2673510353322945,0.061123340012823935,2226.225243148936,False,2262.60769126047,False,2226.879771156501,False,826.0301442239172,156.84170947312873,30.000015640449206,0.00992461815094714,2225.030460629273,False,4.609110830708342,0.4713171850193958,2224.1222228899396,False,7.660391351097297,0.8906710134845168,2231.157860865832,Band+BB,6.1030202589963665,35.44983039463796,5.849310527228226
bn100122616,2,20.083999999999982,20.595999999999982,4,False,-0.32145383222932306,0.20921416012045088,30.000266377344207,0.049402416146957506,-2.180624751681289,0.0368369331630769,2344.090859252322,True,2420.1403533133443,False,2338.0198469249767,True,11.938999221381996,0.8079928869602995,39.42447668314789,6.187920340290042,2340.0179750371954,False,4.793568686887227,0.2593213753857584,2332.805398242773,False,10.968143943434525,0.9789887539519704,2365.3226173511816,DSBPL,15.285461009548726,58.817735962162715,2.0018718877813626
bn100122616,3,20.595999999999982,22.003999999999984,4,True,-1.123051542515493,0.10295648846917238,60.159120814489484,5.635346766280094,-2.303124798279297,0.0715854860842513,3898.0971199463593,True,4082.687381873642,True,3893.833739087834,False,10.192094411971771,0.38360562062345327,64.70605591540345,4.187042317625206,3893.300008694251,False,22.036197661424584,2.1761559212648383,3883.9079443286946,True,13.689087850526809,0.8284889430363149,3954.013630772245,SBPL,18.18917561766466,132.6737511013971,4.533730393583028
bn100122616,4,22.003999999999984,22.643999999999984,4,True,-0.919425468845793,0.17644280232592036,52.94529260319557,5.840768482520662,-2.2294067741093753,0.06870123505699754,2652.366592272602,True,2748.6935049610584,True,2653.7857104076566,False,648.4952095769878,241.55706061435225,52.6711256131464,4.896148465908027,2657.2600641554886,False,16.04570648045354,2.5609144275724844,2652.878014562987,True,12.905573419244403,0.9301661574862674,2664.765682790101,Band,3.488577709614674,87.92782217095737,0.5256462521679168
bn100122616,5,22.643999999999984,23.411999999999985,4,True,-0.9361769671219086,0.297286240782782,45.855395674766235,8.834217048989817,-2.171067010032034,0.08086439509892962,2850.645050541714,True,2869.210591724225,False,2849.356717632457,False,74.57329181157913,22.789788632558988,30.01596122353038,7.382603449176404,2854.1351605987948,True,4.345656153050763,0.43815619435071573,2850.418740191428,True,11.313082791039584,1.2638631493349166,2859.923906528586,Band+BB,4.22631035028644,13.286685195639166,-0.7784429663379342
bn100122616,6,23.411999999999985,24.435999999999986,4,True,-0.693124879866605,0.37348019287313217,43.837290176827416,8.94942728716294,-2.210665575658859,0.11119009188503393,3219.7199992198025,True,3233.69280707401,False,3218.6705805425436,False,899.9940860084508,248.190469541891,222.96875650427765,35.538623239164295,3226.413410760882,False,15.314489280708468,3.2123205380678757,3218.9559102417543,False,11.578770484171805,1.1495792711363686,3225.193782465006,Band,4.764088978048221,12.49902460900421,-3.7428302183384403
bn100122616,7,24.435999999999986,25.331999999999987,4,True,-0.8441539370738043,0.37424592583365135,40.76609878170933,7.266635879846209,-2.3134623516928845,0.15947553747222254,2952.108889236809,True,2959.8741363372837,False,2952.127866462706,False,168.3590929322348,155.99824687577245,34.19888988327616,6.685903274857637,2956.2112422070068,False,11.020785735821233,1.8473571010691918,2954.4867010513517,True,9.994166288232748,1.3335558444708973,2953.7299860200806,Band,1.622188185457162,10.144150317203184,-0.08337574430061068
bn100122616,8,25.331999999999987,28.27599999999999,4,False,-0.2206481730504726,0.3715896598024683,30.000102301604045,0.01960595316872471,-2.0739912676322807,0.07300360497227909,4748.436167911793,False,4767.132111990184,False,4752.751045557717,False,nan,nan,nan,nan,nan,False,7.275700017063039,0.7610517021068564,4740.02555083312,False,7.3439170976148835,0.6040662174715452,4738.378883867166,CPL+BB,12.410617078672658,32.753228123017834,nan
bn100122616,9,28.27599999999999,32.81999999999999,4,False,-1.1239365327736925,0.07656779806249336,30.001214375866173,2.036978265221782,-1.666869492668052,0.046974097251869185,5373.427744081214,False,5378.8544492627925,False,5354.079136189909,True,233.90685804933955,209.13517670030018,2175.3288052457524,546.304253101045,5401.870135174413,False,5.30211338306455,0.6950835721042812,5350.999783812143,False,6.720529500835177,0.6021721334512109,5331.501844401295,DSBPL,26.427960269071264,51.35260486149764,-43.79099898450386
bn100130729,0,62.26000000000001,69.36400000000002,5,True,-1.1798508200767606,0.12842305207303517,175.30548431953667,38.21469392062659,-3.652927843082167,1.1131626135093489,5579.532506618748,True,5577.552876991207,False,5578.950912283634,False,302.2949898291177,252.69900256949518,148.3197546576989,26.774846799044482,5582.247516350918,True,30.51437202479069,5.402316725133476,5580.512794174505,False,29.5791000709005,8.788769574021813,5578.681037145273,CPL,3.0197124442429413,2.871839845934119,0.7033959327163757
bn100130729,1,69.36400000000002,72.69200000000002,5,True,-0.9184443482473054,0.09610947676324999,234.3374326090508,35.10894251572873,-3.63718318402949,1.0413239691847094,4248.871492017288,True,4246.972908601998,False,4248.849306869037,False,569.7779634436541,291.00439839546794,208.87120775131316,27.104680243488346,4252.787811701228,False,1.0000000113814815,6.521115611102246e-05,4249.249184383336,False,1.0000000019861495,2.728105431770711e-05,4247.318287918424,CPL,3.622307633952005,3.6546206835737394,0.06149516780897102
bn100130729,2,72.69200000000002,76.02000000000002,5,True,-0.9693163621665148,0.09030612673880561,256.79948912630095,46.97747111885195,-2.370440688644996,0.39680472561421876,4295.58236697174,True,4295.103542051701,False,4296.994068854238,False,882.1118634558654,280.1406970064345,231.6545029623435,36.92870606931807,4299.062588660432,True,3.1526818172258975,1.0698527116100531,4298.531197019927,True,33.6604973777431,8.816321432892268,4297.405469570618,CPL,1.0511699518128808,1.6980724810828178,1.9314801938062374
bn100130729,3,76.02000000000002,80.75600000000003,5,True,-1.1072837653668397,0.12289787591219109,166.235568744025,28.132684353586043,-3.861916371618591,0.9810335482818306,4926.903927587313,True,4924.980060463225,False,4926.260031573382,True,13.049905577769888,421.4287232588438,151.3147728487259,35.56040795719846,4929.99295987158,False,3.90550789374311,0.771405209190853,4925.623915284447,True,3.914837557641947,0.5334686439887342,4923.5945064346,CPL+BB,5.2800123028655435,5.385554028624938,0.26707170180179673
bn100612726,0,-0.2679999999999829,1.1400000000000183,5,True,-0.5030691519287579,0.1765646295384757,162.81019171198076,28.565101616923883,-1.9439149525923929,0.12443248192745604,3495.0199977382713,True,3499.2245400261218,True,3496.097694074059,False,10.599528155093298,1.9815688036850094,252.10846583181745,79.85544824177562,3499.3052682089196,True,6.622111410818679,1.4793980945379266,3497.1755126082194,True,27.919291877356482,4.833938414815297,3498.74007984073,Band,1.8444851300519076,4.484460185391981,0.7924258651391938
bn100612726,1,1.1400000000000183,2.80400000000002,5,True,-0.29261979008821953,0.09905254317649788,149.50560760601746,12.096444173726567,-2.2273230748980906,0.09706819101195108,3900.07052309868,True,3919.2064900634323,True,3897.53251716429,True,29.913231912819164,4.636103572087562,185.49594670140687,17.49150011986076,3900.764249928525,True,9.831246591182378,2.080108476631213,3901.529642703843,True,22.450740049801954,1.851466853144828,3900.948449182628,SBPL,2.5408803948371315,22.2580408808044,0.7682672357650517
bn100612726,2,2.80400000000002,5.364000000000022,5,True,-0.45353304607767314,0.04837978115508346,113.92321057941149,3.3857720058807033,-2.813093546118715,0.12226703334621702,4815.305832534936,True,4841.796689092702,True,4822.838419284139,True,16.093309193749068,0.9214025385025755,115.85897831368463,3.788429788098192,4808.143099916557,True,7.608503406993015,0.47455274907826706,4803.375595121813,True,8.970726030249223,0.7671953193033447,4833.824195240557,Band+BB,15.930237413122995,11.972493852144908,18.69531936758176
bn100612726,3,5.364000000000022,6.644000000000023,5,True,-0.7869662192096418,0.1041739197979143,77.52945265140876,4.378567268141296,-2.9083325505544106,0.2533906639966623,3319.169314527251,True,3321.7153871781197,True,3321.25920498313,True,11.519406280234124,1.2296801618171953,81.85903095763973,7.403729063732428,3318.0446516197026,True,5.262783455145659,0.5722499846962243,3317.813661166415,True,5.416065955554608,0.8158625331699052,3323.415724096472,Band+BB,5.355653360836186,2.29966308164785,7.2145533634275125
bn100612726,4,6.644000000000023,7.412000000000024,5,True,-0.9707563243159851,0.18889038840989752,62.90977719703511,5.711595567351221,-3.1306749517410557,0.6804603122138102,2335.7716816346856,True,2334.7646503585943,True,2336.4467722735717,False,10.376536258885851,0.9211076454341764,71.97553503749722,11.209350186964965,2337.9856999556614,True,4.209078649607157,0.7627864137129752,2337.397653339132,False,4.149142474210026,0.5755940232355918,2336.910751195201,CPL,2.3740282955536713,1.85389916339318,2.4610723179102933
bn100612726,5,7.412000000000024,9.844000000000026,5,True,-1.0932739742170452,0.19075630038974328,54.434939275221375,11.23667565048239,-2.306832451138105,0.24690565645662943,4436.149198748858,True,4435.301083604141,True,4435.805728110993,False,10.445108581421133,0.8043118927233035,67.77250299440277,19.400901614183656,4437.832714204036,True,4.500152314976912,1.0015283225697424,4438.6761672685525,True,4.536503849841479,0.9341997059877098,4438.266714093489,CPL,1.473031480305508,1.0343695106521409,1.9730139069570214
bn100612726,6,9.844000000000026,14.83600000000003,5,False,-0.6195390838942759,0.49926533940250795,30.000043645626764,0.020285915913980546,-2.0734236427002832,0.12290360690629176,5731.114258949424,True,5734.777768963633,False,5731.806408952454,False,nan,nan,nan,nan,nan,False,4.873805077232235,0.5952230579634334,5731.321119117562,False,33.833310975737355,7.436950869424372,5731.52123087265,CPL,3.793139831861481,7.256538090982758,nan
bn100614498,0,-14.213999999999992,-9.413999999999987,5,False,-0.9173625842715624,0.008888195556006784,4999.99991594871,0.029563309025434137,-2.4517799041964192,0.07755169410247764,13080.909639433787,True,13003.147614928865,False,12858.865453067383,False,nan,nan,nan,nan,nan,True,5.844785913751979,0.15289085948039194,9908.887229560218,True,5.109436532232145,0.14078037590803838,10789.860340346175,Band+BB,3176.022409873569,2217.28727458269,nan
bn100614498,1,-9.413999999999987,2.6180000000000234,5,False,-1.002115705324163,0.006769594903665133,4999.999999037082,0.0022274443513197184,-2.2666889505979255,0.04425216315651026,19691.67899916359,True,19317.177918898895,False,19131.946645969692,False,nan,nan,nan,nan,nan,True,6.152703367478605,0.1075058201289707,13474.5417567506,True,5.229500555883875,0.09205129801360146,14992.854428425759,Band+BB,6221.1372424129895,4328.323490473136,nan
bn100707032,0,-0.011999999999979916,0.2440000000000201,3,True,0.07086110476263074,0.23806478680698023,642.2069365541893,136.20841059113872,-1.8901642489397912,0.10512676732088688,470.30175557448774,True,490.700320180737,True,470.2079830523105,True,224.12532259014506,115.53553037953843,4051.3914819194297,1503.5166542409872,474.17773466582304,True,99.41569367959619,20.709954368706228,474.03065046157644,True,111.8394798772393,19.033408108141302,475.8243783375669,SBPL,0.27110511291130024,18.875941843170096,0.030248386487471635
bn100707032,1,0.2440000000000201,0.6280000000000201,3,True,0.29064373303850866,0.12580803150317432,633.0298520145404,50.8609686465615,-2.5475220739703017,0.16779086106560825,1001.8102250759191,True,1013.5605462393655,True,1001.013459088055,True,52.94437072451161,192.87878183900276,551.0884523263793,34.47565726329492,1004.235327297129,True,3.5640816111280085,0.7852542136747167,997.0174637555343,True,116.14584440469473,6.201567822058031,995.6804084536382,CPL+BB,8.792761320384784,21.880137785727356,0.7781317909260679
bn100707032,2,0.6280000000000201,1.3960000000000201,3,True,0.6049200802579956,0.09755475169278688,404.21756027029653,21.385260386520258,-2.289353312843283,0.05788601585035824,1872.0423639296687,True,1956.4104231158194,True,1873.7349517618177,True,222.40779115351285,21.696265606737896,558.9287566548445,116.3978076727474,1863.4775325397848,True,23.507064036601054,54.15377030315091,1876.0424001324036,True,1.9890322575267154,0.44021013099225725,1952.4920467341508,DSBPL,-3.620273491833359e-05,7.918376381668622,14.257419222032922
bn100707032,3,1.3960000000000201,2.16400000000002,3,True,0.49446570631896164,0.07431757186729351,336.2968411122805,15.00669159057827,-2.3497407757362727,0.05886682142442545,1910.592414575228,True,2000.6086981702424,True,1899.555628061817,True,125.90241318344991,9.167527949291923,522.9580038363298,49.89404819302925,1899.7683848077538,True,51.88123122619664,4.973822892774063,1901.4179858852722,True,58.25969845705401,5.920142794056382,1926.2432870108055,SBPL,13.174428689955903,78.36541115943692,3.7872432540632417
bn100707032,4,2.16400000000002,2.80400000000002,3,True,0.35462651013521734,0.0835531222785024,274.95104013140605,13.838403096530897,-2.336944191698071,0.08135986430085129,1583.7945027372643,True,1635.157596387691,True,1578.1919634349165,True,83.92347585318758,9.077522647440219,379.0953986469215,35.678148825158644,1581.2525528429705,True,36.36907923309188,5.214382364960317,1581.0012656670444,True,43.38630921086895,2.029661175264689,1595.8877479640635,SBPL,6.793237070219902,43.269848423627536,0.9394105919459435
bn100707032,5,2.80400000000002,3.95600000000002,3,True,0.35235258532222585,0.07213748830113273,180.18501636194105,6.615140455391227,-2.379806631445268,0.0686683501008778,2193.4472749065726,True,2287.146370572494,True,2205.567665329506,False,891.5176455336313,276.73997555432953,32.30624827184406,2.680144514592696,2188.6053136552646,True,36.51823282415681,1.7287028116231582,2189.37715458786,True,37.138587044525224,1.5591125609435146,2200.6141781567867,Band+BB,8.070120318712725,90.53219241570741,20.96235167424129
bn100707032,6,3.95600000000002,5.23600000000002,3,True,0.15601691367348433,0.07535965317775409,136.56104878009955,5.156040751661308,-2.372528455755721,0.07790169601665409,2193.846763741852,True,2277.586145080601,True,2207.088913828463,False,67.21701039249953,2.492779636062025,1180.2304397895157,1258.4072900719677,2238.2850088049563,True,34.70421807846276,3.437838587355369,2194.051476847191,True,28.125385439060633,1.8854426333885979,2213.587024129335,Band,3.795286894660876,67.99912095126592,-27.19609497649344
bn100707032,7,5.23600000000002,6.00400000000002,3,True,-0.16062915582276918,0.10299487324036644,138.75925809109916,9.554425944753262,-2.259242915055105,0.1019558277748569,1647.7946232103634,True,1690.3690217230273,True,1655.2257024702126,False,67.30574132970305,4.252705198815104,866.0300964468826,954.4947635141801,1666.0861813561899,True,35.63609205747357,1.9447387433543106,1646.9870377084212,True,29.29160245544526,1.3452238230324713,1658.8274133353639,Band+BB,4.807585501942185,35.54160838766347,-6.8604788859772725
bn100707032,8,6.00400000000002,7.924000000000021,3,True,-0.23175834674355972,0.07668048349559393,137.12805044152904,6.8189640034513985,-2.396806233152193,0.09995022562332223,2615.506929435707,True,2659.453456715234,True,2624.500965975451,False,97.95554507865452,7.8638331416769915,83.77803033220725,31.540881668835887,2625.603086473222,True,31.35002754425556,4.038064218681805,2615.926691200378,True,27.634254003930298,1.3986725029508502,2625.0816135260084,Band,3.580238235329034,38.37184318922573,2.8978795022289887
bn100707032,9,7.924000000000021,11.89200000000002,3,True,-0.3261200860594362,0.06855966813685746,123.31483148391249,5.700401894120951,-2.363384845243388,0.10594054955852106,3414.7448967207656,True,3458.246053949108,True,3429.749680049871,False,899.9999909832792,0.4642808509245242,69.71496903470387,30.69083590695532,3423.9262899957803,True,29.30510625220687,1.2770997228652732,3390.447206836366,True,26.227758800391697,0.9378504977124091,3412.746034580948,Band+BB,28.29768988439946,49.50001936815988,9.82339005409085
bn100707032,10,11.89200000000002,14.96400000000002,3,True,-0.6451116631795518,0.10027764567319503,97.81321759464093,7.157845230120614,-2.3370482127570704,0.1274739774823832,2990.0632412639907,True,3011.4739721841433,True,2996.1185853945844,False,425.30881857584956,168.06030776800503,95.05309625737358,6.391539473291303,2997.6680526088194,False,23.829461476451016,1.4082191367786923,2980.895684559601,True,6.342061658692959,1.9478266100432942,3014.8808473913487,Band,13.167556704389881,0.593124792794697,2.4505327857650627
bn100707032,11,14.96400000000002,21.49200000000002,3,True,-0.4847947378113774,0.0938314596813162,35.09968341893007,2.897746962208341,-1.9533787012514476,0.04390749723532328,3841.543209669815,True,3880.2936595339056,False,3842.0113474029067,True,24.528411907885523,7.68782925140246,4960.277059832685,667.9880700177218,3844.894669346465,False,15.792543432875378,3.860208597730894,3838.7993804057196,False,11.155555808379582,1.2481514432674974,3846.109903604596,Band,6.743829264095439,38.18375592930943,1.1166780564417422
bn100707032,12,21.49200000000002,28.27600000000002,3,False,-0.9694018188801367,0.346074888491135,30.00000602291603,0.009543137425506387,-1.837241662784442,0.055279919833361446,3853.502014963123,False,3855.9304304093703,True,3854.9997318557453,True,17.282505186897943,5.667111580674828,4982.128330954683,1113.3822987815324,3861.7733388649112,False,4.043581027352813,0.4531285444302737,3852.739450693929,False,9.416626021328142,2.0872683847873033,3852.447062633365,SBPL,4.762564269194172,7.483367776005252,-2.7736070091659712
bn100707032,13,28.27600000000002,44.020000000000024,3,False,-1.221129268076031,0.3378287103668228,30.00239801364556,0.3787629093499536,-1.7268517136983916,0.04441003522644793,4831.571328906881,False,4832.41851717034,False,4817.036744457118,False,10.000010412416259,0.00570969300092905,4999.990245074572,5.604093644464683,4835.994377442478,False,6.608911458526132,1.0526759935472714,4817.248582153475,True,9.19766210273176,0.5139861618789503,4775.145762045118,CPL+BB,18.322746753406136,61.27275512522192,-14.95763298535985
bn101126198,0,-3.7239999999999824,0.3720000000000212,5,False,-1.324194555512578,0.13364777927811644,34.156888416527,21.617855572425423,-1.6000000238886545,9.168751059940305e-06,6224.759425833806,False,6205.808739164577,False,6205.768065104553,False,nan,nan,nan,nan,nan,False,3.9279403536268416,0.4686816419788835,6177.990559006208,True,3.638185616809004,0.48017567358785684,6182.163409765946,CPL+BB,50.768866827597776,27.645329398630565,nan
bn101126198,1,0.3720000000000212,6.644000000000027,5,False,-0.7658614610978965,0.2873041895570496,30.000001384933782,0.010098386801065118,-1.600000000317772,7.939401048817629e-07,7611.484062222196,False,7607.6387887402925,False,7583.381872746368,False,899.754953796464,54.855595092714736,4999.999999999928,8.673587444718578e-05,7672.787539611034,False,7.773731481791047,0.6712168456636651,7571.0595506269365,False,7.910263791225789,0.7300360022924659,7570.952412174356,CPL+BB,44.4245115952599,40.68637656593637,-85.40566686466627
bn101126198,2,6.644000000000027,9.58800000000003,5,True,-1.2397849930650358,0.07316022123614552,170.66717506125278,42.01661242662625,-1.694234725866877,0.020748263004423007,5956.079467299789,True,5996.886229441525,True,5959.380050771279,False,899.9773872413018,2.7534883496454654,4999.995858359148,2.404713920537233,5997.893210453498,True,4.0354392558757315,0.25360810523850064,5952.44548299624,False,23.798175333928118,2.5074287874914436,5948.827738097012,Band+BB,7.633984303549369,52.05849134451273,-34.51315968221934
bn101126198,3,9.58800000000003,12.020000000000032,5,True,-1.064643522723105,0.05848494193207365,153.22218470953254,17.828498897180395,-1.8078786287691764,0.02653293885177621,5580.433495608955,True,5734.001405767404,True,5589.9519216499675,False,nan,nan,nan,nan,nan,True,4.290231166334553,0.4358117443559797,5579.200879262475,False,26.091770731652886,1.5429780236963229,5581.489704462467,Band+BB,5.232616346480427,156.51170130493756,nan
bn101126198,4,12.020000000000032,14.708000000000034,5,True,-1.0157697158639805,0.04305710304482929,160.07849713420515,12.668748886877637,-1.88281926564692,0.023498284413302817,5880.437301796235,True,6185.919235401925,True,5895.860033416078,True,11.52292587328797,157.9364074886195,4480.52911966011,516.3563609640237,5905.710926159998,True,3.8178274419745386,0.5428554202432792,5880.329457902988,True,28.335303296853684,1.3743274982563936,5891.153208366032,Band+BB,4.107843893247264,298.7660270358929,-5.850892743919758
bn101126198,5,14.708000000000034,16.116000000000035,5,True,-1.053758210430877,0.19639413387638943,94.65436720293928,30.57968809981419,-1.7881105877509111,0.02773532409992585,4640.706626166508,True,4719.713635474768,True,4644.676644085609,False,21.56371385758769,5.780727560057031,4999.999616438353,0.4551432116736578,4664.561676413351,False,21.929391176819653,2.1647256725748623,4626.686805237586,False,19.698558321778194,1.581165436198102,4636.6600592390005,Band,18.019820928921945,87.05357623576765,-15.88503232774201
bn101126198,6,16.116000000000035,18.420000000000037,5,False,-0.1738594439657209,0.2057867207061373,30.000815629408134,0.14949033586487737,-1.6890870300506984,0.014833853940826258,5604.403819303499,False,5626.883784965343,False,5611.238091603236,False,899.9999809598283,0.18957214167909342,4999.999936248031,0.157631889258937,5641.254295178398,False,10.57987735068897,1.329640421938537,5612.707269127086,True,11.08186868015482,1.5428720901734616,5608.322046342015,CPL+BB,-4.303449823586561,22.561738623327983,-26.016203575161853
bn101126198,7,18.420000000000037,23.540000000000042,5,False,nan,nan,nan,nan,nan,nan,nan,False,7441.247676221981,True,7428.539359842122,False,899.5534793728657,57.336202002669836,4999.999981354989,0.04504710698302006,7493.322435665366,False,6.266694193714829,0.8719617648556923,7424.837604734756,False,6.511459591734829,1.0361787381908227,7422.910755012519,SBPL,nan,22.33692120946216,-60.78307582324396
bn101126198,8,23.540000000000042,28.916000000000047,5,False,-1.484739173585576,0.017469789704726235,4999.99996218767,0.15830784858235347,-1.60000002374474,3.533646852615924e-05,7370.411359672463,False,7361.203624423981,False,7352.714712724846,False,899.9227757049509,74.54439508414572,4999.999882081114,0.11300944490358233,7399.776611775001,True,6.174830103917964,0.46029338738237957,7276.767457092832,True,5.916923629953768,0.505647810204199,7297.423651685973,Band+BB,97.64390257963078,67.77997273800793,-43.06189905015435
bn101126198,9,28.916000000000047,44.59600000000006,5,False,-1.1250610730954358,0.017443455255594653,4999.999988301796,0.03725857639574315,-1.6527964052359292,0.03982324558884065,10479.356096764113,True,10474.95697502128,True,10460.903559742677,False,13.054200927367088,248.28848155973012,4999.999974201831,0.03191162893199362,10532.229912754936,True,5.416139427182303,0.4010206357368271,10281.789198210596,True,4.836772014913977,0.3510809409708169,10358.173350120946,Band+BB,201.5668985535176,120.78362490033396,-67.32635301225855
bn101225377,0,77.23600000000005,79.34800000000006,3,True,-0.7956156788647665,0.16919296518080512,466.5773825114138,146.33076196318368,-3.442929944004574,1.1135594285988404,2275.082321202366,True,2273.142923367279,False,2275.2412148462463,False,17.93633820456284,6.437544040779837,417.4326458475875,135.1967296712623,2274.433924495331,True,10.064698341210242,2.2727386080067786,2276.163451176829,True,10.061920072673685,2.1541792844853935,2274.2651221387578,CPL,2.918870025537217,2.8778012285210934,4.807290350915082
bn101225377,1,79.34800000000006,98.03600000000007,3,True,-0.716872270632855,0.05222652211075224,229.77821581395247,17.616350200742957,-2.5044915074215073,0.28734431362472046,4690.05203894426,True,4692.064147302985,True,4691.150368709328,False,10.000439134399643,0.05908916128893171,204.46953884592716,11.071088391476593,4690.457207356478,True,6.941950802599841,1.1737501594232689,4689.841849414013,True,42.14154363073681,9.199019171320918,4693.727341200087,Band+BB,4.21018953024668,2.3368061028977536,4.693161352850439
bn101225377,2,98.03600000000007,102.00400000000008,3,True,-0.8827815674599675,0.21385187432111813,156.2413763708266,44.89528260033711,-2.163828050857195,0.336094437331652,2988.217561975416,True,2986.074548831654,True,2988.1972744974787,True,11.090030204808034,1.584444589137962,176.16209491325708,49.09141401241962,2991.3829104259444,True,6.854676533194623,1.546841709357003,2991.1421664445397,True,7.6176035173261605,2.6579091449300525,2989.612270080435,CPL,1.075395530876449,0.4622787512189461,0.8143640715343281
bn110605183,0,0.11600000000002808,6.004000000000033,3,True,-1.1625141875529186,0.018402118647945387,4875.3899975046115,309.83656331393377,-1.8246901417109518,0.04570077499421199,5309.233088316085,True,5396.866299227455,True,5319.711038054479,False,582.1889978324837,285.05057795119404,4999.999976803897,0.03549354359984136,5352.06656743335,True,24.76740576645826,2.5303592323663775,5279.47440529721,True,35.11326292893743,6.052338332946912,5373.467731493431,Band+BB,33.75868301887476,27.398567734024255,-28.355529378871324
bn110605183,1,6.004000000000033,13.94000000000004,3,False,-1.093505448094884,0.017911442179698756,4999.9999907993115,0.040756271562713664,-1.8140198404746894,0.03937396812170035,5934.902331124782,True,5994.425980605098,True,5931.9956730119975,False,25.274660552090555,118.46521748922267,4999.9996836699265,0.15475966811754915,5964.649783578983,True,20.6821976945417,1.746773926752594,5807.211698135081,True,14.110759847294432,2.096142009969312,5985.4840008446645,Band+BB,131.69063298970104,12.941979760433242,-28.654110566985764
bn110605183,2,13.94000000000004,24.37200000000005,3,False,-0.9902480680457384,0.017138318934243002,4999.9948329002955,0.9312673379859007,-1.7861639594496765,0.0364763950410788,6836.268075442171,True,6960.979656777455,True,6843.3547883218125,False,895.8225557621622,283.89597593224505,4999.999815888073,0.09936922944143589,6876.1871972520585,True,17.72632631832487,0.8606572938433317,6467.809966182017,True,12.569834029407906,0.9029398425817545,6900.512012412168,Band+BB,372.45810926015383,64.46764436528701,-28.832408930245947
bn110618366,0,-4.811999999999998,1.2680000000000078,2,True,-0.7666270136661509,0.3313531999382122,363.5093107832484,199.01399397287832,-1.9419901041334404,0.21370854933814443,2367.2233274338255,True,2367.1527212092915,False,2366.139518524516,True,32.46017972641683,7.776933896954743,3068.383500311133,1143.6758608201271,2368.0212471763107,False,15.230058405038543,2.584185549060382,2366.0839854738224,True,15.235109692520664,2.5788216948077816,2366.4473942965947,CPL+BB,5.139341960003094,4.705326912696819,2.118271348205326
bn110618366,1,1.2680000000000078,7.540000000000013,2,True,-0.9896431921526158,0.21316061545235632,390.7766375228926,199.862238178972,-1.9480656511911105,0.14971353012353683,2391.78154012051,True,2395.0190537642247,True,2391.2342034058365,True,24.959327043840247,4.508418088223284,1639.4213406885947,1273.3221704102298,2392.7699047791148,True,13.385605842174309,3.132823056997517,2392.967150237504,True,18.04014370146275,4.895319861623493,2395.8611114950354,SBPL,2.814389883005788,3.157942269189334,2.4642986267217566
bn110618366,2,7.540000000000013,33.268000000000036,2,True,-1.0405527771660075,0.09163149867976433,336.7506319119532,82.12674219230334,-2.1529587088953757,0.12841573350197844,3465.874696001382,True,3471.091695620628,True,3464.506217570327,False,16.017534879566018,2.342853474428571,493.7335769528691,206.61675378803918,3464.986961434033,True,15.47573308401294,3.4619753196229928,3463.5795221036947,True,17.5560433952915,4.88224460927243,3465.68493342915,Band+BB,6.295173897687164,9.40676219147781,3.519256136293734
bn110618366,3,33.268000000000036,44.532000000000046,2,True,1.8956007950737845,0.1286285812487945,48.486121379262116,5.669371166744199,-1.7564413336948428,0.05653138190158569,2876.6878720977274,True,2886.065450747142,False,2875.9561280374264,True,20.92449887685035,4.655280114964373,4600.906938118062,1502.7484128100969,2878.953625485764,True,48.34324452615967,8.586823029641263,2878.287757431959,True,12.865485203659242,2.385364820819923,2885.7427075324867,Band,2.400114665768342,4.322743214655475,1.0025025516624737
bn110618366,4,44.532000000000046,60.27600000000006,2,False,1.8997814834126763,0.016337570611959396,48.43781323713905,7.234257912805976,-1.7115890243115988,0.06590981265151863,3184.091870468313,True,3198.9214621257197,False,3186.2569144970485,False,23.764986012616806,3.1418288272623105,4999.999165073294,1.5969182380854363,3189.1096056175265,False,11.617782535029772,2.2523394563375385,3188.342197955494,True,21.67023429756265,4.515342674822458,3189.431296542917,CPL+BB,-0.25032748718103903,13.490165582802547,1.1473088795219155
bn110721200,0,-0.011999999999979138,0.5000000000000213,6,False,-0.9432663618416202,0.019047016909254588,4999.999999639299,0.010410475014850817,-2.386429868056653,0.048970518908756144,2872.328013652557,True,2937.042670605767,True,2871.234491769136,False,899.5283215889342,41.470326406491324,4999.999549896435,0.3978347342090274,2873.802135313192,False,1.0000014169153997,0.0027331144173511346,2871.398494332894,True,10.990385910246745,54.28438515305402,2941.042612508314,SBPL,4.9295193196626315,5.809745289298007e-05,1.4323564559440456
bn110721200,1,0.5000000000000213,2.0360000000000227,6,True,-0.9107104721797967,0.0159459514683456,1574.1910943643466,130.00410202968976,-2.711607919157729,0.07084482236844103,4935.936644542519,True,5119.649739605578,True,4946.42657557402,True,97.94577358742899,26.106567278664322,2246.122577102625,226.07280931203263,4870.4038807803945,True,2.3564515078211223,10.82236901704398,4939.936702470112,True,46.1409784348901,7.189141300089798,4982.460481379687,DSBPL,-5.7927592933992855e-05,141.18925822589154,80.0226947936253
bn110721200,2,2.0360000000000227,3.0600000000000236,6,True,-0.7339710728074993,0.04122875573088075,271.4466359203896,18.018195743774655,-2.282481299567842,0.045892694124524125,4148.297664318891,True,4305.046161903065,True,4124.965754924049,True,84.87064433435573,10.8147195943329,1826.3924970887708,639.2578947247097,4087.555003947664,True,30.08825369537719,1.8297493819760238,4090.566818350159,True,31.324533807199316,1.7371065529344083,4109.947571378402,DSBPL,61.73084596873241,199.09859052466254,41.410750976385316
bn110721200,3,3.0600000000000236,3.700000000000024,6,True,-1.0230512568574086,0.05683779902825625,277.59027721460075,35.49760217349311,-2.300811852530849,0.08465142844957052,3056.6681923231527,True,3111.0421695899154,True,3049.7614360277075,True,47.482025978546645,6.956952522284929,1373.6391891559308,538.1771154027888,3036.7093159010115,True,23.789296438822017,2.957185911816323,3041.5340037311717,True,25.399828031917625,2.79893740886644,3052.3267585103363,DSBPL,19.134188591981,62.7154110795791,17.05212012669608
bn110721200,4,3.700000000000024,4.340000000000025,6,True,-1.2746642292653474,0.052748666814432243,547.7349356491676,151.53452375534343,-2.409574897186839,0.1507739998035098,2939.7385616333872,True,2951.238946320821,True,2937.978840492045,True,64.71852221991233,66.23124980678685,3087.8803771958405,1363.825745193762,2930.849650377245,True,69.76870962893227,62.24051249103356,2943.7386560016575,True,26.326764002166573,6.877171996803787,2934.2648373266593,DSBPL,-9.436827031095163e-05,20.974108994161725,11.129190114800167
bn110721200,5,4.340000000000025,5.364000000000026,6,True,-1.317921764270154,0.03391938390746685,971.0513013001362,317.25344319902376,-3.035917645667647,0.4886009679831582,3748.980726292512,True,3747.835643648124,True,3751.303193792663,True,48.78297816674396,100.26866404821097,2134.762030453849,844.0484769202131,3744.281395822702,True,13.834978909808475,4.398908272610223,3747.681589904279,True,27.801086003125402,9.682142629032406,3746.085129598899,DSBPL,5.29913638823291,5.750514049224876,11.021797969960971
bn110721200,6,5.364000000000026,6.260000000000026,6,True,-1.298360635082803,0.05198870188157634,948.8490149349047,370.8812886070366,-2.617555591550097,0.24067735898764964,3407.305298581811,True,3409.2867272786634,True,3407.106381828344,False,305.63319016561684,112.40706185378622,4999.945053347638,26.606709659174612,3403.87250457086,True,6.633460911232753,1.109634858988994,3408.965220889082,True,41.5182834702124,13.644259961215626,3403.5734606801725,CPL+BB,2.340077692728755,9.713266598490918,7.233877257483982
bn110721200,7,6.260000000000026,9.076000000000029,6,True,-1.2487218989564315,0.04773050755604524,681.8980803770206,196.0333114085725,-2.7177117097817365,0.21928789507838942,5507.5396398214325,True,5517.36216290559,True,5507.043368078406,True,78.6659554183193,68.86341052157823,2792.623244112846,1224.786094678514,5496.799290256269,True,67.48857456385943,9.546910134145964,5511.539744313591,True,31.684869778053283,6.986047104868041,5492.022960271541,CPL+BB,-0.00010449215824337443,29.33920263404889,14.244077822137115
bn110721200,8,9.076000000000029,13.812000000000033,6,False,-1.3399339778352877,0.021531517844876058,4454.121477223988,371.54146457538945,-4.9999999997126015,2.1661320106058923e-05,6391.388239261357,True,6388.178550671508,False,6391.928803604354,False,899.998322331551,0.9436134375329175,2954.0426216669775,1252.002572295397,6397.8588526197045,False,24.091035294917585,7.741137633980898,6390.934160158527,True,23.827192879552744,9.55288117603715,6387.7375742755885,CPL+BB,4.4540791028293825,4.440976395919279,-1.93004901535096
bn110721200,9,13.812000000000033,20.21200000000004,6,False,-1.2597548950483275,0.031182948233013597,4999.993318979614,3.334634300443213,-3.874788603290356,0.6417700259267118,6897.6514538670735,True,6948.719585240085,False,6896.766724391788,False,899.9997849699173,0.16223171275373716,3921.6376208418715,1468.1482099319232,6903.446543072704,False,7.286265229431289,3.347304322647976,6901.329888256609,False,1.0000003024735278,0.0019148981366641227,6898.456870313846,CPL,0.32156561046485876,54.262714926238914,-2.679818680916469
bn110721200,10,20.21200000000004,23.604000000000042,6,False,-1.1920237882996922,0.06380453084040738,4999.999661733038,0.5193745336364373,-3.2537525906952665,0.25188236998840474,5705.307950570341,True,5699.499136157427,False,5704.3504688258945,False,899.9796277248247,8.200993471910863,4248.739955486837,839.0816914017075,5707.082718436307,False,8.446334006237361,1.946153552016923,5706.224175341275,True,8.128483031675108,2.3981251380859314,5701.974688074722,CPL,3.0837752290653953,1.524448082705021,1.2677503895874906
bn110920546,0,1.012000000000013,2.036000000000013,7,True,0.13154755774698765,0.2865609187040419,668.0182933098324,145.0978662691657,-2.613004486309704,0.6155375322890784,5202.649104186492,True,5201.598657506879,True,5201.47011673606,False,898.6618048372762,245.7628594244618,529.1117755047809,31.146462319711247,5206.4547802661555,True,3.3474284651548105,0.8795297016974906,5200.980785643205,True,3.0530790450312617,0.8884712101755144,5201.197311644322,Band+BB,5.668318543286659,4.401345862556809,-0.9846635300955313
bn110920546,1,2.036000000000013,4.852000000000013,7,False,0.010011912214609363,0.1028835452692606,529.7543549722961,41.793610124645625,-4.999820035131671,0.16912876302619528,7904.567370390318,True,7902.609531615246,False,7901.537274654393,False,845.2147176233334,236.9969144688813,408.01837988278686,23.482232902914063,7901.769193673117,False,2.6168434173630084,0.37559167673415406,7873.214235654816,True,2.6231540928501094,0.5175413579127675,7871.210892117563,CPL+BB,35.35313473550195,35.39863949768278,3.7680809812754887
bn110920546,2,4.852000000000013,6.132000000000013,7,True,0.29124774769014544,0.14720139710609206,419.310564665389,35.62498089000621,-3.0774995476132743,0.7219323884608293,5860.261561302406,True,5859.340676450363,False,5857.460623802005,True,23.00176438783975,78.12734733916749,330.76666022809536,12.955432061420737,5853.627021158782,True,3.5366883476232784,0.6063172710269675,5827.949459441987,True,3.1985325028207163,0.5978253978645323,5831.145314044963,Band+BB,36.312101860419716,32.195362405400374,7.833602643223458
bn110920546,3,6.132000000000013,18.164000000000012,7,True,0.3124367249279893,0.0620807677291577,358.8337147919053,12.76025762546854,-2.722089224237064,0.14680753125635015,12011.003483788838,True,12019.199884992873,True,11994.366353598187,True,265.17116922013213,289.3807875360789,297.3990272111539,3.531589296155886,11965.637933646234,True,3.5297948381779625,0.29522454407950316,11871.217443790098,True,3.09955432024043,0.2887472279056851,11914.103503162283,Band+BB,143.7860399987403,109.09638183058996,32.728419951952674
bn110920546,4,18.164000000000012,24.180000000000014,7,True,0.25799680867239505,0.07333837597673093,321.85685199678056,11.517265843932336,-4.031690866444471,0.9831889601438664,9831.338232108048,True,9829.615739084064,False,9822.074878341815,True,133.05482326631085,0.0,253.71904154661001,0.0,9813.968586338322,True,3.1051785525264415,0.43525419472934734,9766.8979219369,True,2.821268531146393,0.4930148365283027,9771.698069924605,Band+BB,68.44031017114867,61.917669159458455,12.106292003492854
bn110920546,5,24.180000000000014,34.932000000000016,7,True,0.42951149732669003,0.08181169859626602,265.21783649590617,8.029170713241115,-3.8387171707718806,0.6546854040178429,11156.71263727425,True,11155.829442496997,False,11149.76134154392,False,899.8737206473138,40.52326944144994,219.12052225325704,3.3999769618668267,11146.062453783983,True,2.823287829148568,0.3084928570412513,11087.793339260696,True,2.7437086246179274,0.39895341538732443,11090.402334288743,Band+BB,72.919298013554,69.42710820825414,7.698887759936042
bn110920546,6,34.932000000000016,45.42800000000001,7,False,0.3668683862658817,0.0928547688274135,237.66902429010545,8.028099820870835,-4.999987459868747,0.01833338011583807,10976.593830773058,True,10974.48463728898,False,10973.518099061632,False,518.084046541369,238.52362950978443,199.79531021168643,4.9899866677563125,10968.61149634663,True,2.0955358992639863,0.23112647921422025,10926.656733837715,True,2.0642095643764833,0.289309877419509,10925.432654425684,CPL+BB,53.9370969353422,53.05198286329687,8.906602715002009
bn110920546,7,45.42800000000001,55.54000000000001,7,False,0.6407624079862361,0.11324260093144883,207.66965091892268,6.8574831915976375,-4.9999989376575265,0.00264944309018178,10703.69132367529,True,10701.392044839533,False,10705.525588621122,False,899.9971154330868,4.744710381338962,179.57743487522202,5.386774251665628,10691.856725162379,False,2.2135945389110456,0.2651498556813243,10634.79545694886,False,2.1841746427903663,0.41214540545836686,10632.829747929218,CPL,72.89586672643054,72.56229691031513,17.668863458742635
bn110920546,8,55.54000000000001,73.58800000000001,7,False,0.8432183975953486,0.17652511440773688,172.64665171127956,5.543248809376493,-4.9999999964324395,0.00010115667464338784,11911.862900278564,True,11909.00805305641,False,11917.758738947186,True,115.97886616259575,553.6219166695404,151.94876310707986,0.9019004553637444,11897.995729938524,False,2.7639183156406975,0.31478266854701475,11867.992601404501,False,2.469916918449823,0.2957814741933831,11868.547897227687,DSBPL,47.87029887406243,44.460155828723146,23.763009008662266
bn110920546,9,73.58800000000001,89.84400000000001,7,True,1.1825367038836976,0.2986665658027957,139.8895933036338,6.6884938222502655,-4.499756161584377,0.9446345821720457,11529.365807806429,False,11527.967569210752,False,11530.041470950806,False,888.9416230015411,71.00575461958408,120.80496055668338,4.218256975494192,11529.57242329122,True,1.5898232401881778,0.20775643511168074,11499.668118116668,False,1.4603726187649395,0.17614550495704295,11501.44995263415,Band+BB,33.69768968976132,30.51761657660245,4.469047659586067
bn110920546,10,89.84400000000001,106.35600000000001,7,False,0.6404872564529591,0.4128842142094485,134.84080728422694,12.171210578689617,-4.99990741723161,0.12959641713759762,11386.745238984164,False,11385.09532065403,False,11386.753614547477,False,nan,nan,nan,nan,nan,False,1.7811915646418781,0.27099710913609265,11363.499689021652,False,1.6189551367910238,0.24160746309361048,11363.35429184022,CPL+BB,27.245549962512086,25.74102881381077,nan
bn110928180,0,1.3960000000000168,7.540000000000017,5,False,1.899999987103858,2.606187664355719e-05,150.0700338653859,7.757794220520083,-2.443859610999759,0.3122117584057913,5914.953758549682,False,5956.736611636219,False,5920.910491484059,False,236.48998568482108,25.87301022533356,143.72416047996285,9.175010375426098,5949.148688943612,False,1.0034619249393668,0.6751042926494056,5918.955239507501,True,43.71269483190725,3.5022063801198016,5954.973934827543,CPL+BB,-0.0014809578187851002,5.762676808675678,-24.238197459552794
bn110928180,1,7.540000000000017,11.380000000000017,5,False,1.899999917313326,7.009383631517707e-05,133.7185955879608,5.816236694260013,-2.1055478980465745,0.12471516108501335,5219.083934429985,False,5279.664487553286,False,5230.042019426988,False,231.23341662960763,22.811727093921675,156.89681471463035,15.265322065086167,5260.104776659065,False,3.690233066552025,112.10037672445215,5223.084333027413,False,37.66496262921638,2.7148250172706305,5252.812388299841,Band,-0.0003985974281022209,30.852099253444976,-26.062757232076365
bn110928180,2,11.380000000000017,19.188000000000017,5,False,1.8999999544665613,3.437915141757397e-05,121.43306286708764,4.66873316803963,-2.2255215326392475,0.1500733123132385,6689.2573464409725,False,6775.122393440798,False,6705.352860911633,False,215.73999767528767,10.79782051503443,126.07292289388012,5.433740478214823,6750.672029620793,False,22.26041710402838,13.844128575991302,6723.802936555413,True,38.41865838300292,1.7915044194248608,6801.884951573902,CPL+BB,-30.54559011444053,-22.762558133103994,-41.319168709160294
bn110928180,3,19.188000000000017,24.756000000000018,5,False,1.8999999991354422,7.983914793285862e-06,128.37563844994187,10.186167087772937,-4.999922119807597,0.03964300547070909,5723.04748969552,False,5742.148390111221,False,5726.340521462582,False,232.33391996127656,40.21579709729379,118.557891362172,4.89173859929344,5735.045852813022,False,20.507239967333465,19.36382526647298,5737.452421969989,False,35.514624916409765,3.3486638525228933,5735.71835814969,Band,-10.404932274468592,10.430031961530403,-4.705331350440247
bn111009282,0,-0.3959999999999866,0.24400000000001398,3,False,-1.116187855098651,0.18998070455749655,561.6527441848933,484.8941624051828,-4.998909331013989,0.4290286837790749,1016.3732275223264,True,1014.3627503972491,True,1016.2946497837115,False,11.920965854639924,3.74134402639067,334.03104595718526,162.4953287422366,1019.2552351740896,True,6.546903673945137,1.6542160762675975,1018.582392064036,True,6.5204049678246365,1.530247494391249,1016.7623999169873,CPL,1.7908354582904167,1.6003504802617954,1.039414609621872
bn111009282,1,0.24400000000001398,3.9560000000000173,3,True,-0.8988867325698314,0.07244279265599507,180.47847541216572,17.238995487964004,-3.960018179303507,1.0730495759932228,2927.4564674821863,True,2925.5508794092702,False,2925.5293722228253,True,46.52749999511293,222.65486121410052,157.006982049981,12.642378393615175,2926.4098073221985,True,36.0820981400034,7.494102150315076,2926.232964452608,True,35.51883081990103,6.511394879664525,2924.3367449778107,CPL+BB,5.223503029578296,5.21413443145957,3.119564900626756
bn111009282,2,3.9560000000000173,5.492000000000019,3,True,-0.8377115031354216,0.10163374562941296,134.09850387200564,17.29780056863641,-2.3119658998288957,0.23809714436642326,2052.498046617313,True,2053.587943006943,True,2053.148110314015,False,450.4547005432092,255.56505412215714,128.32387175457256,10.75175490175944,2055.852527805245,False,26.542568088609453,2.27627089105008,2051.873574098,True,58.70778572975486,58.9284317486421,2057.587859026673,Band,4.624472519312803,8.398026989198115e-05,1.2955825087699395
bn111009282,3,5.492000000000019,8.948000000000022,3,True,-0.7485808556360465,0.05113919980001985,113.96702845102676,5.360791191614645,-2.6650066725898465,0.14127773381681763,2945.127830614145,True,2958.4761353036015,True,2946.8880738863036,True,11.127935955664931,0.754131586258314,111.65245378155757,4.969636066186787,2947.5750255536177,True,33.14983315308931,3.4011246888181113,2945.061391067687,True,12.044942746031825,1.5638956050882484,2955.183378417877,Band+BB,4.0664395464577865,7.29275688572443,3.3130483326858666
bn111009282,4,8.948000000000022,10.228000000000023,3,True,-0.9622590341772733,0.0840829013819629,102.87620377005496,7.6466374157036086,-4.037898960562839,1.0714078454781184,1839.026436028018,True,1837.1518986650767,True,1839.1078705094337,False,10.053250550343165,0.538535787431802,101.0559831888169,9.022244404526361,1841.8134653116304,True,4.6237495467512675,0.7752064888065124,1841.9486895530486,True,22.99099293800687,11.101279606263759,1841.0958347466699,CPL,1.0777464749694445,0.056063918406835,1.2944051978033713
bn111009282,5,10.228000000000023,11.380000000000024,3,True,-1.053060439997251,0.12011834922319642,90.79779176860957,9.922187796876884,-3.4025967663204892,1.0634286598372822,1675.4438707032702,True,1673.5879338378186,True,1675.4917884814315,False,10.32969715035145,2.6408482252443353,89.27157938451002,13.821859095187655,1679.8394279083573,False,1.000000085009167,0.00032887997242403433,1678.9784170256505,True,15.115047363055666,7.606155281014095,1677.5508822381728,CPL,0.46545367761973466,0.03705159964579252,-0.34763942692575256
bn111009282,6,11.380000000000024,12.532000000000025,3,True,-0.33649826685181805,0.3719050307127951,55.05395578997717,7.797235922211435,-2.5152790019988505,0.25064273036182794,1628.6782823882734,False,1632.581990616111,True,1629.4801355909103,True,17.385321561047895,11.341661532347999,51.63785349408102,6.722609799302997,1633.059544644023,True,3.509147406568397,1.6702540700878474,1632.5532237755908,False,83.52621425962106,32.35439988649013,1628.6862492340197,Band,0.12505861268255103,7.895741382091273,0.42059094688738696
bn111009282,7,12.532000000000025,15.476000000000028,3,False,-1.022923049127707,0.16847491851662094,60.26409795093221,5.230175952699323,-4.99999924669839,0.003547787590122642,2650.5203886376503,True,2648.4472565234178,False,2651.331687000384,False,10.628206694298177,1.154811161532134,80.77633627972924,6.409226182550071,2647.0785609580917,True,22.249251346028935,5.888936667914623,2653.3449885159744,False,21.137667105295144,1.9846240306805107,2648.2738540972864,CPL,1.1754001216759207,4.173402426131361,8.253126042292479
bn111009282,8,15.476000000000028,18.16400000000003,3,True,-1.1455178933447336,0.4226823689012275,45.27235564214863,11.478192689693106,-2.353908424465426,0.3650316428260678,2553.990112807464,True,2555.3410136720768,True,2554.5078415759535,False,nan,nan,nan,nan,nan,False,11.043389599533784,1.8587244252667716,2556.035607924752,False,3.1667119065387195,1.08998008057289,2559.4320567150153,Band,1.954504882711717,-0.09104304293850873,nan
bn111017657,0,-2.635999999999985,0.11600000000001742,4,True,-1.0984097963057196,0.13464010408975868,1751.055618268054,988.600883966544,-4.031245062959159,1.1617263509988645,3443.9170883124616,True,3441.9381853853197,False,3443.6333610072843,False,nan,nan,nan,nan,nan,True,3.5536226527767636,0.8456656097980688,3443.6858367718646,True,3.5151720790118413,0.7269936136700308,3441.68417538156,CPL+BB,4.231251540596986,4.254010003759504,nan
bn111017657,1,0.11600000000001742,1.908000000000019,4,True,-0.892151548239539,0.11069721681419992,778.6519188773576,248.03411024928232,-2.993976053321783,0.9795949972046067,2871.485660507264,True,2869.7814355203104,True,2871.4872457167016,True,121.53246316193412,150.7577684236133,822.4323764742901,422.84215671625253,2875.557529305946,True,9.435351675350013,3.575999625582634,2874.541716510059,True,9.461092140902968,2.6590850684402314,2872.904106451924,CPL,0.9439439972052242,0.8773290683866435,-0.07028358924435452
bn111017657,2,1.908000000000019,2.80400000000002,4,True,-0.7425505710970632,0.09572859945701695,556.3243941240349,96.58092071977336,-2.7537673516035985,0.7121010605374762,1937.6111609305185,True,1936.3800288682933,True,1938.1066474599265,False,90.61627177710771,60.81986361769007,657.1493893127614,96.6132725900577,1940.2785331839434,True,6.783118652206354,2.788171816972257,1940.9346631909093,True,6.858138916730691,2.3126328409676464,1939.5107641945638,CPL,0.6764977396092036,0.8692646737295036,1.8281142759831255
bn111017657,3,2.80400000000002,3.956000000000021,4,True,-0.6632820740639725,0.06745144721807567,673.4132905533172,96.25471530025317,-2.9349672682207557,0.837255553737662,2448.203644907291,True,2446.5118683742608,True,2448.300278166909,True,234.7759352134887,50.3365108580837,1085.3745995088284,352.362025727992,2451.3956721117056,True,1.7624260651961725,0.3583049350651035,2449.9191729977074,True,1.7219326136324435,0.35416524979324937,2448.3370106435214,CPL,2.2844719095837718,2.1748577307394044,0.9046060552032031
bn111017657,4,3.956000000000021,4.7240000000000215,4,True,-0.8135807714958605,0.052391479785523054,1001.6174729517845,181.03541874853062,-2.9764960093667683,0.6518107312982453,1886.3439469875848,True,1885.692656823775,True,1885.5564423755075,False,415.5542082190354,78.10335956323897,438.4076351019442,296.2230210501511,1888.8736772855564,True,6.659861505833454,2.4338556261194846,1889.4663426511079,True,6.514321702971924,2.672382796572387,1889.40913157577,SBPL,0.8776043364769066,0.28352524800493484,0.68276508995109
bn111017657,5,4.7240000000000215,6.004000000000023,4,True,-0.673750074628458,0.052686165410773755,434.0264721735524,47.284547593115434,-2.3073630229715922,0.16680808794540947,2715.3391501131628,True,2720.8339610170488,True,2713.4783531413514,False,574.8137993159525,264.36985999869364,402.85141977913173,47.09900177998509,2717.896934671713,True,4.618782092039419,1.0191980051244474,2716.6237492406217,True,46.62302258602194,8.392522249969218,2713.9317713175624,SBPL,2.7154008725410677,10.902189699486371,-0.4185815303617346
bn111017657,6,6.004000000000023,6.644000000000023,4,True,-0.7850849192944177,0.11593697802775399,342.83838254106803,102.0596335132723,-2.485302621102833,0.686696548096144,1569.9019743625029,True,1568.9826059541151,True,1568.8236861062776,False,148.61704685423177,30.360295677913456,50.08897324805212,776.6530905519104,1572.2048012396153,True,32.15057311462882,12.747003175716912,1571.317230956743,True,31.92887961221381,8.391764266914485,1569.440903868555,SBPL,2.5847434057598093,3.5417020855600185,0.6188848666622562
bn111017657,7,6.644000000000023,7.796000000000024,4,True,-0.742791396740912,0.07787291066985386,258.3753082417563,24.615696531345577,-3.2570659618787263,0.9281065714116807,2289.673590857352,True,2287.8903646904737,False,2289.3353907436367,False,12.355740259654317,1.4752261358669267,237.36911456122172,20.331033895596363,2287.344681281147,True,6.912169554249542,1.3151212940728283,2289.4690060167304,True,6.887220119875418,1.578002621147546,2288.574485809881,CPL,4.2045848406214645,3.3158788805926633,5.990709462489576
bn111017657,8,7.796000000000024,10.228000000000026,4,True,-1.1028865999365993,0.0799324058805112,328.8135997404459,75.45473207812339,-2.4377319109743576,0.520245718393486,3316.716648044384,True,3315.3552211065053,True,3316.5257209920665,True,12.880264895828082,117.7755584580029,287.5860243390501,18.636134416565042,3320.3099186305585,True,2.926345256502461,0.5019573461423457,3315.9818017112157,True,2.8435079902236837,0.5352877150745237,3315.525172201989,CPL,4.734846333168207,3.8300489045163886,0.21580236150794008
bn111017657,9,10.228000000000026,12.916000000000029,4,False,-1.3260454800669756,0.12503637239842746,285.71947481546334,124.38905830385414,-4.999846915566198,0.17765536468049303,3378.4281068963455,True,3376.4198396266484,False,3377.902078248151,False,nan,nan,nan,nan,nan,False,4.411954009350696,1.0576882015143638,3378.905552310559,True,4.418327670598824,0.7647099868353147,3376.8703626776373,CPL,3.5225545857865654,3.549476949011023,nan
bn111017657,10,12.916000000000029,16.436000000000032,4,True,0.2931555463621065,1.1415325325115138,42.80015358479036,14.862837176624343,-1.938375142240046,0.18320984985702804,3734.46063761415,True,3735.822427582037,False,3734.8440531150136,False,10.290347744417113,49.93814298608645,131.23794336654925,98.16824611844248,3738.773399432632,False,3.6094917518817797,1.1195709654256891,3738.2138147140176,True,10.176153786825042,2.191702979142224,3736.2825351500196,Band,0.2468229001324289,3.5398924320174956,0.0706536823818169
bn120102095,0,-0.13999999999997925,4.340000000000025,4,False,-1.4236859234707933,0.01931664637489372,4999.983250266847,5.855870529082949,-1.6000000006560409,5.645145163657439e-06,5234.157929411411,False,5235.595036711315,False,5230.791034140145,False,10.000008249895805,0.004083390827978484,4999.999989800011,0.030681618027301738,5289.372574901492,False,1.0383088137253167,0.39325413700958034,5238.157911708435,False,14.479535670375304,2.9064076162025536,5234.398210596639,SBPL,1.770297603798099e-05,5.196826114675787,-54.58154076134724
bn120102095,1,4.340000000000025,4.596000000000025,4,False,-1.1647444013719888,0.15535323488006025,444.98695073658064,331.953272823948,-1.6000000424477707,0.00016046477139908255,1085.6161847423036,True,1089.0178805633523,True,1085.9076070520603,False,10.000087234560645,0.018092081230037138,4999.999983238169,0.2169753827229215,1097.2982252665408,False,1.2327088099136463,0.1561875477681528,1088.7907057579614,False,42.50820357551856,14.649236579784164,1087.6640370777368,SBPL,0.8254789843422259,5.353843485615471,-7.3906182144805825
bn120102095,2,4.596000000000025,5.620000000000026,4,True,-1.011772147106938,0.07407222832207672,418.000923200489,118.92673561007061,-1.7747004212569908,0.05426470143920792,3250.0141273229847,True,3325.1185952467667,True,3246.8728292229684,False,19.440900000211943,3.444704812088064,4999.998761041469,2.262753670798247,3249.6446665603635,True,3.686203712318434,25.422408094654863,3254.01407075104,True,34.60632456489158,6.629751086659075,3290.6085906186263,SBPL,5.6571944696770515e-05,38.51000462814045,1.2281626626049729
bn120102095,3,5.620000000000026,6.260000000000026,4,True,-1.1370005878579519,0.13851055173976334,283.3313264472565,172.83814605458457,-1.6382508493556296,0.04077798595380511,2420.7221010891226,True,2432.99545732392,True,2420.937042145195,False,11.420368363047645,1.6528808887104685,4999.997005942922,2.04648754519485,2435.274225840718,False,49.2104124568245,0.0,2440.180229534677,True,35.93138170333771,14.366410732366807,2425.731312174499,Band,-15.458128445554394,11.264145149420983,-10.337183695522981
bn120102095,4,6.260000000000026,7.540000000000028,4,False,-1.2286195196007357,0.14692297010735078,232.87936172713714,157.13580299698765,-1.6000044206702215,0.0010651730360328182,3388.846582040801,False,3396.6177212702523,True,3389.648065140733,False,10.72260844372873,0.7498909512902596,4999.999999879553,0.007437134891461028,3411.060375899633,False,5.140436822922724,0.6637465651986019,3388.264385942329,False,28.657950683871732,6.407556007449882,3389.1350812375304,SBPL,4.582196098471741,11.482640032721974,-17.412310758900276
bn120102095,5,7.540000000000028,11.12400000000003,4,False,-1.368525386667596,0.03250093216818706,4999.9983678006265,1.0758669078568346,-1.600000016700988,1.5016662875066977e-05,4900.997002793408,False,4894.050157247526,False,4893.2666660560635,False,10.000020491315947,0.006591265005027047,4999.999720167287,0.1566184371390591,4962.489183510361,False,8.332466742818355,1.2394395905268274,4885.15689770352,False,8.300684251271548,1.7049689623309154,4884.757801745034,CPL+BB,19.840105089887402,13.292355502491773,-65.2225174542973
bn120119170,0,-2.379999999999974,4.596000000000032,3,False,-1.0767352111106894,0.03942261781140943,4999.999886148233,0.13924336424997819,-1.60000000127175,3.13528979178912e-06,3852.097288557324,False,3804.9198801673297,False,3805.5949980128185,False,837.9374955011896,176.78031744469718,4999.99999911567,0.005990351608033961,3934.312363378745,False,17.590611696238387,1.5432511506680626,3771.711603306176,True,17.054622159375814,1.5969244428887501,3762.8601917106307,CPL+BB,84.38568525114806,46.05968845669895,-124.71736536592653
bn120119170,1,4.596000000000032,7.540000000000035,3,False,-0.6710198416043663,0.2269212926664951,165.92561948862107,54.66825953563293,-1.6000000139658455,1.1460368182447667e-05,2903.5376929860677,True,2921.9552111810594,False,2896.4193975720873,False,17.792421372339252,1.7514124675761593,4999.999942197282,0.09286879281353322,2932.935314933681,False,26.172806091583713,4.367440782615644,2898.527986527174,True,29.383263533622287,4.751729055543267,2891.5618935307784,CPL+BB,9.009706458893561,34.393317650281006,-32.51591736159389
bn120119170,2,7.540000000000035,12.78800000000004,3,True,-0.7891902138261642,0.10978292293934983,142.13186017113668,24.343220162320648,-1.6158893832549448,0.014783012108235405,3655.361998222863,True,3766.404839575729,True,3665.8684167839674,False,22.745449128894666,4.149003224130386,4999.999818227122,0.120393718043033,3738.728117745911,False,27.63285881356643,2.0062589844269123,3621.8346737627085,False,28.162094726878827,1.7075918301629116,3605.3357959328027,Band,37.52732446015443,165.06904364292632,-68.85970096194342
bn120119170,3,12.78800000000004,14.19600000000004,3,True,-0.8952954748617789,0.13094882921042705,159.7786295113926,37.127240354895456,-1.666521208672635,0.029823268791873803,2227.3021405747595,True,2261.203803496369,True,2231.083530380141,False,25.007552454955196,7.999240642909857,4999.999444163566,0.5008482154557896,2242.5786067880235,False,25.683240970225196,2.8458034952284716,2218.4843967597235,True,26.89546802882149,3.1142109485083367,2215.4995425786046,CPL+BB,12.81774381503601,49.70426091776426,-7.495076407882607
bn120119170,4,14.19600000000004,15.604000000000042,3,True,-0.7618208173014012,0.08643189284310604,209.52664963831427,29.716655523329962,-1.780706628270173,0.03423944305789384,2268.170006263019,True,2365.8388306346706,True,2269.8554642696427,False,50.488447665205,17.92210933899236,4999.975999270194,9.141003357666705,2273.9733938951426,True,12.45226576384448,5.520883114778242,2271.974949164578,True,34.078753416408645,3.0236230935915813,2275.499114422579,Band,0.19505709844088415,94.33971621209139,-0.11792962549998265
bn120119170,5,15.604000000000042,16.756000000000043,3,True,-0.8208913768027576,0.10215606019427498,211.44809075187234,40.14239498618217,-1.698804669682725,0.03397693060717755,2002.1607911172475,True,2057.0696755873714,True,2006.4642391367156,False,49.97192006562728,17.525624890203446,4999.9998920046555,0.26035709947336727,2019.5746635904025,True,34.21859933598296,6.061679631473314,1999.4051139392468,True,35.042263129466185,3.4929296433947155,1996.7592344598438,CPL+BB,6.755677178000724,64.31044112752761,-9.110424453686846
bn120119170,6,16.756000000000043,17.396000000000043,3,False,-0.5424148199952079,0.36001858024407407,133.48633855370517,60.6606845684266,-1.600004207550767,0.0013111845251481125,1332.2662628165444,True,1356.6183208061261,True,1332.5439923356244,False,22.955732127425236,3.5079211767860805,4999.999612050081,0.6651150971374591,1339.4761778311,False,24.96331920893185,3.2469129267877896,1328.2810336220305,True,27.119585834348246,3.5736797843203956,1331.3505710220597,CPL+BB,7.985229194513977,29.267749784066382,-2.932185495475551
bn120119170,7,17.396000000000043,19.956000000000046,3,True,-1.3605702415753682,0.01574751839134436,4146.982912485757,649.0446725788879,-2.0480586642060628,0.12827104342651474,3032.67188266671,True,3040.6611692859306,True,2957.3034499870455,False,23.69629022522138,2.0900303633798405,4999.999989222672,0.04453370875307883,2964.7757039618177,False,23.96998866977454,1.9121693575674978,2931.7037134223588,True,25.41402842109959,1.9813111890066981,2928.5488188768545,CPL+BB,104.96816924435143,116.11235040907604,-3.4722539747722294
bn120119170,8,19.956000000000046,23.02800000000005,3,False,-1.4745665933841596,0.017053580926994272,4999.999948590657,0.30020680919005827,-1.600000218157847,9.70416618144565e-05,3163.717209232178,True,3148.3407068887172,False,3152.72655173925,False,899.8156990191645,45.61406877001161,4999.9999999999945,2.6533092750469223e-05,3168.0516290834407,False,12.689422149026763,0.8608827397663612,3115.359851573895,True,13.669074648912597,1.1246644144557685,3098.1815502468075,CPL+BB,52.357357658283036,54.1591566419097,-11.325077344190504
bn120119170,9,23.02800000000005,34.93200000000006,3,False,-1.361850341250533,0.012547971307737105,4999.999849117242,0.12178997461796826,-1.600000014868755,6.741552853739563e-06,5422.892540027062,False,5324.356685357734,False,5304.717714905327,False,10.284670802861909,41.81316364417853,4999.999990375228,0.012767991102009546,5538.36917807419,False,12.615279548826775,0.3452870916564956,5080.12930486384,True,12.245634835423747,0.4197432655247386,5096.132062027936,CPL+BB,346.7632351632219,232.2246233297983,-229.6514631688633
bn120119170,10,34.93200000000006,41.716000000000065,3,False,-1.0963251398767286,0.02214140110684093,4999.999998978688,0.009022217760502826,-1.6000000000217067,4.951194580993246e-07,4324.330912031895,False,4270.717499544441,False,4265.385080253251,False,899.496090976997,233.4147960412942,4999.999998216748,0.0081223981273979,4388.097626596376,True,12.379444477383732,1.01959335222785,4147.104415615675,True,9.485563092806268,0.9835149221139989,4209.983692315944,Band+BB,181.22649641622047,64.73380722849743,-118.71254634312572
bn120119170,11,41.716000000000065,50.48400000000007,3,True,0.3581934372673052,0.3062755995806806,3222.82504396878,328.88164450896807,-2.0977782519827968,0.07259059344341345,4691.138254689449,True,4765.518727532259,True,4711.065473962482,False,139.27579909288838,0.0,4999.772952780295,0.0,4693.335263334225,False,11.706119938652531,0.7487174644624988,4467.865818563507,True,9.39833271998278,0.7951279850689863,4683.218964884336,CPL+BB,227.27243612594248,86.29976264792276,21.730210628257737
bn120130938,0,-3.4039999999999786,4.340000000000028,6,False,-1.1567757362109252,0.02836470061365104,4999.9998941654585,0.20018151407293772,-1.6000000120480131,1.244340473316452e-05,10201.927820709108,False,10199.824613504014,False,10189.878613086334,False,10.000036984459054,0.01379515885068372,4999.9999910424485,0.02803824620696105,10289.445050112248,False,9.721710869999228,0.9671551651472168,10169.573802942661,False,9.069196387128235,1.4611577300946519,10193.497066073083,Band+BB,36.354017766447214,10.32754743093028,-95.56643702591464
bn120130938,1,4.340000000000028,15.092000000000038,6,False,-1.5123294287976827,0.047332164583141045,31.81080987036469,355.7625573304163,-1.600000000016957,7.890042130753727e-08,11840.774744728958,False,11510.56998816648,False,11473.215236037693,False,11.75344479686842,0.8793401532605367,4999.999999192065,0.006150104968583037,11646.713699285323,False,40.59182249728775,5.346507409691355,11819.417204139601,False,20.69835487266631,1.972993565887334,11480.807243796711,SBPL,25.357540589357086,33.76274436976928,-169.49846324762984
bn120130938,2,15.092000000000038,21.300000000000043,6,False,-1.2827340893274444,0.019957060267445148,4999.999987654172,0.05698608228476587,-1.6000000339310805,1.4851689289052672e-05,10142.413105359235,False,10126.146255190539,False,10117.052970046308,False,10.000009351719019,0.00283932316160751,4999.999999681944,0.004697311809195526,10246.570032718339,False,8.439496574436081,0.8476871747198835,10096.251948817075,False,7.623746534100575,1.4943652356508035,10103.444983818343,Band+BB,50.161156542160825,26.70127137219606,-125.51706267203008
bn120420858,0,-1.1639999999999802,10.48400000000003,4,False,-1.1212145472623885,0.02513760809880594,4999.99999745648,0.021434105511616508,-2.228744138952552,0.19118058565182228,5781.385346158592,True,5766.36336457196,False,5773.377818414544,False,899.9575798633821,65.82457951660433,4999.999852284738,0.17351282113168054,5776.000000172613,False,9.843538386802754,3.0196900033850076,5782.513421358986,True,3.5852276439497235,1.2915530643817907,5769.696586027987,CPL,2.8719247996059494,0.6667785439731233,1.3778182419309815
bn120420858,1,10.48400000000003,18.036000000000037,4,False,-1.2905090682198896,0.051993444566650227,4999.950062155724,24.60355717647235,-4.999814852295458,0.1293151906801393,5094.805753928778,True,5092.779986531907,False,5095.114901361705,True,10.978684434961792,257.0666962001727,4514.726303967672,545.3977521511804,5098.270128607358,False,9.50460299036555,1.6967782479796445,5094.408632259715,True,9.500660054240837,2.0210779278356363,5092.358285391878,CPL+BB,4.397121669063381,4.421701140028745,0.8447727543471046
bn120624933,0,0.05200000000001376,4.852000000000014,6,False,-1.2345199442664607,0.03270254569176145,4999.9994340431485,0.41076225337792494,-4.999994802928265,0.005511726395598604,6602.814875363099,True,6596.143263183612,False,6605.928917523542,False,899.9999956590872,0.05859305816068172,3271.020178760989,1411.9660707414635,6600.269861055865,False,1.033826909089166,0.01052339237166744,6606.814982159778,False,1.0043405401153063,3.271072897309609,6600.143423902133,CPL,-0.00010679667866497766,-0.00016071852041932289,9.659056467677146
bn120624933,1,4.852000000000014,8.052000000000014,6,True,-0.998517065208031,0.042236245342506584,1629.0523124342403,342.6663723751434,-2.6052536519872,0.16163475515738424,6006.668420289903,True,6021.611853115865,True,6004.244279723547,False,555.4006354320147,88.04703073270394,4850.258196037962,1483.801292782922,5994.858048812342,True,52.33320080057985,18.800418847953367,6004.639853965863,False,1.0010260220335752,0.04515169329523916,6025.6124751487905,SBPL,6.0285663240401846,-0.0006220329250936629,13.38623091120553
bn120624933,2,8.052000000000014,8.692000000000014,6,True,-0.7152443868184353,0.08431874389619815,731.5053361374481,135.7622324376082,-2.161733278002271,0.0862689299354038,3022.439412353496,True,3051.520724604656,True,3021.279447929108,False,345.3260261527075,62.21749279241149,4246.944081381555,1397.4773287501555,3015.9820149203165,False,79.13726125987193,16.632296456513377,3020.530973435674,False,1.0001435722512035,0.1490529716259532,3055.5206074623748,SBPL,5.908438917822423,0.00011714228139680927,9.297433008791359
bn120624933,3,8.692000000000014,10.868000000000015,6,True,-1.205457349394564,0.039612321832434905,3309.1210034674787,793.399430354043,-2.8123307586622204,0.33032320635897383,5094.6239180677185,True,5095.401207628177,True,5094.116925728044,False,631.9016378180327,180.55144995091965,4999.776926732775,223.65513663058255,5088.775087659538,False,1.1001684686371074,0.12138161428155203,5097.788534882666,False,1.0010251300811437,0.08850353747969686,5099.0131297258,SBPL,0.8353831850527058,0.3880779023766081,9.34183806850615
bn120624933,4,10.868000000000015,12.532000000000014,6,True,-0.7954225881037613,0.042876874744833704,702.2980798979482,81.26424308759516,-2.3565427394832614,0.06980921623654668,4904.1554180285575,True,5009.962807878964,True,4898.029049348736,False,270.28357016205547,30.911031473933335,2504.122246058446,1221.956296409613,4881.754337457397,True,1.4039345123084055,0.2209877945461457,4907.345239069346,True,65.79852569028287,7.497242100790899,4905.80436137342,SBPL,0.810178959211953,108.1584465055439,20.274711891339393
bn120624933,5,12.532000000000014,13.428000000000015,6,True,-1.0725182780779405,0.05333328715690866,944.9396397458327,247.01573193241512,-2.3787199490053403,0.136577199097484,3639.833795843974,True,3653.7713876493767,True,3639.415341093958,False,317.61323574507367,67.04606567877644,4989.943830574553,204.1465241249689,3631.899085312752,True,35.91769492075164,5.114893990979473,3633.9235886621327,True,39.779599297675695,8.98292085847518,3633.214090118147,CPL+BB,9.910207181841088,24.55729753122978,11.516255781205928
bn120624933,6,13.428000000000015,16.884000000000015,6,False,-1.3413052048740313,0.016143358833355492,3785.3656724687844,466.8224716003126,-4.999894647277867,0.023245660770049525,6224.7370376696235,True,6222.577780698679,True,6183.863955401518,False,280.75461362120245,46.30271547160993,2883.947256274085,1546.5650447399587,6173.288537677606,True,6.342000955604029,1.1282200645756695,6186.321117080994,True,61.24920947902644,11.006654471359592,6174.038721746612,CPL+BB,42.41592058862989,52.539058952066625,14.575417723912324
bn120624933,7,16.884000000000015,18.804000000000013,6,False,-1.3851755051775367,0.029980247327807352,4999.999957994077,0.11327463740371968,-4.999921182543905,0.08018626482194513,4996.470342253034,True,4989.503554884037,False,4998.6605293406255,False,899.9999986737778,0.014918068146812402,4888.554149326548,1401.9130060467232,5001.008300356305,False,4.8307852038224235,1.3976746172213332,4998.561299286678,True,4.744903274016933,1.5690221996543747,4992.214665076723,CPL,1.9090429663556279,1.2888898073142627,1.6522289843205726
bn120624933,8,18.804000000000013,21.236000000000015,6,False,-1.1817081119025226,0.04434663817996365,4999.999061105758,0.5636685630688589,-2.7214620122938347,0.19167226069009047,5447.250124677436,True,5428.753984324241,False,5453.3276672250495,False,899.9993070618434,0.24272305687424023,3063.240347277024,1171.849334311647,5448.962499639036,False,1.0000001769422373,0.00039432026176222656,5450.116415783051,True,8.073553259220251,2.1868166196237047,5430.924512642655,CPL,1.1337088943855633,1.8294716815862557,8.36516758601374
bn120624933,9,21.236000000000015,26.228000000000016,6,False,-1.0708546428188164,0.03782083267188596,4999.999970742115,0.06389420466575757,-2.7531820829194182,0.13229692305458096,7052.978434464128,True,7012.040291924551,False,7046.77481505735,False,nan,nan,nan,nan,nan,False,7.366810548967507,1.210120120959287,7050.873480367065,True,7.146714152875246,1.7082736418402078,7013.5672479520435,CPL,6.104954097063455,2.4730439725071847,nan
bn120905657,0,0.48800000000001376,24.296000000000035,4,True,-0.24264601998273833,0.14216758486586367,100.01666995882954,5.9281138972519685,-3.459843995412954,0.677792308474741,6139.3187280339,True,6137.977990314101,False,6139.833598255597,True,14.269676406328811,1.0807397752807137,100.51329405169429,6.608467401283086,6140.460041141563,True,37.721253836470275,11.254157563056458,6143.094407284707,False,6.680582619791542,2.1163861071487444,6141.463823044221,CPL,0.22432074919288425,0.5141672698800903,3.3735571140341563
bn120905657,1,24.296000000000035,41.83200000000005,4,True,-0.5409624245017135,0.2835199538700261,78.97212293791848,10.691169516806049,-2.8783491640619014,0.5574732112370733,5630.021690373179,True,5629.394251236056,False,5630.918305124374,False,12.732943214402827,2.0096754032908395,83.05790331759444,12.10054210564347,5631.658511682863,False,20.790491766161992,4.133127755974296,5632.7162721412005,False,5.129407984037421,1.9295569325400548,5632.891693018335,CPL,1.305418231978365,0.5025582177213437,3.2597934415107375
bn120905657,2,41.83200000000005,119.40000000000012,4,False,0.337651702360955,0.34901320928510826,88.40488810850762,7.784094949114127,-4.999898780743682,0.10642822338521274,7772.333403311628,False,7770.35270952529,False,7773.417055059718,False,18.02156634374286,3.350644301930794,99.51878412338114,7.974500855600823,7773.539896464527,False,24.324911652230888,1.4747687535887728,7774.473960017753,False,1.1428378764393545,2.232743756722413,7774.352628796003,CPL,1.8594432938753016,8.072928721958306e-05,3.877158595190849
bn120919309,0,-0.1399999999999828,0.37200000000001765,5,True,-0.5028750301307612,0.2327890185159377,161.6728639718757,37.102001198197954,-1.799774238713222,0.08278676954700315,2350.393272982899,True,2378.5786559284975,True,2352.3390318759903,True,829.6581414730392,247.96406610378392,3328.686036929993,1266.255538864285,2357.890117333064,True,32.53047866153199,11.629540367366845,2353.303384835176,True,32.62050663814659,5.295927103432177,2354.2272131888967,Band,1.0898881477228315,28.35144273960077,-1.5510854570738957
bn120919309,1,0.37200000000001765,1.908000000000019,5,True,-0.6320373491117807,0.0871447272561649,163.91779385297613,15.08171282578725,-2.1610722376480593,0.08497126664355847,4359.400256990946,True,4554.878721583067,True,4365.07449616393,True,13.192908502205333,193.03942385048714,2762.0235077637244,200.62721399578572,4371.428712850785,True,5.194408972946711,1.146410645594775,4359.934115909547,True,32.32246519026228,2.220992196921035,4380.233631382043,Band,3.4661410813996554,178.64509020102378,-2.35421668685467
bn120919309,2,1.908000000000019,2.4200000000000195,5,False,nan,nan,nan,nan,nan,nan,nan,True,2673.6493580350857,True,2542.4975462859384,False,10.004894971938281,7.721904419281789,2974.1929454007204,168.78487430409655,2546.830910837212,True,6.824347440575161,2.291735416041675,2546.911876058042,True,35.346311003816126,3.5122280033742097,2576.1232394043927,SBPL,nan,101.52611863069296,-0.333364551273462
bn120919309,3,2.4200000000000195,2.93200000000002,5,True,-0.536904259761337,0.09351367975585684,247.376785224174,31.27626414524447,-2.007278519254671,0.09773772631391453,2753.5855844057414,True,2888.20011231283,True,2755.4405250783866,True,112.51780129909757,213.07468905593961,3510.7609048781583,158.12130248167432,2757.1025026571315,True,2.7335951909349143,0.8372312479255044,2756.384444781288,True,40.94905216390536,3.9431359778742063,2775.502845323203,Band,1.2011396244533898,116.69726698962677,2.3380224212551184
bn120919309,4,2.93200000000002,3.4440000000000204,5,False,nan,nan,nan,nan,nan,nan,nan,True,2852.8625262877076,True,2751.820971054828,True,896.9336691148679,235.91296731194262,2635.8229739987796,123.58684071114908,2769.7731965779353,True,2.2998457755239357,1.0315414232727425,2753.777475069749,True,40.976512314411615,3.9735480668219516,2789.643967107015,SBPL,nan,67.21855918069241,-13.952225523107245
bn120919309,5,3.4440000000000204,4.212000000000021,5,True,-0.5597576946476444,0.10038704596046902,162.48535155016165,16.748989483960614,-2.406589464239101,0.1889109935167126,3285.0262704655174,True,3550.8469722850996,True,3281.7817350528467,True,62.367200624319096,205.93826277495933,1546.106666857243,198.0224026992056,3298.980824420244,False,32.27540198238554,0.0,3357.450337530985,True,28.649220206973357,1.6052702117736946,3334.044420077341,SBPL,-68.42406706546763,220.8025522077587,-13.199089367397391
bn120919309,6,4.212000000000021,5.108000000000022,5,True,-0.6159239903678867,0.10261870009240315,129.57458113283312,11.968628626638377,-2.1297485484571173,0.08599718056214178,3569.300128374495,True,3787.465724879692,True,3573.657006529179,True,11.757677436854031,173.92648993873195,2192.830733801642,395.11023222434414,3579.730604115443,True,37.001063006551135,4.687159944697704,3568.515487160636,True,26.859977886569876,1.5979056911812197,3591.35061759802,Band+BB,4.784641213859231,200.11510728167195,-2.073597586263986
bn120919309,7,5.108000000000022,6.772000000000023,5,True,-0.8322743689721769,0.1066989452580161,92.22445763162573,7.960286251943714,-2.2882655681781183,0.09096408309692827,4527.3489615520275,True,4680.380083169458,True,4531.093332461673,True,716.5104724640664,224.79402158371386,1209.9600917667801,197.47336749233017,4547.087625131193,True,25.513133175689198,2.702225028135782,4525.372757914929,False,20.283249148852555,1.3740791778993415,4543.782041939827,Band+BB,5.976203637098479,140.59804122963124,-11.994292669520291
bn120919309,8,6.772000000000023,10.484000000000027,5,False,-1.0384043536100012,0.3447985254411771,30.00006775519763,0.03735459716950018,-1.8544748842943388,0.03682196112175751,5949.035352112585,False,5962.146646290303,False,5919.336248843271,True,814.6491727716985,207.3500450776293,4333.281817774684,503.1920592776364,5964.941134619754,False,8.497105518402224,0.7949109287640725,5918.774537325691,False,8.387924512810546,0.6236054934302437,5924.993237496378,DSBPL,34.260814786894116,41.15340879392443,-41.60488577648266
bn120919309,9,10.484000000000027,13.94000000000003,5,False,-1.43674880986998,0.07256447065038041,30.003792631881904,10.144638020523807,-1.6000000014207472,3.3568750232859657e-06,5795.87475427372,False,5786.103055284055,False,5770.102512165383,False,10.000000000419083,3.243445526646127e-05,4999.999999965708,0.002391130135038111,5830.078189253187,False,8.68561445409042,1.0123417801089425,5735.215651753831,False,7.86189406711173,1.185413322699676,5732.50256102532,CPL+BB,64.65910251988953,57.600494258735125,-55.97567708780389
bn130215063,0,-0.1399999999999828,14.58000000000003,4,True,-1.1220088218359463,0.08174835925220414,827.6634666886399,421.1334735695697,-2.0363953086340736,0.2250060920373852,5521.943735720572,True,5521.031889353697,True,5521.055049179644,False,118.80487678005984,111.76013850808864,4548.892127965854,744.186613542272,5519.713962683105,False,1.000000178754837,2.7348163544882453e-07,5525.914365917782,True,30.656716173328952,3.6621156195914324,5514.140448374249,CPL+BB,0.02936980278991541,10.891440979447907,5.341086496538992
bn130215063,1,14.58000000000003,14.70800000000003,4,False,-1.199035912237668,0.2526163215086006,4999.891277692535,33.89771224344304,-1.6000003687818953,0.0009405447993774407,-1361.675633171279,False,-1363.776905740734,True,-1361.79542236722,False,12.708169160464426,203.01213095335345,4999.999993743691,0.12099025359611915,-1357.3337664213414,False,8.959332357243678,5.288613801310777,-1357.1699239598565,True,12.589555785241942,3.9824181353379906,-1360.7030637986468,SBPL,-0.505709211422527,0.926158057912744,-0.4616559458786469
bn130215063,2,14.70800000000003,25.97200000000004,4,True,-1.157884191016842,0.13835358941796105,264.08766616906433,126.12666429465176,-1.9538151220676485,0.18996167106974438,5054.775195997113,True,5055.761580010077,True,5054.679901346043,False,48.19043088121838,25.033184818339898,3431.1411869876742,1037.7032403707233,5056.666585369816,True,10.530360944423306,4.26429568429375,5058.249870274676,True,23.319352228041836,9.001504295567283,5057.362436266543,SBPL,0.5253257224367189,2.3991437435333864,2.0133159762272044
bn130310840,0,4.084000000000014,4.212000000000014,5,False,-1.0923217615412277,0.01468234073796304,4999.999334876069,0.7188289776890997,-2.5573994266121503,0.1263456492269961,105.3200539271398,True,122.5874168005748,True,98.88387544779087,False,nan,nan,nan,nan,nan,True,4.515833785132905,0.5036951089630453,72.1231916864507,True,4.1184692089987935,0.5567271436073724,105.38337044223174,Band+BB,37.19686224068911,21.204046358343064,nan
bn130310840,1,4.212000000000014,4.340000000000014,5,True,-0.5283293706002424,0.08324037094988368,540.1101655409417,80.51531546061088,-2.3142478405207685,0.15309799405784386,-434.0919649987648,True,-419.08228537521063,True,-437.74952881647187,True,74.45083955266128,154.14943670726643,493.01702188889084,53.87146477999599,-430.72345964384704,True,50.43747945086077,9.7899427597646,-438.511691410297,True,58.49861575728958,8.225793153436157,-434.9407092006139,Band+BB,8.419726411532167,19.858423825403293,-3.0260691726248297
bn130310840,2,4.340000000000014,4.468000000000014,5,True,-0.8361012354015835,0.053191633526954885,1152.584199548869,238.9301693809237,-2.5713177429293026,0.2366904870978097,-460.11692210297247,True,-453.2277150933632,True,-461.0290498037308,False,464.00965175183575,104.43617641945372,4999.968475301477,15.790810184602378,-458.2821640603152,True,4.621378257332772,1.6692073748519751,-457.13877979330545,False,1.0088937901644943,2.0702898371436507,-449.2276872367864,SBPL,1.021857690332979,-2.78565768212502e-05,1.2531142565844107
bn130310840,3,4.468000000000014,4.980000000000015,5,True,-1.0224096372237443,0.038586843683266536,971.4625379684334,166.61310106657197,-3.421878587478476,0.9164582684243843,1313.210478370312,True,1311.6798100831375,True,1313.5350839330224,True,141.69752917912857,79.54190622202256,1068.0051404787234,253.72452048665104,1317.6060354858662,True,4.1390532753338,1.4516575138634678,1316.592630830983,True,4.1277393598645675,1.4294527765381662,1315.1634327269408,CPL,0.6178475393292047,0.5163773561966991,-0.07095155284378052
bn130310840,4,4.980000000000015,5.492000000000015,5,True,0.11400552201874486,0.28762599385391074,39.24046023300287,6.574613365167341,-1.8666618487576554,0.08525035213419307,992.1598083287879,True,991.4487303498339,False,992.5793842420388,False,13.328457664686093,1.6408562841008942,4999.9858074738795,11.518368458330315,991.3815313049435,False,199.99920034556004,0.22997088478514627,989.9276194434236,True,8.944716720617459,1.0507437269161577,984.4882144244276,CPL+BB,6.23218888536428,10.960515925406298,5.1978529370953765
bn130310840,5,5.492000000000015,6.260000000000016,5,False,-1.3195435298405036,0.6610489336651207,30.002509779697654,0.7016464453582394,-1.8563102837581666,0.08998947504290533,1456.6697091166275,True,1453.6483163318608,False,1455.5009698261276,False,899.9876025589773,12.032418675760255,364.1929266659851,551.5233830191114,1459.3863571657355,False,4.30175432555428,0.36819098333189015,1456.8016835005478,True,3.934643374480579,0.8773200975773501,1456.299289483188,CPL,3.868025616079649,1.3490268486727928,0.11461266039214024
bn130427324,0,-0.011999999999983135,0.11600000000001687,5,True,-0.2985180294074651,0.0812363433618925,1350.1209582465433,127.52327290851349,-3.2466349864179067,0.6030768704279241,-203.7400912982188,True,-203.35059954502603,True,-202.85316172178904,True,422.3603649168725,110.74854648224976,1824.8752989886416,322.9582316506219,-199.9191715421558,True,6.3707250569029155,2.5747263060225203,-200.44825855030342,True,6.27616551399491,2.4253299939723894,-199.92701164784802,Band,0.7081672520846212,0.5764121028219904,1.0660098203667587
bn130427324,1,0.11600000000001687,0.24400000000001687,5,True,-0.16922970072258653,0.0543681293827149,853.5787400210162,47.3486778757661,-3.4704845519811482,0.4248918865107405,41.367868257397475,True,43.32974733473293,True,41.24964953119718,False,400.7989284579077,34.10673278613609,235.97563150643305,879.0937636327242,44.634858804437044,True,2.986489338758044,0.8998345489731135,44.345590168795425,True,2.6996042136637612,0.8674147579990285,46.79345235222215,SBPL,1.0222780886020502,0.5362949825107819,0.614790726760134
bn130427324,2,0.24400000000001687,0.3720000000000169,5,True,-0.274422097517108,0.043136069147847594,619.0950067715595,29.718642508083747,-3.5493658287598158,0.4451273005106462,156.86523657841673,True,159.3277955270321,True,157.33806741618636,True,196.87788560599583,64.56242942060261,623.6561883396291,53.98822837195172,158.77078286345974,True,52.48246620874101,24.23826679199698,159.46307364775157,True,60.37975723825768,14.544591452004987,160.12462223171804,Band,1.4021629306651562,3.203173295314059,2.567284552726619
bn130427324,3,0.3720000000000169,0.6280000000000169,5,True,-0.5618686592149041,0.023088715013526828,529.290550050425,17.232108681346233,-4.024561253907016,0.5591183096022063,1412.5825067967442,True,1413.029838429381,True,1417.0237695031476,False,221.41450988871387,13.101270561912614,204.76737779320365,199.49710214067537,1409.0573510948748,True,48.760826814764854,13.55070889348924,1410.355206217689,True,49.84704007368259,7.074485617937981,1409.4464979955956,CPL+BB,6.227300579055054,7.583340433785452,11.96641840827283
bn130427324,4,0.6280000000000169,0.8840000000000169,5,False,-0.7113729606543123,0.026169778656775278,379.26365908179014,13.907668576065134,-4.999999160896121,0.0026686801521611514,1333.6989137729554,True,1331.5611362728237,True,1336.2596119452323,False,152.75887074459752,10.7129215781315,114.49246947826151,68.60070725052273,1326.7584570397175,False,36.33747161548156,5.889873799648576,1328.3997105815972,True,36.29891306072697,6.1566983549599,1326.2093413685789,CPL+BB,9.299203191358174,9.351794904244798,13.501154905514795
bn130427324,5,0.8840000000000169,1.524000000000017,5,True,-0.6201646778373278,0.03124341678458631,198.27569316075574,6.3189410593646755,-2.9444609006711695,0.1302201269862604,2790.1971389787986,True,2812.2777082754737,True,2786.8107809526564,False,122.92744277076561,17.34399341758219,30.004930758370406,0.2780534629140856,2791.582204073098,True,32.096852700757026,2.4522316609790593,2792.5666541388605,True,32.22788255063141,2.2376328641924204,2791.0251768264934,SBPL,1.6304848399381626,25.252531448980335,-0.7714231204417956
bn130427324,6,1.524000000000017,2.036000000000017,5,False,-0.6345905131636665,0.03771792363644111,153.48972750435053,3.615437930048472,-4.999584233733109,0.22192672182613293,2334.133029187217,True,2332.194364894457,True,2332.968782872611,False,83.01138156732,11.506203982503948,30.20270585174108,3.488649488271097,2338.574730674697,False,25.004539969834454,3.6167290143833686,2335.0177793348134,True,24.957798472572073,3.686954294191251,2332.8368097366697,CPL,3.1152498524033945,3.357555157787374,-1.6059478020861206
bn130427324,7,2.036000000000017,2.2920000000000167,5,True,-0.7122633379251876,0.06841934535566196,140.26809550163676,7.540256842252077,-3.9285501397128377,0.9043922189645639,858.1913412990788,True,856.4201963748276,True,857.2900945884243,False,53.44005657430283,6.551085921159405,30.000064204501374,0.14972332512992992,855.398066222058,False,13.587094028887345,3.050368884092004,856.1600485500317,True,13.605686040037774,2.611109939274412,854.1864650518826,CPL+BB,6.031292749047111,6.233731322945005,5.892028366366276
bn130427324,8,2.2920000000000167,2.548000000000017,5,False,-0.6992642660017147,0.08981394676452531,107.32998419668873,6.188926526871512,-4.999880544053295,0.04883019548889056,717.6928602446392,True,715.5425669156689,False,716.6751781069964,False,899.9998547130277,2.4876368731571574,31.54306853366011,9.705237258077968,716.2428830290836,True,29.28623209035955,4.994653712012202,718.3075204363124,False,5.73627859535072,0.8465015671402143,715.1234765734987,CPL,3.385339808326762,4.419090342170193,4.4322950779128405
bn130427324,9,2.548000000000017,2.804000000000017,5,True,-0.6658001100822812,0.0928575529686369,98.7082425762044,5.516751894618352,-4.987911652928251,1.1862109708036048,710.1708006856489,True,708.3038782935048,False,711.2760665899385,False,46.39831932322714,13.446368041385558,30.19529717873822,71.23059422598095,714.0711248723347,False,28.993792050890487,2.866132713401699,709.8459360341207,False,31.959695551657052,2.202693882939897,709.9948480913009,CPL,4.324864651528287,2.3090302022038713,1.2049417176037878
bn130427324,10,2.804000000000017,3.3160000000000167,5,True,-0.7621681357995215,0.05989355031014848,124.83271759840666,6.462784114474829,-3.0250033336670334,0.2628885051740564,2108.730551265065,True,2114.857370386047,True,2111.1052294985916,False,78.6148926779012,29.490354360300387,30.115516823465978,3.2823427268332583,2114.8482715914065,True,6.04136629705014,0.5659625537130544,2106.2803715291257,True,6.913873699974359,1.1692764729444827,2115.902888350088,Band+BB,6.4501797359394,2.954482035959245,0.2569579071850967
bn130427324,11,3.3160000000000167,3.700000000000017,5,True,-0.6541153486982265,0.04865550700007848,183.09449659859462,9.145924340794025,-3.07880501288296,0.25879103199223086,1770.433868563206,True,1776.517721195896,True,1772.033801281424,False,90.5921964276782,10.349626909215125,31.769096296720246,14.874542607885445,1776.4596181213349,False,1.1469744687871477,5.133687930599722,1774.4339585221444,True,9.463306286228903,0.9253616480256053,1767.4285942634538,CPL+BB,-8.995893836072355e-05,13.089126932442241,-0.42581683991079444
bn130427324,12,3.700000000000017,3.828000000000017,5,True,-0.6143398113809181,0.06771063342114098,207.8744560410442,13.551616735564721,-3.1625003873793225,0.42005799594428317,-268.0035101889132,True,-267.647968069407,True,-268.8728910024935,False,129.42650733466587,8.95294331604677,30.00328383013259,15.909347230078414,-264.7522020060341,False,34.622089420618515,5.474384510302581,-265.2788666140816,True,34.5907562851394,5.247336497466639,-267.3341070384494,SBPL,1.275356425168411,3.6861389690424176,-0.12068899645936426
bn130427324,13,3.828000000000017,3.9560000000000173,5,True,-0.5545534230460978,0.06403682628822355,251.1832334237273,19.986600404555503,-2.5715579275361655,0.15978275399936392,1.9947743111956413,True,9.607334292005476,True,-0.1827073218091897,False,112.27630936585886,9.018882411250289,104.79038171337412,88.24271092358843,1.7095393013385092,True,28.218520831755875,4.43971193991997,0.751866028306921,True,28.173014018203205,4.340320396395446,0.555736663576738,SBPL,5.24290828288872,13.051597628428738,2.107753376852301
bn130427324,14,3.9560000000000173,4.084000000000017,5,True,-0.45464488482224913,0.05758350130572243,311.0737035377829,22.96179923545745,-2.3716474772268428,0.08410641846003752,120.64582639692458,True,155.5509388142616,True,112.12959938321649,False,139.49002732282833,8.718456817902748,311.3906106064047,363.26911305189856,106.7441334554936,True,42.072652514877426,3.0498326317313484,105.31111189239519,True,42.15060331249452,3.0930855364533443,104.47723623313979,CPL+BB,19.334714504529387,55.07370258112181,9.38546592772289
bn130427324,15,4.084000000000017,4.340000000000017,5,True,-0.5013806967753012,0.028101524622362706,407.8097339683205,16.54108671098109,-3.0597900852191326,0.1643981948391806,1627.7710304062393,True,1637.8111589793823,True,1617.7914499086378,False,174.15899456146187,8.487313625841352,105.98203659451072,96.42600270104244,1610.506595865716,False,47.122886298544266,4.095429897370188,1610.6991956111256,True,47.11699463260974,4.19262466348712,1608.9823336439886,CPL+BB,21.071834795113773,32.82882533539373,11.28485404292178
bn130427324,16,4.340000000000017,4.468000000000017,5,True,-0.43950109368982965,0.03506323885481713,445.0208559611339,20.51027692155992,-3.167297519172681,0.2323383283260947,368.15366912227944,True,376.3759027248332,True,359.64606890490086,False,191.02614465339886,10.524572643318535,65.20625112533506,54.32737284205818,356.39916390190785,True,52.98410835342602,5.568676964601245,355.78229409229505,True,53.63749021833158,5.763254817866422,355.5475453380954,CPL+BB,16.371375029984392,24.82835738673782,7.246905002993003
bn130427324,17,4.468000000000017,4.724000000000017,5,True,-0.4116494069654027,0.022661978453132336,460.81760088687247,14.392197918026824,-3.0493016788713074,0.11582520153032694,1772.2069865291242,True,1808.1816730102432,True,1739.077335017147,False,186.7846365570901,5.822483979142362,102.29956730471126,48.99813414322557,1704.8406087577935,True,53.81240231961161,2.5488127831191214,1701.6956079754484,True,54.210334546735496,2.4650137382545196,1700.2305250745326,CPL+BB,74.51137855367574,111.95114793571065,38.236726259353645
bn130427324,18,4.724000000000017,4.852000000000017,5,True,-0.40611897814777864,0.02604620080308173,558.3876074821646,20.617655012925354,-2.939885974057534,0.10937805830938552,647.4671891076805,True,693.8422348193136,True,627.3673379915589,False,221.4076959176667,8.92748140580909,107.33584735968428,74.37878828858798,608.4929397271231,True,55.55203111704042,4.301433292691424,605.2756401865024,True,57.69912503145122,2.9791306212746385,614.1310534379369,Band+BB,46.19154892117808,83.71118138137672,22.87439826443574
bn130427324,19,4.852000000000017,4.980000000000016,5,True,-0.3825056455738034,0.02163434085286614,645.9506295656245,18.09079400632487,-3.139264012323289,0.1151208343823431,773.2431592562823,True,822.6336291827207,True,757.0136608062384,False,251.8002923836439,9.348810729550465,37.33800195654147,16.29190551420588,731.7750302876686,True,59.88993054203069,4.191616269531853,722.349306339752,True,62.061432717016125,2.967131365962178,727.8583728091138,Band+BB,54.89385291653025,98.77525637360691,29.23863051856972
bn130427324,20,4.980000000000016,5.748000000000017,5,True,-0.30509385481309587,0.009131578452345135,599.1735403838736,7.10266314971426,-3.046785619689993,0.040224128579689156,5022.790598615687,True,5455.541983183562,True,4850.881924058261,False,238.98355864912787,3.1874693287283833,46.40134804299673,8.611376238636787,4649.453487621254,True,64.72038946095839,1.5548451262811795,4653.57255521996,True,66.25730610447775,1.095195887257404,4669.957669976023,Band+BB,373.21804339572645,789.5843132075388,205.4284364370069
bn130427324,21,5.748000000000017,5.876000000000017,5,True,-0.4656033050856937,0.027855471596911652,403.0445263002679,16.236217954751396,-2.842668566218091,0.10141161948791488,697.0753221945498,True,749.4703386568228,True,679.0443538413132,False,159.83773531158107,6.269339408381995,30.000287653856123,0.08642217667182273,668.3099627983237,True,34.016845244807435,2.9157119087365295,653.1371486950734,True,35.875440355556,2.815080777195366,668.3512860710937,Band+BB,47.93817349947642,85.11905258572915,14.7343910429895
bn130427324,22,5.876000000000017,6.004000000000017,5,True,-0.4630371173447555,0.03533240465406143,319.19611122606193,14.72825826788548,-2.5857038511692076,0.06793633301090285,471.60200757750357,True,543.6885279871391,True,449.5182040443273,False,140.05605471052002,6.200223825113667,32.12214981093235,53.20181852430618,434.6390865808065,True,43.74149044818345,2.158649771494307,431.0481379524555,True,44.241089607421536,2.061275893442968,429.99419703494556,CPL+BB,44.553869625048094,117.69433095219352,18.8791174635208
bn130427324,23,6.004000000000017,6.2600000000000176,5,True,-0.5621492040530205,0.012808898103297384,906.5530529413987,22.02751351085101,-3.1591822881487484,0.10328321320550748,2288.4260300998735,True,2356.3800840299596,True,2275.537415877919,False,325.7965791046209,8.996683903226653,268.9820703454373,58.640144552313075,2182.7475373306033,True,60.838097566530166,3.1908345133271077,2143.5939303521263,True,62.50606995320547,2.3805721394825454,2148.2269095968386,Band+BB,148.83209974774718,212.15317443312097,96.78987854731577
bn130427324,24,6.2600000000000176,6.772000000000017,5,True,-0.3676999470997189,0.011711447026858446,583.5228352725529,9.837868609982763,-2.679096112872027,0.03218350317478702,4041.3826048713836,True,4643.6402644807,True,3853.6996000835916,False,221.1408154548556,3.490626330737598,83.30857622557579,20.562328982339345,3657.5364670843687,True,54.13891686307347,1.6166014856932307,3637.869713079096,True,57.72709302695856,1.0381445710501325,3718.037179408576,Band+BB,407.5128917922875,929.6030850721245,200.16313299922285
bn130427324,25,6.772000000000017,8.308000000000018,5,True,-0.41671286551369185,0.005411828723143469,951.9773767684314,8.092900346285376,-3.4069226967789303,0.05077198460644072,7685.254640633822,True,8051.811962436812,True,7593.320033886093,False,353.47730069368265,3.505892248280105,185.99157801065982,2.7794643528890077,7004.4834306552375,True,71.22346252508545,1.6049528631238914,6768.606820160663,True,72.72385507323357,1.5635535748196858,6806.693560798259,Band+BB,920.6478204731593,1249.1184016385532,592.8366032308559
bn130427324,26,8.308000000000018,8.692000000000018,5,True,-0.37836327106369927,0.011262146745275842,699.9974072332292,10.949895830303376,-3.368233633992347,0.08872706229549077,3184.8096055597534,True,3284.9053161983593,True,3155.657251718086,False,268.7200269015072,5.307337538579446,102.86895843696854,18.983211824012933,3040.800680523349,True,61.11637464534299,2.6063169789938954,3009.3379325906385,True,62.304558243377365,1.9195686532906926,3009.919513225843,Band+BB,179.47167296911493,278.98580297251647,118.85657119473717
bn130427324,27,8.692000000000018,10.996000000000016,5,True,-0.4842920735848567,0.004476222308267386,838.287597765753,6.3371231844512295,-3.159492699851017,0.03040118593735852,9198.819026074658,True,10075.520650601704,True,9091.508782551546,False,316.37387548731033,2.8723236137539914,102.10945641199328,9.748650561348562,8487.817225086821,True,58.45043320765404,1.2813761542670328,8163.415245213052,True,62.13812803555046,0.8443664991041757,8370.653682458014,Band+BB,1039.4037808616058,1708.8669681436895,607.6915574647246
bn130427324,28,10.996000000000016,11.124000000000017,5,True,-0.398390687053824,0.028667981091426042,369.36375720764903,13.567374952145968,-2.855059586161243,0.0826120444868581,668.0245859807421,True,732.3382257014678,True,641.5151181009659,False,158.95715340495784,5.772703968162986,33.711192992234544,26.171185991911226,628.2842997298137,True,43.75299520725415,2.916984958293927,630.5365954335026,True,45.36218465841662,2.5376331180469585,635.9883913719241,Band+BB,41.48799054723952,100.34983432954368,17.230818371152168
bn130427324,29,11.124000000000017,11.252000000000017,5,True,-0.4482616482274489,0.03712813053840405,225.52122614324168,8.312763698064813,-2.664728641856492,0.06983935581370648,397.4752512193718,True,488.567792816001,True,388.3218290827795,False,110.48123062126785,4.506784679236127,31.91870934548465,15.23184600126951,391.80783767566265,True,26.71539503483965,4.015285463888231,393.28566556572724,True,31.17783721681727,2.1886215235103705,408.81365856679463,SBPL,8.189585653644542,83.75413424920634,0.5139914071168619
bn130427324,30,11.252000000000017,11.380000000000017,5,True,-0.7031694832105267,0.019007107304446103,751.6517369637539,34.83044186578729,-2.5507437569913423,0.06929452934789704,988.6232889494827,True,1092.3355974919127,True,963.760690845983,False,267.78784989249243,12.247394456146282,213.63514984442418,180.28036157184576,925.170030972152,True,50.5527844006367,3.333469092925064,906.5655410850943,True,53.30979181871372,3.0293588388501043,922.5090692426447,Band+BB,86.05774786438838,173.826528249268,42.5906598738311
bn130427324,31,11.380000000000017,11.508000000000017,5,True,-0.5998129401355389,0.03800432160414369,254.91218013743222,12.349183805899543,-2.541741557622102,0.07023310418422257,467.45162574730386,True,531.1825907159579,True,451.5132806649699,False,108.80973939030443,2.456032672107135,30.000406481596173,2.0016099778987435,443.6591696023262,True,29.310303940657896,2.4027336056843094,450.30130171099063,True,30.118312960901356,2.0471193093820386,452.2139790422427,Band+BB,21.150324036313236,82.96861167371515,11.85411106264371
bn130427324,32,11.508000000000017,11.636000000000017,5,True,-0.6123995755542496,0.04541837479906824,179.50731169088854,8.484296181344376,-2.6134694403772287,0.08937638825122662,242.79539091035474,True,298.95321713448857,True,241.8401410629051,False,120.84408137437927,35.51537044244551,30.000467235480052,0.250500072294237,245.04954845289257,True,6.126356415662261,0.913414057992457,244.3768737224407,True,29.388689614133245,1.8107323000122708,249.74514734181417,SBPL,2.418517187914034,53.208069792674394,0.7905926100125384
bn130427324,33,11.636000000000017,11.892000000000017,5,True,-0.7224745929971668,0.04599854044336055,150.94820142932303,7.450271693557966,-2.707654096255379,0.12365584056546375,1418.294884108814,True,1453.0904277528812,True,1413.5732297736165,False,72.38791268012059,2.517020162497751,30.00046893177775,3.4221822407143137,1417.3134043870855,True,7.4536732143121105,1.0386775894607316,1415.3474615998089,True,21.533863838129925,2.164120687452481,1426.6794923651603,SBPL,6.947422509005037,30.410935387720883,0.25982538653101983
bn130427324,34,11.892000000000017,12.020000000000017,5,True,-0.7314592411794251,0.04805685798614889,190.14612383633641,10.51131768996295,-2.919484280670712,0.2081983355060777,186.73853664198023,True,196.20009382468092,True,188.4991271487758,False,88.80184726432043,10.269255792622673,31.69283847793971,33.456853222081136,191.4311534968122,True,21.347210926304566,8.558221201540253,190.66811858272325,True,12.843070097708175,2.3685013091919265,190.89578869049478,Band,0.07041805925697986,9.304305134186137,1.0679736519636265
bn130427324,35,12.020000000000017,12.148000000000017,5,True,-0.8715765178340132,0.05452778356284532,156.115445771693,10.351380537079734,-2.9191777666290064,0.2335865380163833,1.4283207271443388,True,8.124049681395675,True,1.0005212936999897,False,69.90285111049512,11.07978148018628,30.011005402507703,2.038209424133793,3.746147980581725,True,15.925940386940997,4.051189562320989,3.278243867910561,True,18.128302202828557,3.0156497972374634,3.6887698099598367,SBPL,2.150076859233778,8.435279871435839,1.2543733131182648
bn130427324,36,12.148000000000017,12.532000000000018,5,True,-0.9229113251475043,0.04305401569662537,121.93678350683508,5.579350609924106,-2.868279957565905,0.14068239623861079,2023.918034485228,True,2038.5494694729325,True,2025.8373716021229,True,12.69933386426174,0.8321210683668658,123.47739738500016,6.0317594902690885,2020.0631291164982,True,6.359748196344134,0.7734613820034189,2020.5880898724404,True,101.08232568150277,18.24595657787171,2029.9965759309105,DSBPL,7.329944612787585,12.552893542022048,9.774242485624654
bn130427324,37,12.532000000000018,12.788000000000018,5,True,-0.7702695403349568,0.038141896891323024,241.2404835071251,14.811012119989556,-2.4172149221300088,0.07640075253471013,1527.2730459599823,True,1576.0610718223895,True,1520.643685017337,False,109.33376588247792,9.057986851021305,30.136345795471556,8.97123152692464,1521.8034074544978,True,27.103734478887795,3.4753824161085003,1527.8366062159478,True,29.337461722235968,2.4441608469626814,1534.4755530984662,SBPL,3.4364397440344874,45.585518723923315,2.840277562839219
bn130427324,38,12.788000000000018,12.916000000000018,5,True,-0.8479678874585781,0.021288207911660584,674.2030356179658,35.2097375708546,-2.847873597771991,0.1511833068106656,589.502240543325,True,610.3469146875992,True,593.1818496365122,False,271.0107360845211,22.429858955964733,31.219984528756395,56.79910169931604,592.1125683531504,True,33.04910547890406,6.688312839127688,581.3326662425045,True,35.860714272398795,6.953807436055712,595.3747788529865,Band+BB,12.1695743008205,18.972135834612686,5.069281283361761
bn130427324,39,12.916000000000018,13.044000000000016,5,True,-0.731825687129696,0.03221768994107138,393.69762510523486,21.73317893031455,-2.879084748147465,0.17850254658493991,328.6052232783114,True,338.9297209012135,True,323.96903301639145,False,167.7820016822993,13.863566126808507,86.22114033288327,246.4244040908643,323.49824069260933,True,38.25421232001348,5.246947365176371,320.49546724311756,True,39.204378368452495,4.881483140183963,321.2048253823974,Band+BB,12.109756035193868,21.724895518816083,4.4707923237821205
bn130427324,40,13.044000000000016,13.172000000000017,5,True,-0.6916433336445595,0.05531558522296898,190.93535165691097,12.378025244978858,-2.56811438032963,0.1116091948441762,156.3030011221476,True,185.6807052263566,True,152.36966687938644,False,83.85140318477093,7.207243748129329,30.00471034439163,0.5029613513440196,155.94252724617672,True,23.306664613149234,3.7515421304468966,155.507359346838,True,24.688613155261525,2.411477682888764,157.3550308977241,SBPL,4.795641775309605,32.32567432863249,0.4271396332097197
bn130427324,41,13.172000000000017,13.300000000000017,5,True,-0.7840528064127159,0.04826854290600002,163.9104679960753,8.45844305532573,-2.88892372676818,0.17715032747295845,41.177915697660325,True,54.206659028589996,True,42.96944255123947,False,898.0238856078034,138.6500507250173,30.994096806105887,7.465431956707349,41.90540098284137,True,5.477372220650889,0.5751174668432184,39.031117489529606,True,31.100926958290238,2.6890100288810164,47.34507071524956,Band+BB,6.146798208130718,10.861588313340434,5.064041568398096
bn130427324,42,13.300000000000017,13.556000000000017,5,True,-0.8221197539278852,0.06145595641603868,121.29987284814044,7.368850696906151,-2.638047858748072,0.13547010209318944,1173.3266262163343,True,1194.0841637758367,True,1169.3316114062677,False,52.160356306225836,7.144909290087078,30.05936376210129,31.56828105605541,1171.7089133107386,True,5.918421160004474,0.5858222599229213,1170.3672298658048,True,16.149293337850782,2.314933784599911,1177.748619114517,SBPL,6.95939635052946,20.335544661319773,1.622698095529131
bn130427324,43,13.556000000000017,13.812000000000017,5,True,-0.9964668039497679,0.0704930321733741,115.95631450612163,8.815013213868852,-3.0408401553032345,0.32862686591127566,1075.8712892770266,True,1074.7898059202078,True,1073.6275147645895,True,38.90505325165262,4.344714245844845,39.1191552854784,65.03929737806935,1069.3053503447863,True,69.59405257454807,5.837235087322824,1068.6003560635281,True,10.680315495922423,1.712100960744901,1067.4519854279984,CPL+BB,11.270933213498438,11.337820492209403,8.32216441980313
bn130427324,44,13.812000000000017,14.196000000000017,5,True,-1.042169623180353,0.07361057700163798,83.56286663666575,5.426801478508487,-2.6773414093962167,0.14571367971848392,1721.5168147523877,True,1739.665695927399,True,1722.5380259545307,True,12.549999577658577,0.712181201710302,90.3247556549043,6.857738056511195,1714.4433196264904,True,5.577990773634004,0.3969048897915268,1709.7271190742626,True,6.685567952929919,0.7207494018967475,1729.78205273015,Band+BB,15.7896956781251,13.88364319724883,12.094706328040274
bn130427324,45,14.196000000000017,14.580000000000018,5,True,-1.3682696157829237,0.08676803748259798,74.8084317306848,8.336036798330333,-2.5387459209614334,0.18361227872744257,1644.9026333592028,True,1644.5989903735504,True,1643.4808667394518,False,18.05667444336816,2.3878292855302847,30.137389637710704,27.49623528449591,1643.01415346844,True,5.323551529055796,1.8641323391966085,1643.9179609397056,True,6.549783219632621,1.263174824351998,1642.1208794200797,CPL+BB,4.984672419497201,6.478110953470605,4.466713271011713
bn130427324,46,14.580000000000018,15.348000000000017,5,True,-1.3706241229588714,0.07011667118668041,60.37760513515033,3.915146784483884,-2.565972373643875,0.11197576093365624,2897.728905032078,True,2909.3371519576795,True,2895.7376511869506,True,11.571904674985255,0.7595492608476491,60.89442998299519,7.963492859581201,2891.3434189259106,True,4.632933800593467,0.28629197536613393,2885.1572307622837,True,5.444154819956088,0.5470205416115035,2898.0230147548737,Band+BB,16.57167426979413,15.314137202805796,8.394232261040088
bn130427324,47,15.348000000000017,15.476000000000017,5,True,-1.3532963292575744,0.09312455920344953,171.52810289531854,46.3176280875588,-2.1941371190115144,0.18560967940007733,-235.24510110737128,True,-236.9682479633472,True,-235.60197545919576,False,49.60770772414009,16.015349119451916,251.76590962936632,730.2430937562448,-235.47145252773322,True,5.590911500150226,0.9042406911346976,-236.0054418154355,True,7.936767394181775,1.8148330258414886,-236.78509750771886,CPL,4.760340708064206,3.8168495443716495,3.8694770685374635
bn130427324,48,15.476000000000017,15.988000000000017,5,True,-1.0445767798331023,0.04284062322890991,147.39803115730973,10.154015604926968,-2.282894508018226,0.06606891641329216,2556.619072773702,True,2599.753868278943,True,2556.1584120323896,False,74.08174699878253,3.3585957004234928,30.00897446096385,3.7277465156327043,2559.4692934081795,False,1.1000060483953915,26.08827803655022,2560.619069597589,True,22.843184602428476,1.802050708153267,2571.892764971481,SBPL,3.176113295921823e-06,31.861103307462145,0.6891186242100957
bn130427324,49,15.988000000000017,16.500000000000018,5,True,-1.084780321227057,0.03990143662736623,134.78937663500952,7.498036369044172,-2.538041405248574,0.09876587749743693,2543.4029045481334,True,2575.957151233285,True,2547.276944332521,True,11.962053986795883,0.3979054699376263,142.54367929061678,7.2778124657006344,2522.8814881136364,False,34.53172854535866,1.5490338928215728,2530.7480809257595,True,7.524247802203391,1.1237728682259647,2566.5096885381886,DSBPL,16.654823622373897,13.44746269509642,28.395456218884647
bn130427324,50,16.500000000000018,16.756000000000018,5,True,-1.1738964447217428,0.08303750572480961,108.61791568617276,14.209794342937343,-2.3195159551673927,0.12431489306025223,1043.476830860223,True,1058.3998906814045,True,1036.7077154069564,True,12.542978319178099,0.6475566022417576,130.8427231315833,16.480502418210193,1030.8065994066906,True,6.4268590414743,0.5968751743793246,1029.7300289873715,True,7.652461513739705,1.0387549945915069,1043.465325135584,Band+BB,17.74680187285128,18.934565545820533,9.901116000265802
bn130427324,51,16.756000000000018,17.26800000000002,5,True,-1.1177753849535073,0.047769961791150894,142.0991294584663,11.328880705978449,-2.2992298730630223,0.08592216601854208,2503.93767477294,True,2529.140176854083,True,2500.3424693717184,True,45.72741625920796,3.722861559329342,121.2841129434071,151.9629858337434,2494.9676380005717,True,6.374701881299898,0.4913584177730268,2485.8846947330076,True,9.735284607837684,1.1755052537881712,2508.1166544571224,Band+BB,22.052980039932663,25.023522396960743,9.374831371146684
bn130427324,52,17.26800000000002,17.780000000000015,5,True,-1.0311895603413852,0.025806501993920428,242.08938001260015,12.387909087948799,-2.500126980948163,0.09311151676118223,2658.338827574815,True,2689.0551328912375,True,2656.0118574704043,False,106.54789686599531,12.36657732949817,30.09853346249024,7.959704371277539,2656.980018477437,True,6.987732242338289,0.9681657095914264,2654.040731554399,True,23.521933693719415,4.655376676006233,2673.1015046972484,Band+BB,8.29809602041587,19.95362819398906,3.0318389929670957
bn130427324,53,17.780000000000015,18.036000000000016,5,True,-1.1950607889102223,0.0456855919780208,195.80403238019443,18.915888923630476,-2.490176303797968,0.1733585300557816,1122.2019010045574,True,1126.239847747622,True,1123.127766147247,False,170.43069159977463,17.34440002128848,30.009285226576107,15.717808739364322,1126.923372943961,True,5.375832537971326,0.45762051531552617,1117.3480556894183,True,6.356168732613783,0.9896069392734472,1127.2060868412996,Band+BB,8.853845315139097,3.0337609063224136,0.20439320328591748
bn130427324,54,18.036000000000016,18.292000000000016,5,True,-1.2102259948702592,0.08626653670742124,140.7658005990305,23.44878491562217,-2.321564832247397,0.1514528793115728,1000.5394596794908,True,1004.9967689946936,True,997.8424114622115,False,44.82748084786389,9.545576864706995,40.65462626764634,872.4106793432778,999.0638002620224,True,68.67313912049657,7.083225093354489,997.2313389272596,True,12.890841870561813,2.0749513016257195,998.0596138094912,Band+BB,7.308120752231275,10.937155185202414,2.778611200189175
bn130427324,55,18.292000000000016,18.676000000000016,5,True,-1.2759053374141838,0.0734428371620931,98.26629841764208,10.996634168535557,-2.3817481008033927,0.11606880164890376,1628.3779469661604,True,1634.4058769744856,True,1628.7765340105957,True,11.817950988321316,1.4477396346810298,110.42612124290646,15.508380482285823,1630.0104560797636,False,1.00545085737594,64.21473548274442,1632.377933605921,True,17.503027432238003,4.002789905599437,1633.98595883414,Band,1.3360239336179802e-05,4.419918140345544,2.7660779308321253
bn130427324,56,18.676000000000016,19.060000000000016,5,True,-1.147039681913585,0.24996531739798378,56.010938651331855,14.583893865391605,-2.043896043446901,0.05795788316203543,1621.3722802674502,True,1626.7946455666163,False,1619.041738097666,True,11.033644276706758,0.5974710818802853,123.01709154657128,33.444620115362525,1619.091337560078,True,4.301387642396982,0.5686660936049686,1619.7025015108538,True,7.972387235732084,1.6271468210320412,1623.6956455757654,DSBPL,5.669778756596315,7.098999990850871,3.9504005375879387
bn130427324,57,19.060000000000016,21.23600000000002,5,False,-0.836819867632219,0.11197781617662877,30.000008145050188,0.004640475692164969,-2.1389087091518664,0.020477074936626094,4797.628002255,True,4842.318983994378,False,4793.725696319595,False,11.441292330533662,0.2768309629797967,30.00318736467902,0.27614256951350846,4788.435318522928,True,3.933724379480466,0.14859119942585441,4791.955918159175,True,5.677564120362111,0.3923559609761287,4795.722956785644,Band+BB,9.672084095825085,50.596027208734085,9.29037779666669
bn130427324,58,21.23600000000002,22.772000000000016,5,False,-1.7148961474615936,0.12490445980840181,30.00000033479763,0.0009674389467448918,-2.446056235029604,0.13171061703425968,3967.0001412669335,True,3963.241477574675,False,3957.090537015252,False,10.000004248404148,0.0011963801200183255,30.000001117639115,0.0017507123729245677,3972.376233394399,True,3.812258260943307,0.2103416420601978,3952.0740895495737,True,4.069974621293383,0.23840693201593144,3951.2347382029457,CPL+BB,18.92605171735977,16.00673937172951,-11.285696379147339
bn130427324,59,22.772000000000016,24.436000000000018,5,False,-1.8194022070442497,0.10734934112454575,30.00000049843046,0.0014052719883164144,-2.21129344023659,0.0700610933676169,4102.206695903968,False,4098.681799902672,False,4095.794650084297,False,10.000000700714315,0.0004458892183398788,30.00017875805328,0.035817438715389116,4115.493081495457,True,3.5025658065484144,0.19984912642263097,4090.6723597832415,True,3.9909493862223395,0.3637584238598708,4091.372563888218,Band+BB,15.534336120726039,11.309236014453745,-15.698431411160072
bn130427324,60,24.436000000000018,25.33200000000002,5,False,-1.7260453833597909,0.08530907873852345,30.00000306631788,0.004179115852068094,-3.2588858110139456,1.0429742936724882,2877.4120884399163,True,2873.795939127654,False,2876.0319697765067,False,10.00000175263504,0.0012287474735694914,30.000007490884126,0.010215457213201162,2884.2317127995566,True,3.3427795354819545,0.6747111889697326,2878.0445280363124,True,3.3489576153120435,0.4669895346929529,2876.395033985387,CPL,3.367560403603875,1.40090514226722,-4.199743023049905
bn130427324,61,25.33200000000002,29.04400000000002,5,False,-1.4261202426183557,0.050846223214842556,30.000000013726332,4.139112395584732e-05,-3.1963796323341582,0.20053664012754036,5832.782373951994,True,5734.454317562433,False,5692.441576728903,False,10.00000000013055,2.2297622264133565e-06,30.000000023192424,7.012138939543888e-05,5834.695452106298,True,3.5191665761696824,0.1391747011297415,5690.586602391893,True,4.250086693179999,0.4027963146043838,5695.550967102404,Band+BB,146.19577156010018,42.90335046002929,-138.25387537739516
bn130427324,62,29.04400000000002,31.348000000000017,5,False,-1.5064374567705412,0.04912274320484833,30.00000000000038,2.230123250512861e-07,-4.9999999522040985,0.0007895979551579835,4966.1903496283885,False,4741.1312436870485,False,4721.052559050191,False,10.000000022484814,3.062142839116433e-05,30.000000034612615,0.00013826466724964348,4952.157916409373,False,3.4094691044820453,0.14710132021796962,4709.6982594973715,True,3.4241798326613644,0.13071058780030853,4707.779672519298,CPL+BB,260.492090131017,37.35157116775008,-227.10535735918165
bn130427324,63,31.348000000000017,33.652000000000015,5,False,-1.6161693630136809,0.05975473531414133,30.000000011207813,6.215841876056061e-05,-4.023261352773532,1.0321829477610698,4846.340087527519,False,4695.70704388566,False,4674.278199352182,False,10.000000037642863,3.842691284816624e-05,30.000000001098158,2.9517844492232825e-05,4850.7464990896615,False,3.01307937455991,0.3073291101370452,4672.2930258209635,False,3.16257693591321,0.2272303158639839,4670.730219490713,CPL+BB,178.04706170655572,28.97682439494656,-172.46829973747936
bn130427324,64,33.652000000000015,40.30800000000002,5,False,-1.4319485856503644,0.07330384969558634,30.000001449816704,0.0008321100287957961,-4.999886808947442,0.03975296987371202,6583.599316141514,True,6518.355893725429,False,6518.409142508864,False,10.000000040257822,7.505546194952473e-05,30.000000030026,0.00020680675781825641,6566.777190887276,True,3.3721792684197816,0.24326774587218947,6510.352424327102,False,3.2047784123500627,0.16371090403659672,6510.608475916124,Band+BB,77.24689181441136,11.747417809305261,-44.36804837841282
bn130518580,0,-3.66,9.588000000000012,6,True,-0.9617229810432378,0.18279805617667017,476.87697465407507,213.41523611340673,-2.6127212992847513,0.42714550749839897,7226.389767888557,True,7225.139023121556,True,7226.30993231139,False,181.15121087827285,107.82778746763428,584.6589940901422,776.1589906958509,7228.872504133513,False,31.279559776142367,12.588848818205664,7228.159486920395,True,31.26691132570392,11.555212152211105,7226.096861327365,CPL,2.230280968162333,3.042161794191088,1.4374281778773366
bn130518580,1,9.588000000000012,13.684000000000015,6,True,-0.7218297559889988,0.24938903910420857,221.21139965502587,76.38292658967123,-2.4699104434030157,0.2739024602944702,5171.9301170917015,True,5174.939060651491,True,5170.299242827003,False,85.19649728045749,6.629037322062892,53.07677216391376,892.6059940490818,5171.619848394972,True,25.73909831207885,11.541048509346837,5170.9315959357955,False,nan,nan,nan,SBPL,4.998521155906019,nan,2.6793944320306764
bn130518580,2,13.684000000000015,15.476000000000017,6,True,-0.9365700282455601,0.06372087723791614,601.4219730556594,117.55160223878246,-4.984115454272948,1.5307959573726462,3750.1310981907936,True,3748.1274056965867,True,3751.016615060837,False,87.7951868617876,27.83526935870129,1047.3947062301468,267.2220456872342,3749.62976338944,True,21.91292596713754,8.562827352579816,3758.6879641225896,True,28.7108926356609,9.40430926820601,3748.14562910809,CPL,-4.556865931795983,3.981776588496814,5.386851671396926
bn130518580,3,15.476000000000017,18.16400000000002,6,True,-0.6234756021346776,0.067369183494835,294.7363324575891,24.830895664771447,-2.583156854583942,0.1203197051281033,4562.412492930496,False,nan,True,4561.385820632997,False,179.39937226567068,21.32124006565254,30.00647912052791,4.200333131049874,4563.805467992368,True,38.30793761006959,9.256816237601216,4561.28620774744,True,38.67900945857064,6.603032577247243,4564.555671326468,Band+BB,5.126285183056098,nan,1.5803526406289166
bn130518580,4,18.16400000000002,20.46800000000002,6,True,-0.7931126494853942,0.09905012583446149,272.142574508961,41.268228533266296,-2.8900566581018614,0.5653284730934214,4250.577483487816,True,4249.144767955991,True,4250.326533805579,False,182.20551759478082,131.61136347758577,31.695673681770813,253.22904192003915,4254.315389513744,True,7.35498659918978,3.6216701947109846,4254.359803150057,True,66.32855172770458,0.0,4253.144992891311,CPL,0.21768033775879303,-0.00022493532014777884,0.011144291835080367
bn130518580,5,20.46800000000002,21.364000000000022,6,True,-0.8278225790606771,0.09754515816148457,480.2157915887665,98.63637267873128,-3.119010752971329,0.7823739729375743,2585.2917217345057,False,nan,True,2583.7957857875394,False,146.25560915494515,29.08832909147305,473.68207631620703,651.5889545739572,2581.0479019452546,False,34.753974188132645,12.094905323438175,2578.4533329885203,True,2.4054522090041286,112.16690135993656,2587.793159140883,SBPL,10.838388745985412,nan,6.747883842284864
bn130518580,6,21.364000000000022,22.772000000000023,6,True,-0.8226200368630725,0.07473544697376139,412.67105214269037,76.3424898656923,-2.5379197212843327,0.15180931495044825,3468.1090142308767,True,3472.4419997114196,True,3464.0454952667146,False,161.2360054977729,25.58451767774031,30.192120480291,5.390169763733066,3464.522798777821,True,42.38180962083554,8.284862472893186,3461.0802061397994,True,42.35781606101749,8.556791392072963,3461.1460406346973,Band+BB,11.02880809107728,15.295959076722283,3.5226964888934162
bn130518580,7,22.772000000000023,23.540000000000024,6,True,-0.836271660924255,0.05362482968039678,670.6555360854055,96.51954550702425,-2.502422339652513,0.10656679651888634,2501.713398294919,True,2522.838582348389,True,2499.3581466235364,False,239.1185527777101,29.30481827504498,32.48976572415622,750.7081457573992,2500.886136314148,True,32.3678261064752,11.824341431847394,2500.767931775288,True,38.66330778092569,10.877133521446092,2519.799666242162,SBPL,4.945466519630827,7.038916106227134,2.4720103093882244
bn130518580,8,23.540000000000024,24.052000000000024,6,True,-0.8163970037519624,0.04562781792104309,830.0628732612313,103.77617151973567,-2.8204756539056626,0.19864684014558542,1909.9403105763354,True,1919.095804182346,True,1907.104376561965,True,242.46077212822973,33.400229323376976,865.0275780803673,1002.6410759345135,1889.1953790094328,True,48.405919150135745,14.393666969631521,1893.0201435693264,True,48.81706840342539,16.60512486750698,1891.742234794633,DSBPL,20.920167007009013,31.353569387712923,21.908997552532128
bn130518580,9,24.052000000000024,24.820000000000025,6,True,-0.7520715792798961,0.032513209346803185,622.9554327831106,47.33129814747349,-2.6596128193215995,0.09350722565272873,2740.4650705246463,True,2769.4163172385292,True,2736.5905083207795,False,252.2781661300682,27.228575200718225,40.257270598581414,740.878528916379,2737.4606679951153,True,49.95330633360661,13.932199839587646,2737.758884779985,True,38.264046056286446,6.9785571776216635,2765.1453765878878,SBPL,6.706185744661525,8.270940650641478,3.1298403256641905
bn130518580,10,24.820000000000025,25.588000000000026,6,True,-0.6949007517409569,0.03196282784623222,556.8255431866863,37.5975689170719,-2.634415393974144,0.08419475749728833,2779.554860853372,True,2818.082729690988,True,2769.891289235322,False,210.26430327507725,16.636575380857877,90.59710675368862,913.0462234014494,2765.046867577132,True,49.74649762665715,3.329478252208002,2761.1436228252596,True,52.41112189237951,5.758588833268281,2784.602353435513,Band+BB,22.411238028112166,37.480376255474766,8.84442165818973
bn130518580,11,25.588000000000026,26.356000000000027,6,True,-0.7795330225902446,0.027806608730824578,548.5804483698479,37.288758328447216,-2.590498096977869,0.07294000468813233,2812.095504452494,True,2863.9192231753373,True,2799.0678866915187,False,197.40782492370744,14.451144934348804,62.29429702397666,412.90106360236837,2784.470129744711,True,44.62021408535946,4.755468828579652,2789.250933766656,True,47.74859626876506,4.0307398751767565,2812.905569118385,Band+BB,26.84457068583788,55.01365405695242,18.59775694680775
bn130518580,12,26.356000000000027,27.252000000000027,6,True,-0.7341990458378036,0.033388204742855254,412.60210432101655,28.22473129144055,-2.624065616816363,0.0896332724181701,3005.1009713091958,True,3032.4183793944107,True,2991.145790089087,False,154.9885657099513,7.441918273367762,56.3394636665964,203.53099724712155,2982.639028396302,True,34.64457896649012,3.997383365175576,2981.4167465150713,True,35.964264441047376,3.5278419652941064,2990.844002594773,Band+BB,27.684224794124475,45.574376799637776,12.506761692784949
bn130518580,13,27.252000000000027,27.764000000000028,6,True,-0.7672484688965402,0.05753167974648282,336.47147120318914,34.07406437456598,-2.526181023983965,0.11242302033701312,1833.5158551762904,True,1844.160982747951,True,1830.0311408878786,False,168.60257324762125,33.37592023817882,30.29794853181274,14.484822892502052,1832.907410899285,True,3.3913697811638874,0.9399851257748326,1835.0705517966408,True,41.002835902471084,7.093060264182988,1833.4638823374326,SBPL,2.4453033796496584,14.697100410518487,1.1237299885935954
bn130518580,14,27.764000000000028,28.91600000000003,6,True,-0.7848891381359987,0.030200022682351835,411.94235746578573,25.81380021111613,-2.744838734868565,0.11400628159727466,3488.1165234341547,True,3502.3700206635745,True,3478.850022553691,False,172.5409424123035,8.503821202514132,31.033210648051185,79.21540078882492,3476.718258741714,True,37.628195882609624,5.909280286338676,3473.7454376814717,True,39.042713951974314,8.491482849794304,3474.669420152931,Band+BB,18.37108575268303,31.700600510643653,6.131763811976725
bn130518580,15,28.91600000000003,29.94000000000003,6,True,-0.7598461608236022,0.038819638533519385,345.59040612853755,23.836666965794308,-2.6945033885237755,0.13105043508416303,3160.7925336281523,True,3171.53599759991,True,3158.094748200357,False,172.0284290006355,26.621955079953764,30.02483489496864,2.963516725667729,3160.7747871781953,True,38.02877718617438,5.311713723338961,3156.0686194326727,True,2.1845801320926284,0.0,3175.233246522908,Band+BB,8.723914195479665,0.30275107700208537,1.3199610221618059
bn130518580,16,29.94000000000003,31.73200000000003,6,True,-0.7891091568134858,0.0414250990826352,297.0517569388467,20.22809846646041,-2.4665002988156206,0.0704927462090088,4017.651858341095,True,4038.9556811990637,True,4012.4225499652366,False,157.34155616579022,33.413063383067424,30.004314030922586,1.961962774458124,4015.027041835511,True,2.6796513179758183,0.7483490167665685,4019.778088168551,True,34.865207933511144,4.887127240799115,4021.2594348481016,SBPL,1.8737701725435727,21.696246350962156,1.3955081297253855
bn130518580,17,31.73200000000003,32.75600000000003,6,True,-0.8653190224204694,0.06744000629925329,253.0630905232929,25.778249565391704,-2.5513385124928805,0.13805662177088074,2849.7525691832193,False,nan,True,2848.476414879819,False,145.15041010059073,37.128123075749784,33.419485366564665,94.63604309400242,2852.1090950692346,True,4.136774606746822,1.5436064546978554,2853.6494496209616,False,1.000000133177747,0.0,2859.22575279558,SBPL,0.10311956225768881,nan,0.3673198105843767
bn130518580,18,32.75600000000003,33.90800000000003,6,True,-0.8385396334551742,0.11646490937556431,214.7478267190412,33.48353073471468,-2.283336280143513,0.1043646371138518,3006.0943246635998,False,nan,True,3005.9872832341425,False,899.9917488302705,12.636392114150112,46.080980028804056,297.3838729898186,3008.742832855223,True,4.293732911327141,1.9939027041160022,3008.546033013785,False,1.0000421645270574,0.0,3019.226279979059,SBPL,1.548291649814928,nan,1.244450378919737
bn130518580,19,33.90800000000003,39.028000000000034,6,True,-1.0277122640024743,0.08313488453394813,237.82422331274606,33.6534120077587,-2.327027869685583,0.11094871063812972,5718.3736008975475,False,nan,True,5717.928415007983,False,nan,nan,nan,nan,nan,True,27.622721335770404,7.142223258186528,5717.967705584935,True,28.238027596252792,4.8961928093926055,5728.220450739854,SBPL,4.4058953126123015,nan,nan
bn130518580,20,39.028000000000034,48.75600000000004,6,True,-1.1813329152901266,0.1430136699989062,189.54977411488454,52.448468407034326,-2.4333726830267186,0.23315788358770173,6869.647473379922,False,nan,False,6868.238923361116,False,131.0515651446132,85.25471462074486,46.24866642339815,33.028766603563824,6872.302129168578,True,4.153998333623374,0.7085520989520722,6863.356519282496,True,31.440690535677437,6.757665733229773,6862.010705010001,CPL+BB,10.290954097426038,nan,-0.06320580746250926
bn130518580,21,48.75600000000004,52.276000000000046,6,True,-0.7457549008270868,0.4150437422992099,86.18687632428481,18.973407906721597,-4.809202929934415,0.7409652005468463,4928.785954027725,True,4930.712441170559,True,4932.719093927898,False,nan,nan,nan,nan,nan,False,25.88979975633024,2.7168729626693224,4931.6833578308815,False,23.92215909386255,0.0,4933.526070258868,Band,1.1025961968434785,1.1863709116914833,nan
bn131113483,0,5.044000000000011,26.10000000000003,3,True,-0.1813916379541888,0.09492005821916794,171.6958946080728,9.994853622857121,-4.054048386839025,1.0465423028400345,4582.380201701661,True,4580.263676772454,True,4583.510458866719,True,20.684558135169517,1.7858248460915824,164.82015417575172,10.629950816111403,4582.114206410529,True,44.441107682928234,4.563134787406977,4584.322813050758,False,1.0318964885560653,6.320636934688809,4584.263571070931,CPL,2.0573886509027943,0.00010570152335276362,5.396252456190268
bn131113483,1,26.10000000000003,32.116000000000035,3,True,-0.37542473390630354,0.12198996762242695,149.46929332948488,13.942002470753408,-2.730802961639269,0.49111434195531745,3263.5528224169047,True,3263.090982874684,True,3264.011955393763,True,18.990556896885654,2.461145894537072,154.0546518838016,13.846777370652788,3263.9052481910335,True,39.044827359936455,5.626082025109284,3263.6917972502342,False,1.0081193083119537,0.023350934334119167,3267.091401810176,CPL,3.8610251666705153,-0.0004189354922345956,4.106707202729467
bn131113483,2,32.116000000000035,35.44400000000004,3,True,-0.36096749766143604,0.09112751841474645,151.51231517352264,9.776373164719331,-3.276858704092585,0.7062623727507731,2699.6680160992573,True,2698.6108576766733,False,2699.5188239328545,True,11.297725417369698,4.18409675153896,134.61687341004117,7.930522841142661,2702.948849707859,True,39.239650578633,4.736556087637567,2702.4882685025377,True,30.963535808161822,6.1057231666122505,2701.3048506204123,CPL,1.1797475967196078,1.3060070562610235,0.5699742249953488
bn131113483,3,35.44400000000004,39.15600000000004,3,True,-0.6343933974273139,0.10346794971492246,127.43949019345638,9.433599605576767,-4.527312108072873,1.080556389133393,2761.123618720568,True,2759.195778525768,False,2761.1249775823653,False,10.001275347689875,0.11297180508548532,114.7653607454461,9.821861075286286,2765.213008791343,True,27.051283529316887,3.144429585483664,2763.3179493185535,True,3.6959176317171782,3.004106451233876,2762.9343966456045,CPL,1.8056694020147006,0.2613818801637535,-0.08803120897755434
bn131113483,4,39.15600000000004,45.68400000000005,3,True,-0.665808149631742,0.29156527692784917,84.81605766698961,18.068019807854604,-2.7257583127275797,0.9131714651776761,3300.8829818604045,True,3298.975856191415,True,3300.6858499375417,True,47.36798916078265,218.62259107660546,80.56363968457197,7.217515778313974,3304.011934087004,True,4.909164914915434,0.7839787208509923,3302.7938756334975,True,18.227804788890857,4.328513209801547,3302.2049615024202,CPL,2.089106226907006,0.7708946889947583,0.6739158505374689
bn140608153,0,1.9720000000000297,9.716000000000037,6,True,-0.9947089306474117,0.11558272087693994,193.125331297666,32.9263478313964,-2.5612489665646385,0.7043064142050749,7643.199167984749,True,7641.725419878576,False,7641.637527094428,False,899.9911070791223,6.864566029384946,79.53122821481608,26.36513038985389,7640.763581423506,True,3.6171294523685975,0.9831108129925024,7634.960146588966,True,3.5937292025817444,0.46243718594382166,7633.4857007941255,CPL+BB,12.239021395782402,12.239719084450371,4.873945670921785
bn140608153,1,9.716000000000037,22.260000000000048,6,True,-0.9433442407682302,0.061964438129121724,166.90558282411212,12.32628854185603,-4.423542989611456,1.1058450137606821,8745.324596172988,True,8743.42221154197,False,8743.977823295603,False,896.8441395219063,84.09001758231398,30.464633682393348,21.423905119460933,8745.925108491234,True,4.301285802060994,0.9559461952028152,8745.662263476708,True,4.178710659880891,0.6664053881058887,8744.020752005472,CPL,3.6623326962799183,3.4014595364988054,2.052714804369316
bn140608153,2,22.260000000000048,42.036000000000065,6,True,-1.3596068021677357,0.07878759453643103,128.0076853814128,17.533410562355975,-4.7846052418529,0.8277093548795535,9667.623136226197,True,9665.640354148134,False,9666.749338999005,False,263.006759386773,251.73487762069416,115.56130860463986,101.97249754911749,9668.849379561942,True,3.4048859960773026,0.7524793206857077,9669.20557822553,True,3.4053293912853526,0.8601991778248974,9667.211394718837,CPL,2.4175580006667587,2.4289594292968104,1.899959437063444
bn150202999,0,-3.0199999999999854,0.8840000000000181,7,True,-0.934200649868029,0.2601705919035672,342.1952587234472,213.40982115848448,-3.011941707546108,0.9636739089910014,5799.586046360306,False,nan,True,5799.0967984490935,False,22.9156394157179,5.27714637253098,1066.3776229576413,857.2940172414278,5799.0610782305275,True,1.4959962279621435,125.3901636621919,5803.586065969275,False,48.219407428925294,0.0,5807.941073045803,SBPL,-1.9608969523687847e-05,nan,4.035720218565984
bn150202999,1,0.8840000000000181,3.4440000000000204,7,True,-0.6882977424293726,0.15078291721633552,236.47153314566847,50.09037170276133,-2.5135529211896843,0.2725695259762766,4910.580953450532,False,nan,True,4910.815033280356,True,15.14074685937488,1.354675531446718,234.5603339880157,57.06873463427297,4912.62889330116,True,24.74213624096566,55.96287998283625,4914.580951911008,True,75.36300848979049,0.0,4913.575221132619,Band,1.53952441905858e-06,nan,2.186139979196014
bn150202999,2,3.4440000000000204,4.852000000000022,7,True,-0.747620438303293,0.20891687870855224,172.76741584391752,42.86966888627144,-2.549192261576575,0.3329473306173445,3688.6188559744105,True,3687.5419937913002,True,3687.8140184038666,True,11.308738440199143,1.7475133279252404,158.0554693618741,31.01460532949254,3691.8253534345836,True,22.78403336762832,5.969130964233121,3690.870250608953,True,22.848876688745193,7.757297570767867,3689.7317508490255,CPL,1.748605365457479,1.8102429422747264,-0.011335030716963956
bn150202999,3,4.852000000000022,5.8760000000000225,7,True,-0.30369451979247314,0.15606111864129182,160.0398619472084,19.03855139675042,-2.69119701895417,0.258696360810863,2913.1227865170204,False,nan,True,2912.0209378272416,True,49.57807805788292,175.09818844557523,140.66093253529567,12.567439944285354,2916.917680295584,True,21.055177785811566,4.453372137492257,2916.281081925595,True,26.69604162306719,5.201198948042602,2912.0240953188427,SBPL,0.8417045914252412,nan,-0.8967424683423815
bn150202999,4,5.8760000000000225,6.516000000000023,7,True,-0.6842242574582191,0.090273861365612,313.85470430969104,39.87602941459082,-2.7943964784565436,0.3008661471264924,2050.9018331103857,False,nan,True,2050.0203171431767,False,147.62364752943492,44.25034118596627,39.63927877583185,861.6338382172198,2053.5944512527158,True,4.868619174499995,1.5152197363740545,2054.3593277065174,True,38.680026847457505,13.617056624103231,2051.495114864676,SBPL,0.5425054038680628,nan,0.4258658904609547
bn150202999,5,6.516000000000023,7.540000000000024,7,True,-0.6364475023419877,0.1298973969803248,178.05027882477512,23.80303636546094,-2.5098577570949345,0.1838985366442849,2877.907437015167,True,2878.826798023387,True,2877.990946254542,True,12.389771436780348,2.3323919841549596,174.3123630620458,19.13916658703529,2881.609786454412,True,29.536298258946246,46.68076233322378,2881.907377407463,True,44.792333337473536,0.0,2888.353607063524,Band,5.960770386082004e-05,-5.526809040137323,0.381159800129808
bn150202999,6,7.540000000000024,8.052000000000024,7,True,-0.5912987012544931,0.07894367262301732,291.0787496173141,33.57166698492696,-2.586614691162254,0.14710675703572051,1589.9782047028411,False,nan,True,1585.9526619388982,False,116.58414502960416,13.650128011794578,953.3936955437277,647.9336082099458,1584.4477988690846,True,113.07433216598135,64.24312232910032,1593.9781904470124,True,33.01148277138223,5.091382598092039,1583.6244876992469,CPL+BB,1.4255828773457324e-05,nan,5.504863069813609
bn150202999,7,8.052000000000024,8.436000000000025,7,True,-0.8375359766966118,0.056012228241374085,570.6286372656018,87.91137675737124,-2.4464033894586183,0.08396322783059862,1189.2072618239147,True,1229.8600964506475,True,1186.582418735712,True,213.35221159049922,32.258357512164665,1515.0395619647513,816.8418175568801,1179.933745980842,True,174.33612430571472,0.0,7145.320766838195,True,46.76523814190622,6.910097938954831,1180.672008830712,DSBPL,-5952.11350501428,53.18808761993546,10.64867275486995
bn150202999,8,8.436000000000025,9.332000000000026,7,True,-0.6721965276252853,0.05844486788090292,257.38968997342937,19.92867868297212,-2.4413416769147513,0.07287050194756706,2843.835910751135,False,nan,True,2844.613935229428,True,18.79089476349295,78.58216134584345,229.44070970195577,11.194510896056585,2845.343681375612,True,5.071132834119254,0.9654727075777985,2844.8788492904023,True,67.21922908962105,0.0,2881.7869676437303,Band,2.9570614607328025,nan,3.2702538538160297
bn150202999,9,9.332000000000026,10.740000000000027,7,True,-0.8024109207405646,0.048088739167976124,291.1737925120405,24.366382273809876,-2.693014653528856,0.14542765615958508,3731.517909636575,True,3734.9169808951187,True,3729.2310951042405,True,110.53195259590356,64.4598029431261,274.7734813094785,721.9984938896055,3731.5922292962914,True,26.110722619322697,9.96189803182294,3732.399477625378,True,50.79734581023559,0.0,3738.9167464191983,SBPL,3.118432011197001,0.00023447592047887156,1.6388658079490597
bn150202999,10,10.740000000000027,12.148000000000028,7,True,-0.622447712764864,0.07090504409673337,204.88592233719964,16.63983449851348,-3.1500503216173037,0.6912392249501282,3623.06905101275,False,nan,True,3623.2813791032713,True,44.82774083860863,18.447194432152948,179.67110971000955,14.791518887663798,3626.255068688384,True,48.12036667351097,18.098162997577532,3626.6562831324327,True,46.28948471703552,0.0,3626.773536286233,Band,0.41276788031746037,nan,1.0263104148871207
bn150202999,11,12.148000000000028,12.404000000000028,7,True,-0.593112883599734,0.41002725163357673,112.21565941178706,31.810855147560787,-2.404172518586461,0.2772805216545353,-144.56565080267282,False,nan,True,-144.81499697569365,False,nan,nan,nan,nan,nan,True,4.404596808894998,0.78755433935387,-144.51759828005945,True,20.465140914071277,3.3579441637915615,-146.14064005307625,CPL+BB,3.951947477386625,nan,nan
bn150202999,12,12.404000000000028,13.172000000000029,7,True,-0.7253627955572766,0.09071058960555167,262.20139831019515,37.386820738496354,-2.69992711283027,0.32882442335193685,2365.3075565376093,False,nan,True,2364.202421682559,True,59.39065458123418,27.06659716402798,251.06231792026168,62.55971694319216,2368.561956981937,True,31.390060201662525,10.738947962035716,2367.8044890195797,True,79.50984431639561,0.0,2373.9862225433535,SBPL,1.5030675180296384,nan,-0.359535299377967
bn150202999,13,13.172000000000029,13.42800000000003,7,True,-0.7387513378024434,0.11280156057549379,396.2256517290205,79.10203937327961,-2.4808333440511277,0.1622632515675655,164.39454444221448,True,168.17185064715824,True,161.91559998850747,True,87.11106794514765,53.60501020983793,3008.4682118186197,1187.7375054174063,156.44543318400338,True,37.338835450724275,5.855756436340023,152.9339796134591,True,37.93706883531017,6.157907827510197,151.0633511339198,CPL+BB,15.460564828755395,21.108499513238428,9.470166804504089
bn150202999,14,13.42800000000003,14.83600000000003,7,True,-0.7710604600201738,0.09618752414046855,189.18723647957108,21.98235563531952,-2.3764181918253424,0.08630241660525595,3669.145032168908,True,3678.997743529995,True,3668.3765734939334,True,13.23168863070033,11.320361122039298,183.13481483601748,18.871500242538787,3672.182446055301,True,1.2275852997385361,0.210068217444635,3673.0307713237376,True,45.01132197120952,0.0,3691.1783807095117,SBPL,0.11426084517052004,-8.180637179516452,0.19412743863222204
bn150202999,15,14.83600000000003,15.604000000000031,7,True,-0.5926384063763254,0.0711964470555303,260.31315931329726,24.232858079919595,-2.4668041229945548,0.0791630526717726,2397.519694379729,False,nan,True,2395.6045038701077,True,67.87931841053465,126.98222784151545,226.9667619057775,20.074166796346645,2399.19965498734,True,90.58310365169682,66.62419993746707,2401.5197269780956,True,39.91259719103438,3.077606197443732,2407.810520411628,SBPL,-3.2598366487945896e-05,nan,0.4048488827675101
bn150202999,16,15.604000000000031,15.860000000000031,7,False,-0.6412028681114101,0.14679798265288319,189.54155163355514,29.99151798845176,-4.99984843474493,0.023815591810477432,-95.82374704011457,True,-97.87084360366666,True,-95.15436929447846,True,35.08773498517317,43.00704948303849,171.36110456407718,36.1233425979983,-91.67356723744825,True,10.441811100096347,4.073854133285909,-92.54487945075945,False,51.67541057622672,0.0,-90.97429015906968,CPL,0.7211324106448842,-2.896553444596975,0.5191979429697966
bn150202999,17,15.860000000000031,16.756000000000032,7,True,-1.2580672048456378,0.10592111157327377,298.2347576241403,109.84882329903633,-2.61561029157022,0.4489842957531027,2491.1034688515733,True,2489.6767843295365,True,2490.9594945635627,False,251.4935269045391,232.44664658711878,246.59777330889062,62.78719620782233,2494.4413634325365,True,55.795864466541985,5.008966452334501,2493.529943106687,False,45.9419224555846,0.0,2503.156117236423,CPL,1.5735257448864104,-9.479332906886611,0.5181311310261663
bn150202999,18,16.756000000000032,19.316000000000034,7,True,-1.1562664752959977,0.22883790359149753,107.64686754545468,33.72494119687015,-2.4249552724513572,0.3418114634826619,4802.593482643928,True,4801.02149328058,True,4803.10855126172,False,nan,nan,nan,nan,nan,True,19.10301008842971,8.071758197210757,4806.428400311144,True,19.87637937854496,5.974947325699686,4804.850581407974,CPL,0.1650823327836406,0.1709118726066663,nan
bn150213001,0,-0.011999999999990352,0.11600000000000965,3,True,-0.6616723606531837,0.43284052354620545,101.95006660992453,45.20950179839053,-1.95871569851977,0.19646129515231403,-1032.1663718982147,True,-1032.3296166412772,True,-1032.2200078141,True,12.184826724851996,2.0237616234633364,185.0444470829446,109.25503701501574,-1029.1476159644462,False,5.2414600849763495,1.0653452467468543,-1030.261384824987,True,16.244368655131545,6.16270286961238,-1029.403651689298,CPL,2.0950129267723696,1.0740350480207326,0.9276081503462592
bn150213001,1,0.11600000000000965,0.5000000000000097,3,False,0.22591394777022145,0.6943030225200788,31.79361205597728,7.445716509755499,-2.091127352082486,0.05402843799213919,220.45525608415988,True,266.6553205472719,False,218.52870511515954,True,10.96764473452677,2.1495159626034175,46.86036056611817,9.649552149324958,220.43787216460248,True,5.285031430388046,0.47179290602891344,220.45657061759619,True,8.953244056441285,1.1145142007206115,236.2751932089746,DSBPL,3.9986854665636997,34.380127338297314,2.0908329505570578
bn150213001,2,0.5000000000000097,0.8840000000000097,3,False,-0.5389338553648544,0.18154698520199997,30.000011015395955,0.003282325536504871,-2.4097457254601715,0.04695640105759691,234.2153509197994,True,297.8735310968475,False,234.01249145069735,False,10.119732057450685,0.3649584195654558,30.000000533636197,0.0008375740418706812,239.19594036338444,False,3.453182857571279,0.3200136960953497,229.7148138659074,True,6.379810341008669,0.603319254293321,242.84661648436423,CPL+BB,8.500537053892003,59.02691461248327,-1.1834489126870835
bn150213001,3,0.8840000000000097,1.3960000000000097,3,False,-0.5495200565913037,0.1233057357544789,30.000000000017174,4.434721480706116e-06,-2.6003564805636614,0.03749293839387424,525.8688083068998,True,622.6292649353594,False,512.0825086447887,False,10.488357742493994,0.41388387332142607,30.00000059096132,0.0008132103655356104,514.9543463404826,True,4.21276995322797,0.33456865765334776,514.181936325783,True,6.160979640779927,0.5835093487767424,543.7405451485785,Band+BB,15.686871981116838,82.88871978678094,1.1281623043061586
bn150213001,4,1.3960000000000097,1.6520000000000097,3,True,-1.0755054135942854,0.15012813777042044,39.500078160950586,2.41238482445587,-2.769354247040354,0.13321815628282474,-193.59851851524974,True,-186.15813110410375,True,-197.3553191801023,False,10.166191609538194,0.529963581043388,39.01605301490131,3.151368424461822,-194.97865178924923,False,26.959004799390346,4.0992829816235155,-196.62261658576477,True,7.616061919008628,1.0909206633629385,-195.82689504798122,SBPL,7.024098070515038,13.66876394387748,1.623332609146928
bn150213001,5,1.6520000000000097,1.9080000000000097,3,True,-0.8927205901686024,0.11655016544907276,44.50534270384634,2.1499177724872744,-2.7485871699019344,0.10029450033884846,-128.56347719926765,True,-101.84820592932867,True,-133.4760182587886,False,10.523243113780085,0.5051744798129434,45.264788391365634,2.9808684257634397,-139.1567627742747,True,4.566062808392667,0.2689265443328783,-137.60630147321655,True,6.779555388910838,1.1196078683882322,-122.47814166171975,Band+BB,13.042824273948895,24.629935732391075,9.680744515486111
bn150213001,6,1.9080000000000097,2.1640000000000095,3,True,-1.1025180825211096,0.03545191919167545,94.58051709365135,2.7460201849615657,-4.483406023392114,0.900117029967826,-14.06983250957768,True,-15.38927441380929,True,-10.264144484784453,True,13.641775515342378,2.3526218995243635,106.20167767069962,6.167417520365682,-22.112104763704906,True,5.5848159319017,0.5172752267355052,-21.31825216006993,True,5.857371447575845,0.5763821500944006,-22.125544517946764,CPL+BB,11.248419650492252,10.736270104137475,15.847960278920453
bn150213001,7,2.1640000000000095,2.54800000000001,3,True,-0.8863444041885099,0.03749569494142485,90.92072749463854,2.5378641265528117,-3.1773576357222835,0.13095460601851272,491.3225195309117,True,516.7721854518533,True,495.9463926928295,True,11.428276451609719,0.535379810849749,93.99538340874149,3.0970204347711103,477.04724771913357,True,4.982436140518456,0.23590696615338524,475.8237141946503,True,17.637482674090887,2.1340170982728504,514.5190490327884,Band+BB,19.4988053362614,6.2531364190649015,22.89914497369591
bn150213001,8,2.54800000000001,2.67600000000001,3,True,-1.026342229990269,0.07510467977824237,70.24627252770296,3.3933361070259664,-3.0848781268523977,0.24384201081065537,-793.6201821435362,True,-786.9344380498103,True,-790.7666642101142,False,10.735302721454962,0.9828113891900223,74.8543952648775,6.0756647014476854,-790.8637581047178,False,22.83711948779983,1.7940139523455834,-793.8755036617304,True,5.086740383945553,1.4046272253618475,-784.45380736341,Band,4.255321518194137,1.5193693135996682,4.097093894603631
bn150213001,9,2.67600000000001,2.80400000000001,3,True,-1.0529685880285005,0.10443448774303038,59.30546053233896,3.5814516064141877,-2.9032509509694338,0.20138604346221034,-840.3717590498326,True,-834.3152953041833,True,-841.3563424375276,True,13.449967291526038,1.4133233431474972,62.51030959113604,7.469246053331151,-842.1139762457022,False,23.362416502130735,2.186026622360952,-843.5214318356217,True,197.22876028712173,18.255487197320022,-840.4039696814884,DSBPL,7.149672785789107,10.088674377305097,4.75763380817466
bn150213001,10,2.80400000000001,2.9320000000000097,3,True,-1.1858562397159482,0.1893569828857643,50.26649376616903,7.158215312526334,-2.419153194609943,0.12072620832607162,-803.1288305370017,True,-791.9290989001147,True,-804.5356194548677,False,10.092116284341373,0.7600051235379368,50.52771347254134,7.772658176123329,-801.2711120511651,True,5.342868566332484,1.4611424358095577,-801.3444447704628,True,8.670388540063163,1.6974526837924144,-797.8611768623027,SBPL,2.2156142334611104,9.932077962188032,0.7354925962973766
bn150213001,11,2.9320000000000097,3.1880000000000095,3,True,-1.4067823368116013,0.07812672803110343,58.27888990813868,3.6319778635051243,-3.1933777625905755,0.5033113560323181,-223.3828255947752,True,-222.96900862931054,True,-223.74915723589393,True,14.877480040479787,2.4335897166573304,36.80181520961183,31.646097808008065,-222.24554392451816,False,29.46064593208273,4.985476822522704,-223.07577128430182,True,6.493293343029931,1.7576279903295868,-223.0611853553993,SBPL,3.692945689526624,4.092176726088752,2.496386688624227
bn150213001,12,3.1880000000000095,3.57200000000001,3,True,-1.0207794948872537,0.21975653677040363,37.36308146842189,3.919293739972744,-2.369415468933039,0.07131247566065313,170.12679106292518,True,185.69008360110223,True,167.68244402349933,False,13.661005614634535,11.659310530823099,30.00738813182136,0.8447633025282766,171.70498490108594,False,22.460548332573214,4.2835817907586655,168.71829918806566,True,6.928867352904159,1.0066885525901497,174.02829437274514,SBPL,5.408491874859521,15.661789228357094,-0.022540877586607166
bn150213001,13,3.57200000000001,4.084000000000009,3,False,-0.3946933530814496,0.21738677484097463,30.057624763243894,0.8272418730789273,-2.340378584756312,0.04613810207378788,417.599066924103,True,433.7758900264479,False,409.76421715240656,False,12.6934403398987,0.648981192840143,30.001049973663974,0.1581494463779869,410.36211041975145,False,4.865217997594519,0.24892540470546143,405.00168266387806,True,5.143919809011473,0.3210584057312942,416.57666505746266,CPL+BB,16.597384260224942,21.19922496898522,3.4021067326551133
bn150213001,14,4.084000000000009,4.59600000000001,3,True,-0.8849665248318516,0.3118550959509918,36.42148658899883,4.4926689795310395,-2.5652507466184464,0.1682945223730843,412.8818375952481,True,416.1304234362882,True,410.6899190881231,False,12.41661800886256,0.9568514737990794,30.104067210211156,7.436137069735862,413.35424451601966,True,4.601616837695841,0.7171854509670323,413.5741985054558,False,41.30421717756137,8.234944556250213,411.7609115490113,SBPL,3.3076390897923034,8.369511887276872,1.3356745721034144
bn150213001,15,4.59600000000001,6.00400000000001,3,True,-1.620449495720754,0.0950248474714599,43.91395503637541,4.612542156258382,-4.248696647422757,1.0996670285617907,1372.0999997878293,True,1370.168338532281,True,1372.419732027493,False,nan,nan,nan,nan,nan,True,3.825311477653975,0.32866759462199746,1371.5199427120453,True,3.973522400719257,0.4365704413630618,1370.2416076066513,CPL,4.580057075783998,3.9267309256297267,nan
bn150213001,16,6.00400000000001,8.82000000000001,3,False,-1.0908441457972233,0.4106013859695635,30.000000000005993,5.172320525659302e-06,-2.9593694312184016,0.4791097377051756,2104.813894857625,False,2115.5065076889405,False,2100.8501805084966,False,nan,nan,nan,nan,nan,False,3.8092735454379025,0.5792510894118126,2104.585685208927,False,22.40171501657725,6.7410514658336345,2102.2326080350913,SBPL,4.228209648698339,17.273899653849185,nan
bn150306993,0,-0.3959999999999866,0.24400000000001398,2,False,0.04796299490008075,0.4770301753538453,502.6733490933972,93.3739234008778,-4.999993957998773,0.02583681886813549,450.26620481682454,True,448.23043684717595,False,450.34745291581,False,10.003864367156142,2.2870903256217145,519.5778121490159,75.34050716292933,453.04703858338826,False,19.676711240192294,7.03552261633024,452.1628212259902,True,113.95210013817149,7.43988498862204,455.6843770711731,CPL,2.103383590834312,-3.453940223997165,1.3004143324217239
bn150306993,1,0.24400000000001398,1.9080000000000155,2,True,0.1482023275282486,0.20360447424385508,290.11877424531616,24.580576175654443,-3.445899324234342,0.8512410679453113,1205.8778411115532,True,1204.7230808044746,True,1206.6768647339368,True,76.10406872117885,15.734087809189344,319.22387899720883,38.593577486552874,1209.0563383242054,False,66.31561524386171,2.548745946854879,1247.0342076599168,False,66.31919317952617,2.5177960471260405,1245.0342656391017,CPL,-37.15636654836362,-36.311184834627056,1.620526409731383
bn150306993,2,1.9080000000000155,2.9320000000000164,2,True,-0.016355266249730133,0.27513649850801897,176.7665193973454,23.328477464989405,-2.5976017581250286,0.2425805843667821,822.3246196001472,True,826.4945745820571,True,821.559424058895,False,119.28397524829748,18.280846082746756,30.000201748007402,1.2203279853936877,824.6841208541401,False,33.360519476545925,5.355969733849088,823.2006009525251,True,33.221105296897726,5.704633321849132,821.1383046096312,CPL+BB,3.124018647622165,9.356269972425935,0.8753032047549141
bn150306993,3,2.9320000000000164,4.852000000000018,2,True,-0.00734730345365311,0.11018698680528939,214.98750499946124,9.382667513296028,-4.143887022208734,0.641606773355998,1292.6408494943319,True,1290.4718485745295,False,1290.9992017832665,True,140.37354388912158,11.377314418995454,410.0446112090925,58.217341033780116,1292.6641486304538,False,44.511283261686756,5.990140756519327,1292.788834745036,True,44.28698035224233,3.670906656400284,1290.6305884535527,CPL,3.852014749295904,3.8412601209768127,2.335053152812634
bn150306993,4,4.852000000000018,6.64400000000002,2,True,-0.07616581709686955,0.13500660436520956,168.16385629259003,9.582993070643766,-3.3252777573674286,0.3688277305306553,1188.381942253429,True,1192.1936896037587,True,1190.2648917002166,False,790.7228898480375,244.31246586809306,129.1295731498168,90.09747806691686,1189.4837913259998,False,10.612547312021094,1.284348550685439,1185.4747498731485,True,37.88176894832859,2.3161568178887535,1189.7974455048184,Band,6.907192380280549,6.396244098940315,4.781100374216749
bn150306993,5,6.64400000000002,11.124000000000024,2,True,-0.3777133956437503,0.14367691605365512,135.7314308776046,9.579798740170673,-2.8794903258977893,0.20976720417845995,1872.964346174443,True,1876.8125547940392,True,1873.5938543369484,False,602.1746869905445,181.36329059699563,124.97002190664996,7.553327348385075,1875.4894584665597,True,28.525798759494542,3.095114554932863,1874.256335937384,True,28.650335340649935,3.2884820794484177,1872.9530581963809,CPL+BB,2.7080102370591703,7.859496597658335,2.104395870388771
bn150306993,6,11.124000000000024,15.220000000000027,2,True,-0.8787462331999267,0.17221308609011787,101.03920522083865,8.973267601434536,-4.995871024234029,0.6157495687133963,1756.7734307654428,True,1754.8074327933614,False,1756.4112284581352,False,899.2159826647388,181.86517479489936,44.12337583965348,128.2230070208956,1759.9130760559333,False,1.5176783019002205,0.2725403284339303,1758.051032071684,True,22.964315952951644,3.945554564468887,1756.9433295147578,CPL,2.722398693758805,1.8641032786035794,0.4981524022018675
bn150306993,7,15.220000000000027,22.260000000000034,2,True,-0.870087801190973,0.34036414777670365,50.909543740227235,5.180205056441974,-3.2624420023097653,0.6691151155469954,2144.9818416229273,False,2144.457432208422,False,2145.887502895497,False,nan,nan,nan,nan,nan,False,16.099620834837058,2.690285485643523,2148.032346300686,False,14.217292987005047,2.0294845002949184,2146.6545592617476,Band,0.9494953222410913,1.8028729466741424,nan
bn150306993,8,22.260000000000034,26.932000000000038,2,False,-1.5356897041842803,0.28102240389540967,30.00000180786978,0.007364976233283471,-3.473970597266909,1.0609907178267917,1816.5171400950348,False,1815.4309846568503,False,1815.652375119135,False,nan,nan,nan,nan,nan,False,2.879381651755485,0.5480643339958524,1816.842492042751,False,2.7254424896970106,0.697076192456181,1814.8809588231984,CPL+BB,3.6746480522838283,4.550025833651944,nan
bn150630223,0,-0.6519999999999904,1.1400000000000112,2,False,-1.3196685644016772,0.08364167183559656,2469.864570344677,1362.7417676817913,-1.600000295971024,0.00029195867900200234,1067.4347415882423,False,1065.9660959639114,True,1067.2563994833163,False,48.03093075994838,250.37040872451232,4999.985964591521,7.930742094656125,1074.5603106366732,False,3.6194752995212296,1.3038437045294238,1071.062208436097,False,4.307911845868394,8.176820626066837,1069.9660907899188,SBPL,0.37253315214525173,5.173992576601449e-06,-3.303911153356921
bn150630223,1,1.1400000000000112,1.6520000000000117,2,False,-1.27400690013518,0.17456895682511508,220.5286917192393,88.12977322386143,-4.999741966425961,0.23971333607846113,153.5233183536356,True,151.51737815110602,False,153.68200374453392,False,12.151158140744714,4.1371620291101046,364.33743751252615,170.1979260214243,156.54443043347726,False,5.41673536227064,2.2585363136381718,157.1106665961124,True,5.400593245537042,2.1203810429373227,155.09680088876843,CPL,0.41265175752320715,0.42057726233758785,1.1375733110566557
bn150630223,2,1.6520000000000117,2.164000000000012,2,False,-0.7458972126960555,0.5556749696800074,30.000194705065624,0.15325886956074797,-1.8487767256583516,0.08144695006179714,128.45273283071344,True,128.08723586516786,False,129.93266238740827,False,10.291833279013389,1.4724147868350705,1472.9027204343708,1185.1121515113116,131.8724036401032,True,6.355494837713987,1.1150358760983123,130.43582776372492,True,6.35746736110477,1.1885684362001188,128.44075729394137,CPL,2.016905066988542,3.6464785712264955,2.0602587473050704
bn150630223,3,2.164000000000012,5.492000000000015,2,False,-1.8999999830402465,4.847237933280901e-05,285.94597070924647,136.0648438115203,-3.04770209536118,1.0911603641309524,1553.7601891766913,True,1551.6245711980964,False,1551.81068874309,False,559.0536881863651,128.29773388753367,333.63639576152116,100.52380745527601,1553.9752406787916,True,3.6334606840508337,0.17639304476691287,1520.365829905843,True,3.6253702645443817,0.25677675024761504,1518.8415623336973,CPL+BB,37.39435927084833,36.78300886439911,1.8354480642983617
bn150630223,4,5.492000000000015,7.156000000000017,2,False,-1.8999999181135308,6.230673900098349e-05,87.80995318137103,38.36967136533954,-4.998668558488136,1.087229039447816,1051.1621057726225,False,1045.9200751316848,False,1038.010850685822,False,10.693204372702544,88.18604715885309,138.06951750235106,137.7890545844336,1048.8502514629404,False,2.6582816896674877,0.2761398246707496,1020.2179879763393,True,2.659996922828084,0.21950430528377618,1018.1839965453544,CPL+BB,34.944117796283194,31.73607858633045,-6.839400777118271
bn150630223,5,7.156000000000017,9.204000000000018,2,False,-1.8999997673077187,0.00012396042879991853,90.99358522797648,57.21951463732941,-4.536840545212632,0.9008686427191299,1144.8718113600635,False,1140.1795529010749,False,1135.7947999941068,False,18.401182660278177,183.80665434893456,66.71574982938314,487.0477622017268,1144.534464776077,False,3.2052885653482615,0.2987592166788773,1127.989591398856,True,3.2066931555053277,0.2260472804953857,1125.9634795358797,CPL+BB,20.88221996120751,18.216073365195143,-4.7396647819700775
bn150630223,6,9.204000000000018,10.61200000000002,2,False,-1.8999985880992996,0.0003732570501938648,88.61427909496695,102.01223967046433,-4.943910880533673,1.82412464611137,858.5317188313842,False,855.014194285247,False,856.6337228252473,False,10.803888129632153,134.8301539253909,41.95979089065794,119.11377841010295,860.0915413606722,False,3.4265836759717576,0.30626760053016744,841.9165181324614,True,3.424923318044159,0.25266643818253587,839.8939363140692,CPL+BB,20.615200698922763,19.120257971177807,0.542181464575151
bn150630223,7,10.61200000000002,13.428000000000022,2,True,-1.862038433068989,0.11697863494276306,38.36777945583904,1347.439623250339,-1.88677190951889,0.07142538032412082,1341.9956732802666,True,1339.596702688505,False,1341.3540586588238,False,507.26275726752664,234.71791695045593,378.16293150005095,314.02127545378096,1344.9073291474542,True,2.290342476260093,0.3253092247936388,1333.7774204669952,True,2.291157003209836,0.33896923663207734,1331.778459178829,CPL+BB,12.21825281327142,11.818243509675995,0.44672951136954
bn150630223,8,13.428000000000022,22.90000000000003,2,True,-1.0585254588740467,0.3834636140914192,114.04215866245102,58.770003442300926,-2.6177048351511263,1.0087441003703561,2180.8031243145624,True,2178.9772408614535,True,2180.778385349577,False,728.9015675303639,284.2431463090968,105.79478943268691,36.34033123955124,2184.5503807820305,True,2.675936052769407,0.7783449696016089,2183.7466094594624,True,21.50506241562768,7.726331084625415,2181.9608209306334,CPL,1.0565148550999766,1.0164199308201205,0.22800456754657716
bn150721242,0,-0.39599999999999236,0.8840000000000077,4,False,1.1288348005718545,0.40158836082203736,231.54249843780482,18.93555917633435,-4.999981970215382,0.05787121269555717,2279.8084831999995,False,2277.824151105865,False,2280.038297216485,True,18.55410715062755,219.7974954356128,195.81702146738073,14.374004947751658,2283.3861600846876,True,5.791517277524791,1.9634576363420764,2281.0064248417316,False,4.563213693851424,1.5471423945093978,2280.1104535360173,Band+BB,2.8020583582679137,1.7136975698476817,0.6521371317971898
bn150721242,1,0.8840000000000077,2.1640000000000077,4,True,0.390454198160342,0.26962490188457167,159.187106667739,19.903168935394007,-2.1166991100778123,0.1578551814409037,2360.3976984310584,True,2366.2564111936226,True,2359.69040317938,False,10.002049122111336,8.572007559054622,183.0072005651469,25.408460003578156,2363.4427024917322,True,2.1047588147930156,0.4925372194034193,2362.298115295906,True,27.42993585872088,2.8507866918054745,2359.642880256508,CPL+BB,2.099583135152443,10.613530937114774,0.24770068764792086
bn150721242,2,2.1640000000000077,3.7000000000000077,4,True,0.4210392757550428,0.15971251040186432,100.80450941079766,5.479229136128161,-2.7017152274171052,0.17551696807445927,2583.626491880639,False,2600.803990266336,True,2584.559659958801,False,16.60375978485836,2.6136219761114345,99.02240806305205,5.331820476609053,2583.4503898386665,True,84.98804809582121,6.522461273591681,2584.8759072046964,True,20.603773225770684,0.8476216877623948,2586.406152807143,Band,2.7505846759427186,18.397837459192942,5.1092701201346244
bn150721242,3,3.7000000000000077,8.052000000000008,4,True,0.35210480867762706,0.07131799881328477,74.05135964688144,1.3190340198051445,-3.569267099905037,0.20343466070211091,4186.834222020178,False,4199.076597445552,True,4187.307324895379,True,37.82298683463208,2.1100397386603547,67.21743941313508,4.699088843556815,4188.805748021509,True,10.221008717859071,1.218591169967734,4188.779080038215,False,14.00907095933401,0.5965900021411716,4193.533233071217,Band,2.0551419819621515,9.543364374334487,2.5015768738694533
bn150721242,4,8.052000000000008,11.252000000000008,4,True,0.53790682129044,0.14417448299026028,47.084764968024544,1.0776106181969745,-3.8576741744058443,0.2900820507778763,3624.52227444706,False,3630.1179281398536,False,3625.173015876566,True,25.36933525145853,2.265712847843737,42.19665275564156,4.072468589218531,3628.316950874386,False,26.956849651399356,6.311467536978435,3627.9845252469304,False,29.84267523979851,6.78621742782153,3626.0599520926794,Band,0.5377492001298378,8.05797604717418,0.8560650021800029
bn150721242,5,11.252000000000008,18.42000000000001,4,True,-0.040362141960888664,0.1097223990868216,37.969249316893894,0.7214040469247536,-4.207434288101893,0.43440038679479076,4786.038405127035,False,4786.384905898494,False,4786.505602461478,True,16.367879867715974,1.1662364164569041,37.39588893159719,1.992080894896727,4786.559737308278,True,4.582647275446654,1.174527301830112,4787.705686689242,False,20.99902484048419,3.286259243447514,4786.103649682353,Band,2.332718437793119,4.281256216141628,3.94586515319952
bn150721242,6,18.42000000000001,22.64400000000001,4,False,-0.37229010195813983,0.13679747276301746,30.000001291909687,0.0008002859921045768,-4.99869076443609,0.08537691005553372,3931.4748230706086,False,3922.6770430530414,False,3925.9740264830257,False,656.1304594157308,41.09343556160417,30.000001195845417,0.0007808972749092646,4130.039732326502,False,4.609739015430965,0.9844713264363407,3928.635484329293,False,5.7897623990785645,1.9365630444604442,3926.484243992181,CPL,6.839338741315714,0.19279906086057963,-200.06570584347674
bn150721242,7,22.64400000000001,27.25200000000001,4,False,-0.677566001807377,0.2596281864648592,30.00000000919928,7.371678763412604e-05,-4.999994781766808,0.006265509308228001,4104.436176992835,False,4072.9520774592825,False,4072.0453920296018,False,nan,nan,nan,nan,nan,True,4.121651551131238,0.3024600269814557,4075.567181727939,False,4.650937025834318,0.40341712595694457,4074.6800714827414,Band+BB,32.8689952648956,2.272005976541095,nan
bn150902733,0,-0.011999999999991573,2.0360000000000102,5,True,-0.7561330431463655,0.13767437711545677,611.7816768622989,186.10059694103907,-2.468207828005071,0.17062277304201756,2530.683451755469,True,2534.449719560161,True,2530.075149010069,True,241.83296663460192,71.61079550612946,353.7442505380006,725.0654237836604,2531.782112330556,True,46.7352332292245,6.53043438916405,2531.6190291841694,True,47.50053339631298,15.849352668227926,2530.1322397641575,SBPL,3.064422571299474,8.317479796003681,2.2930366795126247
bn150902733,1,2.0360000000000102,3.1880000000000113,5,True,-0.5209167302751261,0.1789782934537253,345.20814046350637,76.1476957372872,-2.44536296853118,0.1775526582035798,1738.2154425422898,True,1739.4989116314973,True,1736.1903117914853,False,154.1751754718704,69.56567085703313,1148.2035797606984,956.1900634522372,1735.080051048066,False,46.90149653575815,12.56790518524425,1731.2121584770484,True,46.9495765721053,10.04176706442248,1729.1416500670593,CPL+BB,11.00328406524136,14.357261564437977,5.110260743419303
bn150902733,2,3.1880000000000113,3.7000000000000117,5,True,-0.45939659353266254,0.1738111832789611,436.5679432430137,111.5721836768056,-2.247034603440798,0.10246295601033317,666.6134852564786,True,687.7042467589823,True,665.4189271324035,True,204.06383055594384,42.4179383051147,1125.623203936902,1000.5968267447479,667.362697419694,True,3.3661287528665453,0.524098855915438,661.201669611928,True,63.154872980673844,14.63415453374947,665.7129205576572,Band+BB,9.411815644550643,25.991326201325137,2.0562297127095235
bn150902733,3,3.7000000000000117,4.5960000000000125,5,True,-0.21403522837160757,0.07808407211607282,375.02304500344167,27.869416500947324,-2.379273635332514,0.064788299685548,1593.5639384090719,False,nan,True,1585.8816859624628,True,106.33754198317614,13.821890232937477,603.3702391105625,123.0541152782034,1586.2200033291208,True,38.89707290866647,8.220369861192996,1586.619303928448,True,40.12143435333648,0.0,1613.251370311394,SBPL,10.94463448062379,nan,3.661682633342025
bn150902733,4,4.5960000000000125,6.516000000000014,5,True,-0.4174198943435627,0.038038747895613956,400.2414845533347,21.347973481676092,-2.5506970706960144,0.06061643089746238,2842.0880206766487,True,2895.072381018729,True,2821.4333562421402,True,140.133375324859,21.96374677762494,556.5222008296993,85.99940884370665,2815.734042797522,True,42.08382637638764,6.662375443321036,2815.0567480071522,True,42.76240282735261,6.01905565798252,2840.0936163547826,Band+BB,31.031272669496502,58.97876466394655,9.699313444618383
bn150902733,5,6.516000000000014,8.436000000000016,5,True,-0.3540274508768891,0.03435305986849138,274.9165135390912,9.046926106376247,-2.5644173499398972,0.06107140192590754,2818.102323304608,False,nan,True,2807.314489763534,False,140.64664293843046,9.415647447511418,101.62592638526895,356.88646264324007,2808.3484707049806,True,38.01468009966153,3.1737951320565756,2805.928247756587,True,38.70175676457706,1.2858227465230634,2818.0877696718167,Band+BB,16.174075548020937,nan,2.966019058553229
bn150902733,6,8.436000000000016,8.820000000000016,5,True,-0.40502095971741864,0.06046388805800548,307.88499267059996,17.482760585317664,-2.687450107867156,0.11418104627367698,513.486432081047,False,nan,True,514.0775652330839,True,129.64567112983931,149.96969471977485,269.3624610410228,80.5468446769254,516.7987851507568,True,43.0808176102246,13.962417438468407,516.8844979681537,True,43.74034067695102,3.215368471652031,521.5211654943585,Band,0.6019341128933888,nan,1.2787800823271027
bn150902733,7,8.820000000000016,8.948000000000016,5,True,-0.2330171636887403,0.07708305251421453,356.46394429640793,27.924581088031147,-2.8162875326166983,0.21095350499774868,-897.6487884499627,False,nan,True,-902.2362880865946,True,84.29974471787453,11.636594196002072,455.8871885000289,67.70177113603145,-903.1483837457167,True,29.608657877563264,7.908967084709365,-902.8021917310309,True,32.66760514967214,6.734392025702348,-903.0456429977173,DSBPL,9.153403281068222,nan,4.9120956591220875
bn150902733,8,8.948000000000016,9.460000000000017,5,True,-0.22120003293736715,0.03922023651869523,342.1981995159768,14.369430896123447,-2.755123009305567,0.08037168395990335,1190.9867433702302,True,1231.255543780136,True,1177.5330654500892,False,160.28607393332084,7.987223997023747,64.6606745535495,173.16133687724107,1181.9180375614,True,39.49754138570083,5.035832626963213,1174.852020804076,True,41.65242323302768,0.0,1186.6701812102388,Band+BB,20.134722566154323,48.58536256989714,-0.3849721113108444
bn150902733,9,9.460000000000017,9.972000000000017,5,True,-0.23562754572535327,0.056498394832998095,298.32910618659844,17.304632481674332,-2.5183210101545535,0.07064684590441273,1042.7323667007065,False,nan,True,1031.3068054897158,True,121.05330560637971,23.2270572012577,369.76629803961936,77.63506250750285,1032.6713669431088,True,39.26314088803418,4.33326780325779,1030.4479348953344,True,39.562273140991294,4.406587862921661,1041.804378974442,Band+BB,16.28443180537215,nan,2.6354385466071335
bn150902733,10,9.972000000000017,10.612000000000018,5,True,-0.5402752143853747,0.03528467224461096,548.2569198017754,31.28088709020011,-3.0560168258673728,0.1888263879474188,1310.8153819548013,True,1316.5587377928941,True,1310.4002273048495,True,173.9105326798777,49.451732898895386,572.6130766927514,72.46920857808888,1310.2600408868084,True,43.31809055187687,19.273416078413756,1309.926229194778,True,46.56543632614337,7.453819333618558,1312.319943258869,Band+BB,4.889152760023308,8.238794534025146,4.140186418041139
bn150902733,11,10.612000000000018,12.02000000000002,5,True,-0.6373383746029425,0.02406229574922053,654.7389495237243,31.845132413185354,-2.7467027152399073,0.07668771293773369,2452.0511486088776,True,2511.1554164970466,True,2456.2529765586255,True,110.67411851297685,181.60145976522932,686.9170407697391,50.230841313896235,2449.643569016862,True,34.279320123962364,11.543380918432668,2447.671160809348,True,35.50115401270912,7.662865221928991,2502.4995423949154,Band+BB,8.379987799529772,12.655874102131293,10.60940754176363
bn150902733,12,12.02000000000002,12.66000000000002,5,True,-0.5366682373723775,0.07051402556375438,293.2554953533663,26.49621735746959,-2.7047225785751356,0.21709694822957437,1135.2073695468314,False,nan,True,1128.1194291054833,True,115.42067635966518,16.934297705448465,429.84310291963703,129.7423542458398,1126.887169988533,True,32.81206552673574,4.260620581129098,1124.8972825006936,True,32.663974005806985,4.246152712778423,1150.0976193196518,Band+BB,14.310087046137824,nan,5.2322591169502175
bn150902733,13,12.66000000000002,13.81200000000002,5,True,-0.5705142371694679,0.058881705524970906,221.27573611394644,14.999090604822257,-2.591593369470077,0.11854429410755873,1938.8401156809598,True,1949.949755382444,True,1935.5318164543535,True,86.23433059722912,14.295049777666705,197.64474085967083,40.219702057914205,1939.249855931015,True,23.945550276052966,3.771456402736339,1937.8411252975745,True,25.273584180034113,0.0,1941.4723685368408,SBPL,4.998990383385262,12.477386845603178,0.28196052333851185
bn150902733,14,13.81200000000002,14.708000000000022,5,True,-0.7205748098071325,0.10511840422249447,193.5254348538728,25.569228807108942,-2.3814064074726877,0.1313954816620151,1439.452030101765,False,nan,True,1438.740244856748,True,114.44232961158912,43.92697859993475,119.5900127679182,110.7893587269088,1442.634970744331,True,27.65556814901134,5.950395006152073,1442.183564914496,True,27.75470955259429,5.055454989822826,1441.21589701565,SBPL,1.2684651872691575,nan,0.10527411241696427
bn150902733,15,14.708000000000022,18.036000000000023,5,True,-0.6896874261704189,0.0784298548530647,187.94014571951746,18.329448245055374,-2.8277544863656146,0.4865973476268517,3305.61872831484,False,nan,True,3304.6224551452533,False,293.99680463879264,204.7720055224908,50.74693623018419,342.97244335012186,3307.2781225257168,True,30.45571436206981,5.547143414625053,3306.453599341751,True,30.08749898309744,0.0,3305.067499929688,SBPL,3.1651289730889403,nan,1.3443326195365444
bn150902733,16,18.036000000000023,19.444000000000024,5,True,-0.5947142005144191,0.17767872071895283,103.86708880326745,9.895507274492573,-4.991361431896472,0.1826566727955985,1951.5788847752074,False,nan,False,1951.3466062270895,False,118.99070815257951,100.11268988503753,57.86903755241296,35.99581910056793,1954.369357601727,True,24.91065767464706,4.080605166034141,1953.3688138522928,True,25.083804902964115,0.0,1951.5089206265955,CPL+BB,2.2100709229146105,nan,0.977248625362563
bn150902733,17,19.444000000000024,21.748000000000026,5,False,-1.1300554485942742,0.13963446548095793,149.19031707687557,26.969989383892056,-4.999999776369049,0.0009697926083878095,2687.762116974083,False,nan,False,2687.942843383298,False,899.9801025703418,8.186278091234328,134.36766998612586,88.98792501148696,2691.5945403864584,True,42.03305538753675,6.774918621190821,2688.989793031586,False,38.25759861541766,0.0,2692.4676098761233,Band+BB,2.7723239424967687,nan,0.34830299683972044
bn150902733,18,21.748000000000026,26.48400000000003,5,True,-0.7154721232556256,0.4717102660902689,70.26033235838395,21.12896769902548,-2.0133870790906423,0.07771073575834242,3730.682610247931,True,3737.173364069639,True,3731.702355643467,False,896.478379266095,234.94924972149434,60.159923660144365,482.21796416742364,3735.381413253406,True,2.9460472217021896,0.7175959143365331,3732.654042536279,True,14.898256840371253,2.9050374600819158,3731.4234615546434,Band,2.0285677116517036,9.749902514995483,0.3209423900607362
bn151006413,0,-0.6519999999999833,1.2680000000000184,7,True,-0.9535759189892615,0.0594346043989924,3904.7683306687213,754.7789470349107,-2.8261229555142875,0.21918902092911163,3460.0668485056826,True,3474.689658149495,True,3460.720811389094,True,40.158797920707634,22.021207802440728,3791.7737621881597,650.3438360700534,3462.1087392894174,True,23.880161915707376,8.641357321416056,3462.7060721603443,False,1.0359767133513778,112.74735066606952,3478.6895587848608,Band,1.3607763453383086,9.936463402482332e-05,2.612072099676425
bn151006413,1,1.2680000000000184,11.636000000000028,7,True,-1.202735320987622,0.042273369161338725,964.0858833570846,312.54425067253743,-2.403099140888433,0.09633176256999998,7150.79898026059,True,7195.762377105339,True,7148.832343487798,True,36.64485839022782,5.311758803243562,2781.095527241432,704.068534536093,7126.030000457621,True,22.17285931859219,5.314678391812618,7129.814607631852,True,27.908075939765332,2.582191513476708,7159.4452697553415,DSBPL,24.98437262873813,40.31710734999706,26.802343030177326
bn151006413,2,11.636000000000028,20.980000000000036,7,True,-1.14881590427898,0.06566309254807812,254.41981912004275,45.756355794754356,-2.223917657092555,0.06520670825342467,6861.326494775166,True,6885.687449731952,True,6861.031318171065,True,113.72198971151383,36.030895009048265,639.5941636655773,824.4410140662804,6864.475179571672,True,3.6917526791928874,1.575508418992532,6864.934052443823,True,115.50492286182306,64.38245812689831,6879.642945911798,SBPL,0.3924423313428633,10.044503820154205,0.5561385993933072
bn151006413,3,20.980000000000036,25.20400000000004,7,True,-0.6839253184209846,0.1741947858630795,99.77546815661344,17.409909063341132,-2.143592997259793,0.06990060849327628,5031.958957661283,True,5037.757469825687,True,5031.820138800868,True,46.22833515000174,9.632011371691672,4035.622651049369,1279.3427454556258,5032.767540821797,True,16.63803857573684,2.4551093590438127,5029.142785198679,True,19.028437744816664,4.369792588873637,5028.516213454976,CPL+BB,6.8161724626043,13.241256370710289,3.0525979790709243
bn151006413,4,25.20400000000004,31.412000000000045,7,True,-1.491556825776681,0.12512123293207345,605.0239791141752,646.0817993159887,-2.2355764801818694,0.2084968133064362,5872.387395764567,True,5872.409336796426,True,5872.302495429281,False,nan,nan,nan,nan,nan,True,4.2281601819953565,0.8807184104851578,5873.038560748971,False,1.029983129485963,5.0396558586105575,5876.409454931481,SBPL,3.3488350155967055,-0.00011813505534519209,nan
bn151021791,0,-0.13999999999997992,0.11600000000002009,3,True,-0.02388436892893607,0.36919761374856563,339.099512602663,91.94014281840654,-2.3913218936555025,0.4984812010962214,-293.50660909226497,True,-294.54649035816027,True,-293.78425685515856,False,127.89913841650369,61.23615593905805,2610.2516971784594,1285.758225569792,-290.63843363753585,False,30.11032220715336,6.846313804757253,-289.7392363602376,True,51.04842991397735,18.327798258785144,-292.2368962643792,CPL,0.23262726797264577,1.6904059062189276,0.8541767823772943
bn151021791,1,0.11600000000002009,0.6280000000000201,3,True,-0.043734991089021735,0.14535758742070481,338.9955733245559,43.36526060546902,-2.7393594628139057,0.41756681735871126,522.7181401656903,True,523.1506647875021,True,520.6805870215895,True,126.90326828840672,17.64560562600527,694.9645870895467,155.55422861567433,523.458904831802,True,103.63320495252935,65.53352123952001,526.718634652462,True,1.8868468827534735,0.4801048027699406,526.78170624739,SBPL,-0.0004944867716858425,0.3689585401120894,1.2216821897875434
bn151021791,2,0.6280000000000201,1.6520000000000201,3,True,-0.3268229540580301,0.07089625940814995,292.49136212879085,24.04998009709584,-2.5141176905642673,0.1783047473329451,1394.138098170656,True,1401.1375046520939,True,1389.6336700155116,True,99.3491200026108,26.494564071103028,475.4304029539581,117.2888222530247,1388.428255756448,False,29.438661748435454,5.49929839069379,1387.9028509398393,True,29.391401781501393,5.723585612160404,1385.8375149827432,CPL+BB,10.23524723081664,19.29998966935068,5.205414259063673
bn151021791,3,1.6520000000000201,2.2920000000000202,3,False,-1.6922556064365544,0.0,310.4767699827348,0.0,-1.600000002987234,0.0,1034.2796106965009,True,737.4246652866433,True,737.7915874674208,False,10.38425464940744,174.83398388043165,187.82881912017186,12.180259357553467,740.0729728640113,True,14.808606380001754,46.30228555308274,742.5836370417626,True,42.14149141307493,7.519676946146532,738.6151725513342,CPL,295.6959736547383,2.8094927353090497,1.7186146034094918
bn151021791,4,2.2920000000000202,2.93200000000002,3,True,-0.4615782736873765,0.17658186407899037,165.07159681277565,31.288145406900412,-2.6054323053783612,0.6859301132980165,674.2159781395934,True,672.9408010633068,True,674.7375061012226,True,17.324159169476793,2.493895156193849,167.47434447095895,21.003431183286935,676.0859550180726,True,39.510276358132,5.398278828194712,673.7965808306627,True,14.867653860143665,6.744146241592558,676.7258738786761,CPL,4.419397308930684,0.21492718463071014,2.651551083150025
bn151021791,5,2.93200000000002,4.72400000000002,3,False,-0.6478318794038537,0.10620786735549559,160.94124639515059,14.479703447913636,-4.999988611871727,0.012506764156562156,1738.4795735996686,True,1736.3541335812092,True,1739.3159869716915,False,55.27377376376232,11.72191086605552,200.10143075672642,40.068733867416185,1739.9932600926545,True,63.21652645733058,11.485323386569053,1739.6044445694972,True,15.095082023672662,2.929523643994157,1738.3471846757225,CPL,2.8751290301713652,2.0069489054867518,3.3227268790369635
bn151021791,6,4.72400000000002,6.64400000000002,3,True,-0.3748598980787935,0.35795532723969437,89.85043277917961,18.1864847095257,-2.701205683553759,0.6258816014274058,1749.123088060423,True,1747.4011424993319,True,1748.6742748388253,False,46.59443546190805,6.380272195472017,31.11099452504531,200.45636128687227,1752.5661158752605,False,15.01045138793611,5.645891408323522,1752.3029373161964,True,15.039399550299501,3.4040238910950693,1750.2807653017242,CPL,0.8201507442265665,1.120377197607695,0.108158963564847
bn151021791,7,6.64400000000002,9.58800000000002,3,True,-0.782457728212425,0.4473865597619755,92.4936058866576,29.388329628877564,-2.2859408589821038,0.4225763593323705,2184.9797544494486,True,2184.089515336107,True,2185.4084773077566,False,42.46219660058402,19.883996324840787,94.20338972484305,1332.4747475766276,2189.8427133110363,True,20.11055456146225,3.0758911365184556,2187.8687227918394,True,19.844529319214548,4.423290591262624,2186.0122955393863,CPL,1.1110316576091464,2.077219796720783,-0.43423600327969325
bn160330827,0,-11.339999999999986,-0.3959999999999759,4,False,-1.8999799065617402,0.005137967254166598,30.00000538984099,0.01816674666757301,-2.037703969423234,0.17553964588667037,5631.675999866883,False,5636.434037493691,True,5637.050787996164,False,nan,nan,nan,nan,nan,False,3.7345039135345526,0.4361494056558908,5622.431746423419,False,37.04814789649897,5.945380028658429,5625.899130950454,SBPL,13.244253443464004,14.534906543237412,nan
bn160330827,1,-0.3959999999999759,3.7000000000000277,4,True,-0.5122626296252618,0.30458851616948146,100.99535539211941,21.241160415058843,-2.2609126046937513,0.21373005106552312,4213.807383776236,True,4215.384469633227,True,4213.345497318035,True,28.750659579820464,55.81604951748764,114.92797481302586,18.688981733592,4217.366735747391,True,4.916388268791886,1.0798775581270492,4216.799413415156,True,17.387243749483098,6.241503046831153,4214.293417085686,SBPL,1.0079703610799697,5.0910525475410395,-0.021238429356344568
bn160330827,2,3.7000000000000277,10.868000000000034,4,True,-0.4538298627828558,0.12254717345658367,80.25371957873575,4.5981263152154455,-2.94370165281814,0.2978978509802177,5036.769633946447,False,5039.710000902418,True,5037.397323120382,True,51.17587347423569,16.643155286775272,94.65307584761992,13.032008612215598,5040.754786113337,True,23.948033685362493,2.650074376515482,5039.619492704015,True,15.518672714565556,1.7691211485115046,5040.867067124382,Band,1.1501412424322552,2.8429337780362403,0.6425370070446661
bn160330827,3,10.868000000000034,16.11600000000004,4,True,-0.3026696402334064,0.2588018161655276,57.38686207826698,5.848520909155486,-2.4027936122791345,0.13443987424656645,4598.08458988546,True,4609.7051590281835,True,4599.443912263228,False,10.066068984800154,40.39686625567144,56.75271183769668,2.506051706581456,4602.556033741928,True,3.8257825891995423,1.6827072855457847,4602.039441315995,True,12.04433377962559,0.887647211971414,4600.5872646626485,Band,0.04514856946570944,13.117894365534994,0.887878521300081
bn160330827,4,16.11600000000004,24.052000000000046,4,False,-0.5865304481678524,0.1718665355214456,62.412924571472715,4.035261137172583,-4.999985989877569,0.026830161694576304,5256.145380267307,False,5253.984242839408,True,5253.461854004347,False,33.43570148462853,3.5590885203466094,161.138546541832,40.565789713889906,5255.312105195004,True,28.81501865130705,5.686281001984135,5254.916710326373,False,30.481344442955063,5.921025841352751,5253.066682205834,SBPL,5.228669940934196,4.917560633573885,2.149748809342782
bn160625945,0,183.41199999999992,185.58799999999968,6,True,-1.075606495403714,0.07565326230170755,2241.6893507547265,919.5439598626539,-3.392654265950535,0.7926969624145981,3853.6196259479384,True,3857.5688334907513,True,3853.9178367049176,False,899.9441276311582,7.376439201566313,419.8618786060913,1135.992772128744,3857.7649172828105,True,12.643971918640021,1.9023544532649908,3852.509913178425,True,13.12424228668658,2.4467336190041733,3853.4039152627247,Band+BB,5.109712769513408,8.164918228026636,0.1529194221070611
bn160625945,1,185.58799999999968,186.48399999999958,6,False,-1.0367625096407833,0.0326122822138461,4999.999999647949,0.013063010233508976,-3.4971414984242317,0.1964552748826558,2422.9150269000493,True,2419.380128495773,False,2424.069812855589,False,883.6537522570218,131.7098883955572,3408.17697784985,1552.6199140608346,2415.926897203779,False,3.3208250136785304,24.89447528498567,2426.915041697394,False,1.0049077831939364,135.38125362127386,2423.3801307353706,CPL,-1.4797344647377031e-05,-2.239597506559221e-06,12.142915651810199
bn160625945,2,186.48399999999958,186.99599999999953,6,False,-1.0170516087765575,0.028712324017217183,4999.999805427339,0.3355949411079564,-3.3392845167539167,0.16304105612267494,1600.5911124782597,True,1601.0713420313723,False,1601.9983904673165,False,777.7426515931492,126.05069520143752,2811.207010607099,931.4761217266125,1593.6660469107703,False,3.508238404149173,1.1629065535261067,1603.6737784122865,True,3.2593631498577262,1.2696822865706232,1604.9240159137778,CPL,0.9173340659731366,0.14732611759450265,12.33234355654622
bn160625945,3,186.99599999999953,187.37999999999948,6,True,-0.9336236157169021,0.032166930145443584,3445.729858142219,497.7530182752057,-3.027751347565505,0.20015778258137695,1231.4633401635745,True,1255.3087861016788,True,1231.3933986044499,False,899.9982275010811,0.6583917062951059,315.60330222375563,721.3514166448366,1234.8336138503962,True,5.588112504603158,1.628576399467708,1233.6845237450204,False,1.0000203539798966,0.026666789754359654,1259.2955727812114,SBPL,1.7788164185540154,0.013213320467457379,0.5597847540536804
bn160625945,4,187.37999999999948,187.63599999999946,6,True,-0.9665960144621575,0.03256574876257118,3813.041502990574,685.4059436537987,-3.4449398952519323,0.44586226038788856,637.9613909444217,True,640.3946687895653,True,638.7943220945463,False,573.8153376368083,108.01591273055806,4999.837531852169,48.70424317414563,621.0502203810549,False,1.0000458130821819,0.024643247940343782,641.9190914983243,True,96.16337093143687,8.061198991010748,622.210528311235,CPL+BB,0.04229944609744507,22.18414047833039,21.744101713491318
bn160625945,5,187.63599999999946,187.89199999999943,6,True,-0.6430252873538023,0.05279573032452933,850.4790358559842,117.61187058379119,-2.155436146066397,0.03997993781198539,725.7875714393299,True,830.4288482196052,True,721.8983830664688,False,267.55880985870294,60.48549684012821,4999.590827663553,81.84711675318431,708.7665476573708,True,12.414519436274224,58.51112808888277,729.7876128390517,True,89.91287365901374,4.781346465169179,752.8766591509747,SBPL,-4.1399721794732613e-05,81.55218906863058,17.131835409098016
bn160625945,6,187.89199999999943,188.0199999999994,6,True,-0.8732515130072118,0.03745787288384439,2304.2314675045595,466.27005072638667,-2.6189413513373014,0.14205434303109832,-339.7340097077898,True,-308.5714385206583,True,-342.2621170583357,True,562.7181629720224,95.61763450486751,4092.0983723742215,1327.8297621597749,-354.77598845553297,True,80.48133491345493,24.51245441079045,-343.975027726724,True,116.77535745533763,23.060239316258254,-336.4546792629336,DSBPL,8.241018018934199,31.88324074227529,16.51387139719725
bn160625945,7,188.0199999999994,188.1479999999994,6,True,-0.7967797331637516,0.04041065077915523,2126.1828560087,407.49793528113435,-2.6342724908273842,0.15000784774835818,-213.61588199906333,True,-168.09436620400783,True,-217.41783891989735,True,522.7924131210815,74.22815718430724,2238.9721571215273,923.3052630351045,-235.86537496646446,False,1.000023768436522,0.004822181917634727,-210.42156666965587,True,91.10907519386829,14.867916246470188,-219.8741635689448,DSBPL,0.8056846705925409,55.77979736493697,22.44753604656711
bn160625945,8,188.1479999999994,188.27599999999939,6,True,-0.7813463890735313,0.028426986991099357,1833.862125715808,206.2235871626633,-2.643532724400904,0.08075468646818273,-46.34004283848817,True,47.76912940656996,True,-47.50174716489124,True,324.9035841349071,110.65241528512553,3280.464732938163,935.2162904864888,-59.12011240679951,True,67.23086120216645,13.676187021973078,-58.91205830724772,True,85.93155653850845,13.688596798477384,-12.202971840291085,DSBPL,16.572015468759545,63.972101246861044,15.618365241908265
bn160625945,9,188.27599999999939,188.40399999999937,6,True,-0.6736406127625213,0.031205680497167154,1328.7512365643584,136.15920363980774,-2.3981357350785775,0.05318297016429363,39.44125694033394,True,214.6324135402946,True,34.056300274473486,False,495.149244349401,48.438424830806895,33.57838331576412,106.72581290359214,28.452763418160966,True,68.66503059085446,18.874836615785856,35.209020501006776,True,118.55501192485745,16.122326632133365,106.89021389447274,SBPL,8.232236439327167,111.74219964582187,9.60353685631252
bn160625945,10,188.40399999999937,188.65999999999934,6,True,-0.6812788915976508,0.021278093273157217,1195.9798713553864,81.79209960223375,-2.368092762064784,0.035591871406682074,1498.9050513673842,True,1895.887991871555,True,1476.761069834027,False,424.0595471228631,26.652467123383758,50.40553179959466,42.062703445803706,1449.028956578952,True,62.14328474555932,6.937329352636006,1440.7682863990328,True,85.65048650598315,6.827468096157027,1606.1053395011834,Band+BB,62.13676496835137,293.7826523703716,31.73211325507509
bn160625945,11,188.65999999999934,188.91599999999931,6,True,-0.6751952244134631,0.01877108078064693,1109.145749005731,63.118702507828175,-2.4317480807566656,0.03395378922825243,1444.8144122900362,True,1946.101197541479,True,1432.280191600037,False,441.3547454456567,26.634036024543832,32.68179343302936,78.07139029647796,1421.6142181708988,False,1.000024136046001,0.0037212120395248016,1445.1273641054406,True,108.45880814911952,8.352724188531354,1645.9559020131117,SBPL,3.6870481845955965,304.14529552836734,14.665973429138148
bn160625945,12,188.91599999999931,189.68399999999923,6,True,-0.6706719068855762,0.01152847104696253,917.1056543980931,30.119372807318598,-2.486338793558849,0.020586410197710237,3666.830645085412,True,5295.339507829291,True,3596.2318312139337,True,245.5958735791036,16.32028787157249,1744.4135707913965,127.63227575126677,3487.356340016908,True,60.47382601792971,3.617336497498009,3519.736380221583,True,80.07940595423558,3.267767957672895,4136.503945515647,DSBPL,151.0942648638288,1162.835562313644,112.8754911970259
bn160625945,13,189.68399999999923,189.9399999999992,6,True,-0.6756148354823468,0.02258642823916951,790.2558264595943,47.44053886170633,-2.4403493073159797,0.033524847994124585,1410.5197573036626,True,1940.5709036256537,True,1389.1013220959928,False,296.2188695599433,18.532024079171805,35.122957876616915,26.244399580310663,1374.039884932889,True,57.70024981816513,5.18849669298962,1369.8908658358253,True,72.83082211490732,3.9559504670346612,1547.2978607036807,Band+BB,44.62889146783732,397.273042921973,19.061437163103847
bn160625945,14,189.9399999999992,190.0679999999992,6,True,-0.7616558669054155,0.032821817777213935,796.9671170295537,76.98976427709277,-2.491154478367915,0.058001701178379994,-28.581398904032497,True,152.79010992511095,True,-34.597731192127426,True,187.81008755000866,64.6491300569728,1421.6718316982674,373.9143490481806,-41.90482591335481,True,36.453386670109694,15.075322272775999,-34.261106849948064,True,68.6717840056948,8.264231230650356,38.48859723838995,DSBPL,9.679707945915567,118.301512686721,11.307094721227386
bn160625945,15,190.0679999999992,190.32399999999916,6,True,-0.7518947316241309,0.024435512073413823,754.4263342045408,54.522719802500205,-2.4703994493364516,0.042221918260715086,1190.012040221632,True,1508.9895950231369,True,1180.769911277178,True,278.4932259465626,21.694000825934523,459.0755771943777,774.8154468485209,1171.9627862303576,True,42.097067980523164,7.019586156723808,1170.7544521018701,True,64.02844230678049,5.848780436940736,1298.6685242129997,Band+BB,23.257588119761976,214.32107081013714,12.807125046820374
bn160625945,16,190.32399999999916,190.70799999999912,6,True,-0.7343620600378329,0.02510652668741098,585.2491690835355,36.470387954899195,-2.454887156831012,0.036959423597450414,1820.562887757894,True,2317.9385341094935,True,1806.7392787173244,True,178.6923464650681,29.22272093326292,835.3389732538565,146.8158431800714,1799.7168642775719,True,43.07811143403666,5.046447583865753,1795.3731216578599,True,59.29847955032139,3.324989501200278,1981.581214466952,Band+BB,29.18976610003415,340.3573196425416,11.022414439752538
bn160625945,17,190.70799999999912,191.34799999999905,6,True,-0.7126558903476986,0.023112172778266993,476.3397295496092,23.41059657790214,-2.4450618888190876,0.03226663644438177,2623.1931513026416,True,3028.1911662534917,True,2608.610897267874,True,126.47533183612971,27.707913566885644,630.70991624748,75.7954644871283,2601.5420406782955,True,34.53031588020229,4.602878634746304,2598.998514746898,True,36.87528635666442,2.6392874087125335,2975.400950734364,Band+BB,28.194636555743728,56.79021551912774,11.068856589578445
bn160625945,18,191.34799999999905,192.88399999999888,6,True,-0.7486552468689786,0.01875105019336315,398.5095712148749,15.182859214702319,-2.529711717671133,0.029996988187110274,4129.655862378541,True,4452.241252367859,True,4106.228522588214,True,165.85744158490246,17.379528609741442,321.42834720831075,135.57863738345847,4101.947103705501,True,37.31995380221092,2.2205001180065054,4111.605506895145,True,39.66843573141804,3.705803100433286,4388.181791128253,DSBPL,22.050355483396743,68.0594612396053,8.281418882713751
bn160625945,19,192.88399999999888,193.77999999999878,6,True,-0.6907094798627483,0.018159410501540574,469.17208854431755,16.68233473285622,-2.742508965026358,0.0448506163399649,3266.3161417524507,False,nan,True,3250.6412302776084,False,205.2466828224121,13.15395930458098,204.0276367929188,207.6123801693043,3246.858914807836,True,47.87048190197078,4.530455246356283,3247.8676091403645,True,49.29776046793395,4.185427868297015,3361.26345461485,Band+BB,22.448532612086183,nan,7.782315469772584
bn160625945,20,193.77999999999878,194.29199999999872,6,True,-0.6975039512592874,0.019777561502561103,594.3556106677147,26.896491225397938,-2.7009053801869385,0.0464210716323703,2433.664301434818,True,2646.9625203891324,True,2427.531637690333,True,252.59068474726683,32.853079929896055,424.09751603766995,251.14850509400983,2429.7045033179156,True,7.372498640959516,4.740504773692967,2437.6334509310936,True,70.03383114809678,4.018083460167254,2624.9504674980453,SBPL,0.030850503724195733,26.012052891087023,1.8271343724172766
bn160625945,21,194.29199999999872,195.3159999999986,6,True,-0.7078465442240361,0.012387278638370192,606.996619816232,16.796504471131755,-2.829349017839241,0.04651201138862704,3676.770641899608,True,4057.356204372755,True,3676.6779949717447,True,171.50228451463417,38.61426775158472,598.2474795045256,33.673753195753704,3669.032352657086,True,39.19042093697214,8.605144201174234,3667.313150203166,True,40.648524813898305,3.836927812843868,4032.4263690751486,Band+BB,13.457491696442048,28.929835297606587,11.645642314658744
bn160625945,22,195.3159999999986,196.08399999999853,6,True,-0.7055191296762983,0.01635545653337117,548.0263385047857,18.735243449306267,-2.7858850916759677,0.04417907066369442,3122.8593957971825,True,3297.929615417444,True,3117.4136734823815,True,174.06131180411722,34.756268511817424,555.2719198117927,51.55519193423223,3113.1527702650124,True,39.734656895085244,10.554071117165917,3115.663972847606,True,43.84266145668333,4.523158738761893,3274.708419942469,DSBPL,11.195422949576368,27.221195474975048,8.260903217369105
bn160625945,23,196.08399999999853,196.72399999999845,6,True,-0.701590045273568,0.018871767322930444,525.7564151742771,19.762175530676956,-2.8402473827962487,0.05989344584118239,2730.2682809750286,True,2824.4859559838396,True,2725.110050028855,True,199.3889782245711,30.372103462873767,466.03988880616646,100.40272998606426,2724.5772321771847,True,45.72300024539478,7.481816358900353,2721.150583093043,True,47.26194520650671,3.624922314210611,2805.8931532093466,Band+BB,13.11769788198535,22.592802774493066,4.532817851670188
bn160625945,24,196.72399999999845,196.97999999999843,6,True,-0.7300940411637162,0.0388934503951176,405.19127650348946,30.379699731533663,-2.8010520225795985,0.11753424183266126,773.8807650643832,True,789.6803381457319,True,771.5300506837746,True,13.671053267840032,1.7313651216005272,344.4118203494596,21.918395287757846,774.2896375382503,True,9.377482110961775,1.6900269542391948,775.4708540986317,True,51.78503181344423,6.724798159888415,789.904843293849,SBPL,2.4099109657515783,3.775494851882854,1.2404131455242577
bn160625945,25,196.97999999999843,197.2359999999984,6,True,-0.8857887206877536,0.034855159709239636,539.2819216044372,47.85487115008675,-3.00343892444631,0.15158078316753532,704.3260984495433,True,715.6695816149204,True,704.5349276406396,True,124.52581364279696,32.90776655192782,526.4696670666368,91.47230515257672,707.0739682966451,True,12.28062694149212,3.879131373450909,706.5980676248084,True,13.040365823685104,3.818102779990651,717.9257924336412,Band,1.7280308247349012,1.7437891812792259,1.460959343994432
bn160625945,26,197.2359999999984,197.87599999999833,6,True,-0.7654459514623955,0.01695498242409893,659.6691876901982,26.740687404074777,-3.1292398716524388,0.07814467006575954,2700.412736047433,True,2747.0841466048864,True,2711.0284456445515,True,50.89287146363125,6.559195642697713,642.7648344950588,31.518920441460182,2700.5557455424796,True,13.121208796249658,2.272308859278171,2698.9661220658586,True,13.78696628692453,2.4964226683819595,2745.74511106175,Band+BB,5.446613981574501,5.339035543136561,14.47270010207194
bn160625945,27,197.87599999999833,198.25999999999829,6,True,-0.7238301278900199,0.021981537241472893,654.2370294618391,32.5482208941404,-2.6763003691728993,0.040117820120608494,1820.2415583287836,True,2337.53031387422,True,1821.0631102766815,True,254.42964896197347,105.42473257813943,547.8382616279434,118.12043008806717,1824.6518117732696,True,6.232299172935071,1.8948904713621875,1823.3391241792847,True,78.9435215461331,6.113009280812058,2022.3851451149335,Band,0.9024341494989585,319.14516875928666,0.4112985034118992
bn160625945,28,198.25999999999829,198.38799999999827,6,True,-0.7962683774013055,0.04374358730486916,532.2136386156518,52.711230811208395,-2.647471708627499,0.08322105743942187,-384.3690873978882,True,-326.2746519709134,True,-382.86126779436495,True,16.967447728710866,1.5004138188784513,517.9022563813872,54.98713088088016,-386.1481982496873,True,10.698948917158285,1.6339997559001649,-384.75161839935186,True,10.212020895864478,0.0,-324.589419558731,DSBPL,4.382531001463633,2.3147675878175846,7.286930455322363
bn160625945,29,198.38799999999827,198.77199999999823,6,True,-0.7883592779602406,0.02939482412232769,452.68063452654525,22.135161114357487,-2.9278610093252757,0.10553326677725727,1500.5653193631638,True,1519.782167765375,True,1503.1888734415886,True,62.623078725382996,62.57644172303522,465.2403337954078,37.899092184849934,1500.8146886960876,True,20.656815569654906,7.59901997550813,1500.7367676398358,True,22.818128182051503,10.912234115055751,1518.993659593102,Band,3.828551723328019,4.788508172273168,6.3741847455009975
bn160625945,30,198.77199999999823,199.0279999999982,6,True,-0.7082090584981039,0.03081048907234879,555.5556537548225,34.5156309490464,-3.1259242775474925,0.18121505515541503,842.2684199182988,True,848.8028577494244,True,841.2283102860697,True,257.96943555606987,9.299598384800348,290.0819485149991,49.66500874647676,844.8779798133013,False,1.000259559359532,0.018325967180064406,844.2387427041906,True,60.39463148537859,13.509729499238283,849.9974590196064,SBPL,2.029677214108233,2.80539872981808,0.35033047276840534
bn160625945,31,199.0279999999982,199.79599999999812,6,True,-0.7201564319266477,0.015805932523591804,651.4866079696851,23.070130607145586,-3.053546848812883,0.059373361885977305,3009.661385460704,True,3111.146322093108,True,3009.8660842622257,True,270.5374504516826,42.70001316344104,519.7997798205935,105.55507626795142,3011.5294463527766,True,7.629979938382199,2.6701170213290033,3013.1767676223076,True,61.72271395246239,5.881459436682892,3105.697500460659,Band,0.48461783839638883,9.44882163244938,2.3366379094491094
bn160625945,32,199.79599999999812,200.17999999999807,6,True,-0.673892334385769,0.019116838654469115,750.5257268826812,32.14500945804434,-3.1480366627213017,0.08252420693411722,1840.064502730083,True,1912.806073092104,True,1838.5795044547317,True,359.77413810709993,51.874584775238134,452.79074666353694,287.78532057070345,1841.7801043768402,True,5.003070361086954,1.9048464659132396,1843.3716391498265,True,83.53723460989693,17.892045207696526,1909.8239288625336,SBPL,0.6928635802564713,6.982144229570395,0.7994000778915051
bn160625945,33,200.17999999999807,201.20399999999796,6,True,-0.7347559640904026,0.011733504586233068,895.4191945167388,31.14707957797964,-2.3039204037516083,0.01518661621066042,3921.4577739136325,True,5676.270064016518,True,3899.202930940132,False,365.1140717610991,14.10390234247393,78.1920494490325,141.97729931065672,3874.454793271581,True,6.893502750019119,5.2093601234288744,3925.457757214508,True,93.94619162463275,4.023963732459258,4534.540168474191,SBPL,1.6699124444130575e-05,1145.7298955423266,28.748137668550953
bn160625945,34,201.20399999999796,201.45999999999793,6,True,-0.6708226786632427,0.030952809891907962,532.1885946737725,36.21090016840023,-2.4804628102292425,0.05527390357116202,1007.9000965163,True,1251.2855070623757,True,1005.1296982749392,True,181.89352542907548,71.70335375010879,532.3617630115609,108.56034759916434,1008.2920973619076,True,44.49548673598725,10.88870793693521,1006.9685527178607,True,47.525124866530795,9.284155804530041,1241.448612315873,SBPL,4.931543798439293,13.836894746502594,0.8376009130315651
bn160625945,35,201.45999999999793,201.7159999999979,6,True,-0.7729180497383573,0.02850298084776609,599.0050886326337,41.25075935933552,-2.6764102207605722,0.07305964212034466,991.5713366765185,True,1077.0955228990833,True,992.5908150057337,True,182.59725580704747,94.68809354263468,571.4190934810191,92.8226520454138,995.0598994992249,True,45.777917391026605,14.483610348743548,992.8127982540177,True,46.96947451564748,15.275094774075848,1075.2131284959112,Band,2.7585384225008056,5.882394403172157,1.5309155065087907
bn160625945,36,201.7159999999979,202.48399999999782,6,True,-0.7206948196835857,0.015062281767969643,635.484092025169,21.082226638046336,-2.8400943934674783,0.03867140469776875,3070.282951309454,True,3390.0277666140346,True,3075.505497182438,True,181.62027621983222,83.90753821831984,571.6240416537014,39.46833073237076,3074.4669747863754,True,44.60645124410818,19.188002488446852,3073.0632772973463,True,52.93098198529935,12.77853787287819,3387.7370874365743,Band,1.219674012107589,6.2906791774603334,5.03852239606249
bn160625945,37,202.48399999999782,203.25199999999774,6,True,-0.7860122116823818,0.01772280870389198,550.8604588396641,22.275883524010055,-2.8941766193338028,0.0552659486644429,2959.3012818007346,True,3065.5544439143177,True,2959.0578486758855,True,284.3141558696117,54.293791016207265,341.4315793447337,169.18568977980976,2962.27533107796,True,5.615679238128851,1.185513187007369,2958.7227487370437,True,59.098438008440894,5.505744223359503,3062.6578705300317,Band+BB,4.578533063690884,6.896573384286057,0.7825175979255619
bn160625945,38,203.25199999999774,203.5079999999977,6,True,-0.885960126667002,0.02940241479470701,679.0278903496896,57.751664452341686,-3.151158859570085,0.16442164669190662,821.3955224905524,True,830.930971856522,True,823.8133872646083,True,181.9606341377216,147.97024019463197,659.5575516355368,111.85053642367808,825.0149338128559,True,37.09586827324232,11.74324110889211,824.1391072427161,True,37.914544291959466,17.299508457157092,833.4008194629612,Band,1.2564152478362303,1.5301523935607975,2.79845345175238
bn160625945,39,203.5079999999977,204.27599999999762,6,True,-0.8558339975736591,0.022367086313697826,494.24742255011176,26.333116592901092,-2.761024306363832,0.060611135487123935,2751.2605493263773,True,2828.6405779199376,True,2753.2087352875533,False,375.6149679227719,151.41196139387029,257.37271745762615,286.8795219327632,2754.3535561761196,True,5.378632557943138,1.138527024847942,2751.3670791704512,True,5.296890376855071,1.736851937171491,2830.1179707684882,Band,3.8934701559260247,2.5226071514493924,2.8551791114336993
bn160625945,40,204.27599999999762,204.5319999999976,6,True,-0.8349829051809519,0.052928033752628445,400.14781686539243,43.997295464966726,-2.56723316335948,0.10391309551823946,579.5893202043407,True,598.7557755221811,True,579.1829642819451,False,536.8801884340559,237.928218509516,48.2775137908763,23.010262334561602,582.0002333933928,True,5.992492499212978,1.0521363143830262,579.7354483847445,True,53.56897964855552,5.0596480629839675,596.4638274933038,SBPL,3.853871819596179,6.2919480288773,1.182730888552328
bn160625945,41,204.5319999999976,204.91599999999755,6,True,-0.8122105257475732,0.02496275189103908,705.1801398686144,46.342658478569035,-2.9778462100176673,0.08770913323078355,1552.213704936573,True,1602.6468423780761,True,1555.9155671621506,True,15.43740333006493,1.7079878906684014,626.5324974525696,39.35617788826022,1555.6902162076422,True,20.782294468077666,147.5400992260948,1556.2179023690996,True,42.67073807782548,36.39306108220609,1606.6424012259224,Band,-0.004197432526552802,0.004441152153731309,4.225350954508485
bn160625945,42,204.91599999999755,206.3239999999974,6,True,-0.7747420248496052,0.017929492010233417,460.4133031834728,17.401060497543654,-2.9356481058340993,0.06461099190209452,3826.2525052081774,True,3874.8689975471734,True,3821.792990482991,False,236.31946279365334,20.441747126712016,69.12410915002444,118.593681771098,3824.35182598494,True,50.8321774475559,7.751538307035304,3819.6101779855817,True,50.454066764485525,14.58862706690529,3863.774534158306,Band+BB,10.642327222595668,15.094463388867553,1.4411644980509664
bn160625945,43,206.3239999999974,206.45199999999738,6,True,-0.6737732167215208,0.08497866176587593,288.7941041998067,36.88198265798184,-2.7397606143739432,0.23527386801016403,-722.2368659900687,False,nan,True,-723.8682938678634,False,122.00449539068953,15.640327848259155,616.0282218207045,782.9263287075391,-722.0643853152603,False,40.802699095053626,5.121446042358528,-723.5502707714594,True,40.77306161924829,5.09657390760125,-725.5860675466259,CPL+BB,5.313404781390659,nan,2.1960914473969524
bn160625945,44,206.45199999999738,207.85999999999723,6,True,-0.815811431699002,0.025749306541210715,312.4501888212418,14.967643273613959,-2.49037593323699,0.04755537388208886,3696.265523985416,False,nan,True,3703.534918300179,False,899.9935696792794,8.874946908147933,81.33856250836428,15.136345823444188,3701.154006358677,True,6.173674545401939,0.8646944796821967,3695.5777779424584,True,42.38614921749058,9.842688618835057,3786.2812786801924,Band+BB,4.6877460429577695,nan,6.380911941501836
bn160625945,45,207.85999999999723,208.75599999999713,6,True,-0.8754123250011591,0.04316692487681051,272.4082367479859,20.59544463966475,-2.6411452117528413,0.10506093251696225,2716.497685679766,False,nan,True,2712.6593416246765,False,205.52257364136545,110.03138614327455,30.02721315798048,3.808609536185166,2715.119809215746,False,34.768742240171484,3.6352117519956817,2710.702255857961,True,34.783330310687234,3.5510118928661942,2708.726265841519,CPL+BB,9.7954298218051,nan,1.5395324089304268
bn160625945,46,208.75599999999713,209.52399999999705,6,True,-0.9542911078750264,0.05124329642701031,245.73539396761865,20.454933978965457,-2.6319841761027423,0.12945998403945236,2221.5017760625697,False,nan,True,2221.1236277655075,True,67.61779317896779,284.1907766915032,210.66933107840185,10.311997148336943,2222.8866003142166,True,37.344785021159666,3.549754423103039,2222.0199235265045,True,36.64273155201805,6.390462908361652,2222.2036515460977,SBPL,3.481852536065162,nan,2.237027451290942
bn160625945,47,209.52399999999705,210.9319999999969,6,True,-0.9121288773964191,0.031039429414709108,316.1270158282259,16.9667345489149,-2.744848212711084,0.08909727490123043,3432.826836965566,False,nan,True,3435.0671297456224,False,185.65237017214972,69.04836609477292,134.99241866798417,400.62134886637244,3438.966820024385,True,29.25913738969427,11.97121337238675,3436.0935685276827,True,28.239199504642965,9.616476797552956,3445.9791345888925,Band,0.7332684378834529,nan,0.10030972123740867
bn160625945,48,210.9319999999969,211.57199999999682,6,True,-0.923875791150195,0.043515178354735784,383.3139910720832,34.74122801662236,-3.0236165992061474,0.32046412805106805,2019.9874930882618,True,2019.8298904525495,True,2020.737986948288,True,68.54511198211216,15.660032747347895,433.1626367637124,73.72312971889849,2020.896656568376,True,20.244149388478746,8.538235858355392,2020.713407123299,True,20.260138172386334,5.347725572433154,2020.2499238757766,CPL,3.274085964962751,3.579966576772904,3.841330379911824
bn160625945,49,211.57199999999682,212.08399999999676,6,True,-0.8530251884312203,0.08824110939753227,197.7650219846671,23.712330735159,-2.5016882839653865,0.14064756843867987,1447.10447085351,False,nan,True,1447.0564237930737,False,11.680390482488978,2.005253170576524,193.8563200497429,21.054501846363507,1445.105886393803,True,6.088380052129457,0.9761982540368548,1446.4840155391187,True,29.853982676399614,5.8116698836683796,1451.7253184056744,Band+BB,4.620455314391393,nan,5.950537399270615
bn160625945,50,212.08399999999676,213.23599999999664,6,True,-1.0985593328031886,0.078501939199209,183.6214518663587,27.664761733137112,-2.299592789692155,0.08294733946099009,2818.0157687296996,False,nan,True,2818.4385894172183,True,11.299608035031964,1.0726185735985814,223.2791364449549,36.56383870648595,2819.6758839885947,True,6.238163695865271,0.8183061929029565,2817.2367416164047,True,48.160361022460144,0.0,2833.727090560147,Band+BB,4.779027113294887,nan,2.762705428623576
bn160625945,51,213.23599999999664,215.4119999999964,6,True,-1.1155258228164942,0.07347508165289673,219.0808172995324,32.94528006789061,-2.6214823981476174,0.18035553873309573,3908.0581746322846,False,nan,True,3907.524661730477,False,899.998373294167,5.057701757755865,36.23940264438464,136.24059428850995,3910.386090367169,True,30.888921201952737,6.178490474310115,3907.4942386715666,True,30.827697887921648,5.676695035336895,3907.09094601949,CPL+BB,4.563935960718027,nan,1.138571363308074
bn160625945,52,215.4119999999964,219.25199999999597,6,True,-1.0294561683867864,0.09265266679354878,185.7089776032534,27.77621386659078,-2.3132056112096633,0.08146547334309173,4903.718861049333,False,nan,True,4906.840042826631,True,11.313171142600435,1.394288549136597,198.6557510428562,32.67453109864334,4903.995434973212,False,1.000000143592945,0.004648170575946131,4907.718861029935,True,32.88855262253063,0.0,4913.708210284221,Band,1.9397702999413013e-08,nan,6.844607853419802
bn160625945,53,219.25199999999597,220.7879999999958,6,True,-0.9132985663202806,0.06162844358400188,264.6095250640271,27.806379130863192,-2.8093784117493805,0.26297258020572256,3363.325613263536,False,nan,True,3363.020573253569,False,180.90386728548205,123.22414608479316,44.59961088750105,222.40520103819688,3366.7070543143195,True,32.37112661242616,4.5957158902910855,3364.7031856983276,True,30.879142127123348,7.135060648600968,3363.5507380477925,SBPL,2.6224275652084543,nan,0.31351893924966134
bn160625945,54,220.7879999999958,221.42799999999573,6,True,-0.9052488442329498,0.1958589990698406,152.20319047307382,18.278409984577365,-3.6179300524137803,0.866261883948739,1629.4452507184778,False,nan,False,1629.3006244212402,True,15.66265071894616,15.669227155800277,151.537477347581,18.888826580635495,1632.9368046099728,True,45.45964337743784,15.982107499998046,1633.0264854927352,True,29.035166307724595,0.0,1631.4637661212203,Band,0.418765225742618,nan,0.3638198112673763
bn160625945,55,221.42799999999573,222.7079999999956,6,True,-1.0740685714121065,0.13810778579182553,158.8996441491062,29.764774626434324,-4.9941548611961455,1.2491647359504645,2804.770338351303,False,nan,False,2804.631518717924,False,898.7767332153302,57.779828543941846,36.28944884300226,40.930074379779526,2805.5804404614037,False,6.719359980424944,0.7468910443406358,2801.736894805917,True,24.666033587812148,0.0,2807.637207166881,Band,7.033443545386035,nan,3.0510782565202135
bn160625945,56,222.7079999999956,229.49199999999485,6,False,-1.2028507653186995,0.14405240665256835,207.69613795166006,58.77989802734923,-4.997695337063776,0.09953286745086842,5760.657197434355,False,nan,False,5759.957996858646,False,899.5943945432984,56.14752498623977,37.30103280249867,72.63900623073395,5762.267483092239,False,3.6930587898203964,0.45726679738085263,5761.728983119738,True,3.7006388575300027,0.0,5759.697330802152,CPL+BB,2.928214314617435,nan,1.6905137664070935
bn160910722,0,-1.6119999999999912,2.5480000000000125,4,True,-0.21163471558363592,0.305546737012976,147.69389208609974,25.85671817674568,-2.2242499561437703,0.24155086663336867,3996.363810883697,True,4000.5845661019894,True,3997.9020106277294,False,885.8462872954829,265.5271448563844,46.3980471956495,22.03862024040254,4000.6398567547103,False,29.538742786132396,6.4766096265321895,3998.1093839266778,True,29.52366499702699,8.378874539244274,3996.1051650838135,CPL+BB,2.2544269570194047,8.47940101817585,1.2621538730190878
bn160910722,1,2.5480000000000125,4.084000000000014,4,False,-0.39788332664842657,0.10379013600484713,540.4565494838513,62.438694694232424,-4.999790046651727,0.06909838534872748,2701.5394119203756,True,2699.3892795260003,False,2702.3860979703745,True,224.75205202549424,16.972536040440332,2770.807191430004,1150.207707061742,2721.490096470134,False,75.09092875559739,7.428119947987383,2821.52923959875,True,22.488734990090915,8.670380880704176,2702.8731737051817,CPL,-115.98982767837424,0.516105820818666,-15.103998499759655
bn160910722,2,4.084000000000014,5.236000000000015,4,False,-0.3007175844712686,0.08130669802956934,351.47548812852375,25.067836639923655,-4.999996258000919,0.013068914973304757,2266.0100697527478,True,2263.921213060256,True,2264.215684594002,False,136.66634765055997,33.76670643893176,436.7816839740784,175.2745931740906,2264.8825990520863,False,39.10355634036669,10.686643613393613,2265.008696997358,True,39.04690807371983,7.297066267657369,2262.835768960634,CPL+BB,5.001372755389639,5.085444099621782,3.333085541915807
bn160910722,3,5.236000000000015,6.772000000000016,4,True,-0.5041670344723399,0.1412457855420531,212.83022923559176,33.4487383774663,-2.052141952157957,0.14141119048615403,2688.548727392241,True,2696.084851917164,True,2688.3128565584934,False,102.4712113189088,30.973322435612822,1064.7135730575856,900.0799067620883,2690.1597002631484,False,32.31328394754984,7.009911558642729,2689.189804480573,True,30.840374904396885,3.065348091015167,2688.5694171863825,SBPL,3.3589229116678325,11.515434730781635,2.1531562953450702
bn160910722,4,6.772000000000016,7.156000000000017,4,True,-0.3296945866223405,0.09224322383311864,872.4976922783951,103.70485683434782,-4.370308914709839,1.1980344981344315,849.8935530092708,True,847.9394413818566,False,850.5298679550251,True,44.783095506291474,75.3616346066161,874.9564427448264,112.37139367622274,851.5091341288611,False,1.160051593726331,55.626993526353836,853.8936527796689,True,24.733199520440422,6.45550228252341,850.4120227234998,CPL,-9.977039803743537e-05,1.527418658356737,3.020733826164019
bn160910722,5,7.156000000000017,7.412000000000017,4,False,-0.15858220136786616,0.08416794689540562,730.9858388109443,54.41584613500021,-4.999993577455735,0.008646467448783834,389.4642478561202,True,387.3661164175008,False,388.5073343887533,False,405.497186171178,50.835683706765025,1208.5105161272818,211.83225458182915,390.7526897150121,False,3.6035486055392725,1.1815689538474137,390.60428862031875,False,1.1224769484760366,0.10297451416079528,389.66610468473544,CPL,2.8599592358014547,1.700011732765347,1.7546446737412111
bn160910722,6,7.412000000000017,7.540000000000017,4,True,-0.2440092304024556,0.08157473487220618,777.4659451962696,77.44694294394333,-2.8638068188235377,0.3282363701007174,-407.77008238179616,True,-404.9163048581799,True,-408.3086232841214,False,324.4220600139418,45.32956408492987,67.84813771989072,160.82539950881738,-404.8956984708257,True,9.94024549545533,6.572003614076506,-403.83048434652085,True,1.9841781200310202,76.81686550338067,-400.9162991632795,SBPL,0.06040196472469006,-5.69490038060394e-06,0.5870751867043396
bn160910722,7,7.540000000000017,8.052000000000017,4,True,-0.22552406104218634,0.04636898026596685,519.0206698185019,28.816853451268315,-2.569808010704317,0.12590356172204742,1610.3192506331127,True,1641.4140066076284,True,1607.5908519199886,False,225.5323627596111,6.728950484184239,30.02923873854233,149.55024250485096,1615.9446532179347,True,44.52945610325792,10.776092908839306,1604.298748344409,True,51.42548718909251,5.392840359443607,1624.4522355207855,Band+BB,10.02050228870371,20.961771086842873,-4.35380129794612
bn160910722,8,8.052000000000017,8.180000000000017,4,True,0.04547951292186739,0.1518150290208357,324.1246258058804,46.739427908692306,-2.324458170988403,0.15207980238267838,-333.90937031547696,True,-325.4143599511843,True,-343.8149054626838,True,98.32386029017593,25.354049792689814,757.9432645940066,119.94868509892632,-351.0717979475187,True,37.370416972009586,4.676948739577799,-351.63594951211417,True,37.397209133929266,3.960796300157618,-353.5037548658829,CPL+BB,21.726579196637203,32.08939491469863,11.256892484834907
bn160910722,9,8.180000000000017,9.204000000000018,4,True,-0.10216338190235863,0.031215538277717905,285.3304968389019,7.955651474547352,-2.4537269845614733,0.04507488688885064,2697.063780600671,True,2892.402344580615,True,2681.891224566575,True,132.20144136993483,6.810721876865159,537.5514246072216,57.91222065592606,2685.47818096481,True,40.797053101617784,2.7463165019378977,2686.836665775364,True,43.826585963590375,1.4865592427360461,2727.8582717135087,SBPL,14.227114825307126,168.54407286710648,0.4130436017653665
bn160910722,10,9.204000000000018,9.844000000000019,4,True,-0.3739718832093313,0.04227838083214994,252.06539585229586,11.550656332585518,-2.4370438260397442,0.07716240162394761,1963.6128485020129,True,2030.039926943802,True,1955.4759738113607,True,55.82147757956781,61.668423164398625,293.5874960495983,32.0194307831415,1956.3130753929045,True,24.699375967933953,5.545858435659564,1958.1937797101486,True,29.879489034313842,3.163092238799864,1974.6692762316272,SBPL,9.41906879186422,59.370650712174665,3.1628984184562796
bn160910722,11,9.844000000000019,10.74000000000002,4,True,-0.40191530707955464,0.046636249866351176,184.38059703940914,8.175488758026418,-2.304682467269355,0.06861882385254381,2304.3965950182246,True,2391.158707026204,True,2301.5449836768844,True,97.89364552589448,16.193530040076872,154.37657073487165,95.81200209819042,2304.8296583626566,True,26.42082533776728,2.729906530686902,2305.1551781994194,True,27.97495696959336,2.056018240649097,2314.749991483963,SBPL,3.2414168188051917,80.40871554224077,0.7153253142278118
bn160910722,12,10.74000000000002,10.99600000000002,4,False,-1.7043836937065318,0.0,510.33449262508475,0.0,-1.600000020798275,0.0,724.2207856634986,True,424.2477296938566,True,379.8867951509148,False,57.31990098361944,4.389477164969506,2460.786999944179,1313.6590255666945,386.47546122966537,True,8.378848202155133,1.0704654899727233,379.52523833733403,True,20.38499179817642,2.1835931753491398,396.9243096801476,Band+BB,348.6955473261646,31.32342001370904,-2.5886660787505775
bn160910722,13,10.99600000000002,11.76400000000002,4,True,-0.7866271043522614,0.07356971633561143,146.27785678166674,13.766373951105805,-2.0227971351325498,0.06355856686304762,1911.7517024653248,True,1955.016348189092,True,1911.747316461864,True,14.405135928466926,2.809227198796113,258.0050180125433,47.27633000126876,1915.3850888190095,True,22.214075895722846,54.13400351541865,1915.7517038712913,True,20.345906509535663,3.12946232229317,1933.2959654629592,SBPL,-1.405966486345278e-06,25.72038272613281,0.3622276428545774
bn160910722,14,11.76400000000002,13.172000000000022,4,True,-0.7836255649471178,0.07976646821162048,125.13600724486787,12.18021384428286,-2.036017208282158,0.06222634712866115,2731.2816456040637,True,2792.1068759786403,True,2729.930635518127,True,11.258539564878907,0.7735511601195206,203.86916856058085,29.115845723424158,2732.007675207122,True,35.894777829405385,4.931475487511065,2729.6904488856417,True,20.395667684936605,3.096556924838076,2760.7612234263015,Band+BB,5.5911967184219975,35.345652552338834,1.9229603110052267
bn160910722,15,13.172000000000022,14.580000000000023,4,True,-1.0877670354262026,0.07115895402849803,152.38655071936316,17.604534403187074,-2.207021515696941,0.10327211846791684,2589.130986187268,True,2597.724626566889,True,2589.384596300223,False,78.18251463665048,55.39308544705836,36.27602245838143,780.5528019954559,2593.262610819659,True,8.952305909909256,3.609243055546129,2592.6172127303253,True,20.02895131656715,4.288567251285646,2595.687673781399,Band,0.5137734569425447,6.03695278549003,0.12198548056403524
bn160910722,16,14.580000000000023,16.500000000000025,4,True,-0.7817360821694834,0.41287508524417693,80.51621707432105,35.83079560496854,-1.8985421078979248,0.08190056250904532,2991.6077994699253,True,3009.5092175127784,True,2989.3937680664717,False,48.19882265685019,1.5998533309039615,32.07982770194134,1364.3484673287435,2994.7343501556024,True,6.365410028893558,1.8713500468213726,2992.8330066279495,True,12.059545841592433,1.6723453398679524,2998.0628408111334,SBPL,2.7747928419757955,15.446376701645022,-1.3405820891307485
bn160910722,17,16.500000000000025,19.700000000000028,4,True,-1.1799017479342297,0.08446398344077144,255.37187407556186,65.07947660329134,-2.0698218099738424,0.21196586138089935,3651.4887260637506,True,3653.2436072138876,True,3651.598115884579,False,112.50577817578717,29.047027927110243,283.7179179049,355.2194873024489,3654.198778615325,True,47.65400846853668,10.576977682647957,3654.9218489745913,True,116.41364056566967,64.03922289322284,3657.2435451724677,Band,0.566877089159334,6.204141982379952e-05,1.3993372692539197
bn160910722,18,19.700000000000028,24.820000000000032,4,True,-1.029773002799147,0.2350690186984714,171.62764537072542,111.38704005900738,-1.7681967571991761,0.11263653254658412,4273.9143582299885,True,4277.147900204953,True,4273.621870114832,False,34.28660044318058,11.957728428296877,4381.511328910211,1367.0846585052695,4275.719942074784,False,4.906305636971402,0.7708333991325578,4275.738323847047,False,1.0004236741817683,17.06330385661817,4281.147874921185,SBPL,2.176034382941907,2.5283768081862945e-05,1.9019280400480056
bn170114833,0,0.2440000000000211,2.9320000000000235,4,True,-0.6074550571970337,0.0714003199769716,216.89064760520233,21.172612028183494,-2.109568949265621,0.1054529082022928,2944.857963508595,True,2961.9281483213226,True,2941.88935866251,True,95.94560063265668,23.00809647631805,499.3564756904726,548.6543189227357,2944.11907439665,True,4.721560462012922,4.058879103072878,2948.8523051838265,True,26.107991938986224,4.681466734050952,2944.040467352693,SBPL,0.005658324768319289,21.88768096862941,1.7702842658600275
bn170114833,1,2.9320000000000235,8.948000000000029,4,True,-0.8639611820377493,0.06512688658902827,174.39010613653207,17.110174970897177,-2.4504984258700926,0.23201895188370214,4061.367085619518,True,4062.6267590844336,True,4061.3376087131546,False,10.275422653091368,0.5045118130759771,167.00542407882583,11.261633182899672,4062.1320485088536,True,5.575340499166873,0.5818067208270188,4060.8191667599185,True,25.010049518115725,4.408460724967933,4064.5968349786162,Band+BB,4.5479188595995765,2.029924105817372,3.2055602043010367
bn170114833,2,8.948000000000029,11.892000000000031,4,True,-0.9305835144957149,0.14217672476619359,124.15419442394605,19.565882090198535,-2.629519313755287,0.6468527330718212,2926.336747889075,True,2925.357530635498,False,2926.7272504747207,True,12.239284515529407,3.3932807043655924,127.32064498452031,15.508139147589496,2928.1927113816546,True,5.675103520328109,0.5156110808044585,2921.8359177424145,False,5.432039632139577,0.5336399457971384,2922.298005712144,Band+BB,8.500830146660519,7.05952492335382,2.534539093066087
bn170114833,3,11.892000000000031,17.140000000000036,4,True,-1.1899052895197908,0.13006450263725056,118.9565094928815,21.284476087284993,-4.048237109855112,1.1260975109419766,3708.2420130896253,True,3706.274791571397,False,3708.193739460849,True,74.70940438542017,50.62162319905884,179.6416128730581,59.75110834321949,3711.94431992106,False,1.0011347142279736,0.07100264520393129,3711.912876478941,False,1.0001531001966277,0.04212112128232026,3709.945584907989,CPL,0.3291366106841451,0.3292066634080584,0.2494195397889598
bn170114917,0,-0.26799999999998647,0.24400000000001398,3,True,-0.8156686180675192,0.23366183551972847,1012.1941985846761,818.5488574411586,-1.9875659359363336,0.342696219636936,608.1907609500256,True,605.6909168875659,True,607.881826819977,True,897.0509992039861,191.1934178299512,1651.373483387343,1189.5327067254934,611.7419238813785,True,3.44168679639584,1.0005472108096596,609.574552073704,False,1.0000013821159053,0.0011134048689834808,608.1513596710606,CPL,2.6162088763215934,1.5395572165052727,0.13990293859853864
bn170114917,1,0.24400000000001398,1.1400000000000148,3,True,-0.7415435217899858,0.10402933378815998,692.0822622252659,150.89912700550798,-3.0469946845757603,1.0654801771423459,1246.6768391353667,True,1244.825170922612,True,1246.5578808468324,False,15.728727981105743,3.138658585317714,570.5758842042592,121.59692596325084,1247.8430159888171,True,8.029040271550812,1.8364977295897296,1248.5358703394868,True,7.886854314976531,1.9637864704702817,1247.3759020172374,CPL,2.1409687958798713,1.449268905374538,2.7148648580152894
bn170114917,2,1.1400000000000148,1.6520000000000152,3,True,-0.5369212467464615,0.14800855153234682,292.5676215568107,63.24467524746936,-2.119568116516587,0.1999575842340824,707.7293647821213,True,711.7213422091598,True,705.9769423928894,True,55.71047642037336,63.86502352249572,912.7193381625317,1174.8756953100894,707.0123383078508,True,18.729612284549102,4.806232158719949,706.9399899649238,True,21.671950385038226,5.723513354838734,706.8541593343067,SBPL,4.789374817197427,8.867182874853142,2.9646040850386726
bn170114917,3,1.6520000000000152,2.548000000000016,3,True,-0.27632787559891797,0.09287131761061472,224.0448097616028,20.389626337304136,-2.2685226457350223,0.11805525955851026,1413.4502812449246,True,1439.2799716862874,True,1409.8868232196173,True,106.47618984541845,12.329110055630174,367.74466549853514,731.7020163307368,1412.3726182736211,True,30.41828812204302,4.506837635753719,1414.4834052299711,True,64.13366022866025,0.49753423127938845,1443.2800391174212,SBPL,2.9668760149534137,-6.743113385709876e-05,1.5142049459961981
bn170114917,4,2.548000000000016,3.3160000000000167,3,True,-0.5252591109975429,0.14361996991630602,193.93921679083394,35.99414741661106,-2.0305976432722868,0.1338743892664217,1196.035187160722,True,1212.8870408520222,True,1193.3473531699076,True,14.654311871666357,1.1691777108453332,335.662546412678,88.1344708269286,1193.6817043708525,True,11.673656319946527,2.9896174084645897,1195.929031006308,True,20.47887479543709,4.913733637178449,1203.365806810946,SBPL,4.106156154414066,13.52123404107624,3.665648799055134
bn170114917,5,3.3160000000000167,4.596000000000018,3,True,-0.6718413464887232,0.12341043536528146,158.14482635097846,24.211664754069673,-2.0080271339056366,0.09235578322555826,1654.3464871910764,True,1666.2053341977762,True,1654.8140040000442,True,47.39807530398576,169.8229783297766,259.2620707477261,66.85268655582395,1658.5869121250114,False,1.099388178244488,17.621651232585524,1658.3466267594872,True,24.835694155800773,4.363367053569366,1656.3747536395722,Band,-0.00013956841075923876,13.83058055820402,0.22709187503278372
bn170114917,6,4.596000000000018,6.260000000000019,3,True,-0.8223408880265651,0.18270093130483522,145.46231053966181,34.66715803567353,-2.090521732617631,0.18298306792019525,1876.9258687087313,True,1877.5451869239173,True,1876.7975730277544,False,10.002863080049252,87.52627907512476,168.21775418557377,15.28682604706772,1880.6170286566346,True,22.308370654092812,3.9143654761793716,1878.9862895554936,True,22.34709146838804,4.703582726624791,1876.9928307759658,SBPL,1.9395791532376734,4.552356147951514,0.18054437111982224
bn170114917,7,6.260000000000019,9.204000000000022,3,False,-1.1472776464374632,0.10207275324306375,171.92916193985897,28.487647423187966,-4.998394617172907,0.6002565446900807,2494.2087431641457,True,2492.2114503521652,False,2494.583598485463,False,40.65663803111692,27.89031303164864,219.53548601284254,41.41980255324681,2496.6135191257627,True,63.81696517948599,15.16620340148624,2496.187983221053,True,2.856038533249812,1.627205727898994,2496.134906312816,CPL,2.0207599430927985,0.07654403934930087,1.9700793597003212
bn170114917,8,9.204000000000022,11.316000000000024,3,True,-1.1521463031725638,0.2528024059745552,110.0814221641198,31.16838725624482,-3.245682051937831,1.1106745736706647,2049.225860648522,True,2047.304297160854,False,2049.197063951525,False,10.435775522846436,1.1280258212403345,137.28585483428074,28.432672225752377,2052.523532078608,False,5.143276960216016,1.7715802845870847,2052.9646595846198,False,34.37414261651024,8.706678225068988,2050.692480234017,CPL,0.2612010639024902,0.611816926837264,0.673531872916783
bn170921168,0,-0.011999999999990352,0.37200000000000966,2,True,-0.33072367661992297,0.16683884664437412,677.4373460557291,153.86254512913058,-2.449572231223205,0.4516589495034251,486.744246254054,True,485.79180008981825,True,487.4963145045859,True,20.374124623766154,6.8625655054118795,622.0859245096889,130.34777783506053,489.0168512415937,False,26.016509571675815,4.20693159736307,487.15611412638646,False,1.1790913299565926,0.1437491310534098,489.7918220204481,CPL,3.5881321276675635,-2.1930629827693338e-05,2.4794632629921693
bn170921168,1,0.37200000000000966,0.8840000000000097,2,False,-0.22072250538603289,0.10416544816794736,418.3977360721694,38.97744993062591,-4.999995796217058,0.006668892389142034,736.0033381510202,True,733.8283279750902,False,736.840406837445,False,117.19718276167387,124.71919790785671,457.37138693045324,42.39225992109144,736.407535450267,False,4.089843247570618,1.4552841534308913,738.8071936438602,True,4.096366634741733,1.5130560040423429,736.602893985259,CPL,1.1961445071600565,1.225433989831231,4.432871387178011
bn170921168,2,0.8840000000000097,7.41200000000001,2,True,-0.6622518043924348,0.04201687177974095,155.9946493899839,8.369945710425355,-2.3920258032911184,0.12100349890941664,2628.7922667450966,True,2641.7168123205092,True,2620.9941753205303,True,22.436669048768312,1.7474878743223723,183.867112773005,10.407018559048936,2609.677960847385,True,2.336224332049183,48.60185924077623,2632.792231835245,True,12.45786274241364,0.9353955522245725,2616.3329279073514,DSBPL,3.49098518199753e-05,29.38388441315783,15.316214473145465
bn170921168,3,7.41200000000001,9.71600000000001,2,True,-1.1228002995132296,0.049113430620571163,92.4646137891188,4.943553020665391,-2.8922759029360052,0.25612948135351177,1823.7130101642724,True,1825.2414644914488,True,1818.7315596512253,True,15.539603696147543,3.818699847252393,118.33968655984728,11.843535990709874,1798.1019125185085,True,6.499412110681785,0.6350425962336499,1797.5516189966793,True,6.776246163784656,0.5498230366533248,1797.3146469014182,CPL+BB,30.161391167593138,31.926817590030623,24.629647132716855
bn170921168,4,9.71600000000001,11.63600000000001,2,True,-0.986745978053056,0.1116183987696232,61.546536065123355,5.5020146363789095,-2.362679690410376,0.09654322085728939,1700.630846922398,True,1713.5523126135738,True,1698.3864747429961,True,11.516365057893418,0.9435259042698743,70.78060847386594,7.242125485795022,1696.6533211802962,True,4.422273839802569,0.3154617045003687,1694.9342131520782,True,6.885085425014562,2.3778890511529776,1707.6117732646287,Band+BB,9.69663377031975,9.940539348945094,5.733153562699954
bn170921168,5,11.63600000000001,12.788000000000011,2,True,-1.019643957275111,0.07846942203140189,65.77319272821423,2.7755791413858084,-4.402174976431316,1.0346635640633175,1253.813486882024,True,1252.700668265672,True,1246.693728288285,True,10.912653524085554,1.0760977070155242,58.29798217076488,5.120323909054136,1249.8909407783449,True,31.0748342304534,8.649625391455485,1249.5417991526392,False,42.58877176894369,7.787206498097127,1249.1998087473607,SBPL,8.271687729384894,7.500859518311245,0.8027875099401172
bn170921168,6,12.788000000000011,16.50000000000001,2,True,-0.8323575109640875,0.09818185387612532,44.53901958062214,1.810026559679617,-2.7897739554038776,0.11454530907886773,2150.94396388632,False,2167.1190132426145,True,2147.199525930584,True,11.108254690169272,0.7070453767650786,45.461263662004825,2.49006735104944,2144.717151397377,True,4.083100765175862,0.2581154220428634,2145.4101438497687,True,7.932058880635385,1.2650710667745768,2152.95290179572,DSBPL,9.533820036551333,18.16611144689432,6.482374533206894
bn170921168,7,16.50000000000001,18.93200000000001,2,False,-1.2246089155066173,0.1290513785014351,31.03420539492374,1.3033639030342243,-2.6026482783201246,0.08754431896006376,1851.3194535258735,True,1860.482481225728,True,1849.4669948517958,False,10.00000000310963,4.117438552331265e-05,30.000014818432053,0.008637495909292525,1851.5925256199098,True,3.53049208668076,0.2755976898434134,1848.8708054903038,True,5.819712714289955,2.1452123216751158,1852.9590052527133,Band+BB,6.448648035569704,11.523475973014683,1.8744692318859961
bn170921168,8,18.93200000000001,20.72400000000001,2,False,-1.3061181911997435,0.16635469066183062,30.00000313822294,0.0016821892333869215,-2.713019824648889,0.1473309211467173,1562.1171346530325,True,1560.2997818868187,False,1543.9909088733627,False,10.000006679767536,0.0017334448790240486,30.000003662634175,0.002322487966690545,1564.5207409363002,True,4.581070277571717,0.2850221069708567,1541.221994055597,True,4.592125921238968,0.24958160824131426,1539.2372218121604,CPL+BB,24.895140597435557,25.062560074658222,-16.52983206293743
bn170921168,9,20.72400000000001,22.77200000000001,2,False,-1.6545292746836435,0.09313119890102639,30.000000000008768,2.942106720027482e-06,-2.9560346909074386,0.42292492423439754,1657.8024680940157,False,1627.3819564372036,False,1626.5615350192043,False,237.1260292975633,0.0,30.000026994708108,0.006317665299356179,1662.5368368926424,True,2.834070201009832,0.31228141370827656,1627.528551420225,False,84.49664653836498,32.52921424836372,1628.202784526904,Band+BB,34.27391667379061,3.1791719102996012,-31.975301873438184
bn170921168,10,22.77200000000001,26.48400000000001,2,False,-1.6494369481672788,0.10231770473597113,30.00000000112537,4.577577512066e-05,-3.1683969847406015,0.8094617371271229,2124.281641743418,True,2114.41693626885,False,2109.9717961796187,False,212.9521538899925,208.77855360464054,30.000005648855975,0.00498272204694139,2128.5800165848786,True,3.8248032254745605,0.2933541326147131,2108.675945186499,True,3.854625887081096,0.2475633452274868,2107.1679651041145,CPL+BB,19.6056965569187,11.248971164735394,-14.608220405259999
bn170921168,11,26.48400000000001,34.03600000000001,2,False,-1.7351602781639002,0.09590996927545337,33.535467202926526,4.702813309307068,-4.939639881708474,0.49160406427226544,2625.369726000775,True,2623.34199826837,True,2626.5213473345307,False,nan,nan,nan,nan,nan,False,3.951991143542332,0.8484800743445007,2627.8851666953346,False,29.86506750079318,7.297719097284595,2625.272548583359,CPL,1.4845593054401434,2.0694496850110227,nan
bn171013350,0,-3.1479999999999855,2.4200000000000195,5,True,-0.7343458137349665,0.2417398817873399,140.3633235025411,32.92258509680852,-2.2217860096095436,0.32539636962209006,4983.112239514128,True,4982.665259849915,True,4983.597214010338,False,770.9281141246475,197.97764586773073,107.11247567033777,80.75790315801723,4987.5527223945155,True,35.02550252301469,8.35063781555606,4986.158587311123,True,10.584081994153125,3.4882008883024627,4986.032600801425,CPL,0.9536522030057313,0.632659048489586,0.04449161582215311
bn171013350,1,2.4200000000000195,4.980000000000022,5,True,-0.8373296436544044,0.16866091226264673,165.99655276675918,39.06779727361875,-2.175744137163477,0.2901169919780602,3646.2202434937963,True,3647.0938096630316,True,3646.542497943436,True,14.933803000169213,216.56727122476866,174.92395740044614,25.235120530908958,3650.0005488460115,True,1.8501927538371443,0.4013042277062191,3648.807451438078,True,1.5527350200238148,0.34858996805716336,3650.583628831612,Band,1.4127920557184552,0.5101808314198024,0.5419490974245491
bn171013350,2,4.980000000000022,23.92400000000004,5,True,-0.7673122282716724,0.050175071118399805,108.10096160703752,4.7068062381082285,-2.66993629042124,0.15749101654096886,7223.090280900014,True,7234.587370028513,True,7223.322811751534,True,20.779254533792308,2.454036323838432,106.03927545354938,4.89941790284476,7224.81148909088,True,6.47220642627944,1.8125005476338005,7224.830103056486,False,63.31488415378819,7.009632368641871,7230.450882159157,Band,2.2601778435273445,8.136487869355733,2.5113226606536045
bn171013350,3,23.92400000000004,34.548000000000044,5,True,-0.7649983328597432,0.154008429573549,59.491890663445204,3.807424143609662,-3.0094893683753083,0.33948844002476486,6046.838184890064,False,6048.731952871407,True,6048.2622039742555,False,10.848844478501553,3.267203512387738,58.313097891090244,5.858439000644232,6051.0250785240305,False,16.73855197031087,1.6110425527630525,6049.2454644047575,True,14.024255139892166,0.9032577063456566,6049.48057582048,Band,1.592720485306927,3.251377050926749,1.237125450224994
bn171210493,0,-0.13999999999998358,1.3960000000000163,6,True,-0.6264319134987547,0.17726698107796365,759.8174720227022,371.8039502234428,-2.040446452248201,0.27299421077105457,4145.211946813969,True,4146.83491891111,True,4145.319082777894,False,nan,nan,nan,nan,nan,True,15.950912132817075,3.700153966833734,4146.619092349052,True,16.570337141653493,3.5744157060441504,4149.181159102507,Band,2.5928544649168543,1.653759808603354,nan
bn171210493,1,1.3960000000000163,2.5480000000000165,6,True,-0.7067664882270972,0.06720092041853815,763.1561708353931,121.48346695187684,-2.6347862675514473,0.5157765114929798,3687.059006155848,True,3686.2508694427615,True,3687.4707315371465,False,362.61761138005545,76.34177479139214,123.2327807048906,57.28661889770347,3692.153982499901,True,9.656247406698819,99.9379434975314,3691.058931434962,False,1.0903404045956437,0.08568973805045388,3689.004245122074,CPL,7.472088600479765e-05,1.2466243206877152,-0.6832509627543004
bn171210493,2,2.5480000000000165,9.844000000000017,6,True,-0.564819475686539,0.02742772967828533,347.0964043328588,14.17575665796548,-2.793523233336954,0.18156881781668144,7779.503634236507,True,7784.714179927103,True,7769.202725979364,False,180.00192470247805,12.870791924849186,30.000901848246286,0.17446514049852624,7769.8026584706595,True,92.97899997378596,63.58092208193922,7783.503635688983,True,47.46262740097027,4.184150000279988,7764.120103294496,CPL+BB,-1.4524757716571912e-06,24.59407663260663,3.400067508704524
bn171210493,3,9.844000000000017,12.916000000000016,6,True,-0.3639206582740999,0.05607453258443912,191.61106092002936,8.878887931295935,-2.728449440116864,0.1950858125324646,5836.680757527254,True,5848.420240493084,True,5837.066578561396,False,276.3698076625835,202.4549716822563,30.73043471668603,21.618750429408962,5835.022973202226,True,4.007800268057898,1.0916674429624689,5835.669538672598,True,34.76580549827511,2.5915114163077995,5833.543789659488,CPL+BB,5.011218854656363,18.87645083359621,6.043605359170215
bn171210493,4,12.916000000000016,17.396000000000015,6,True,-0.3231463387656298,0.056154020797378135,160.64123633848664,6.024871143014352,-2.940517908174513,0.21262930395340618,6657.842401978447,True,6662.414891364031,True,6654.644497844831,False,899.990004953963,17.938020438238425,45.99948747814212,644.3399066520426,6647.8328620625525,True,11.20879897954041,92.44683729309904,6661.842337254343,True,31.671815705444473,1.7712876920302811,6643.204789657046,CPL+BB,6.472410404967377e-05,23.21010170698537,10.811635782278245
bn171210493,5,17.396000000000015,22.388000000000016,6,True,-0.433773681616128,0.0647771611289498,131.5078848246594,5.156064083873723,-3.184298830635813,0.34521548101628996,6808.912149342358,True,6809.586069649239,True,6806.549779969414,False,158.24545093394784,140.47764759040075,112.33616385537547,5.929053335289169,6807.486584351128,False,26.29085918322195,2.1870644240650314,6806.7941380970915,True,26.38175463619524,1.0452708811424198,6803.083446573927,CPL+BB,6.1180112452666435,10.50262307531193,3.063195618286045
bn171210493,6,22.388000000000016,29.04400000000002,6,True,-0.43728222237604075,0.06364202994474424,118.38425919113757,4.257233258418957,-3.1859062806192653,0.3391461738904913,7347.671296863784,True,7350.619612966633,True,7348.788901697254,False,85.8773480642585,28.426345650462526,40.78007443321194,307.4140332737401,7351.467052817177,True,31.703891454404904,2.2350545082387168,7350.007564848216,True,23.762497974997114,2.3515278997426687,7351.539603698813,Band,1.6637320155678026,3.08000926782006,1.3218488800766863
bn171210493,7,29.04400000000002,41.588000000000015,6,True,-0.3604846167492043,0.08141327361969078,101.60805868723307,4.264886344605891,-3.089314100144069,0.297196503620653,8665.830392307633,True,8668.957698678874,True,8665.560062258543,False,66.29411548192309,15.577474205340248,30.316988830829732,9.113912569889727,8669.217128814775,True,3.010927584085447,0.884549887519652,8669.282217284703,True,19.77035784797907,1.8426992230945753,8667.61196759213,SBPL,0.5481750229300815,5.345731086743399,0.3429334437678335
bn171210493,8,41.588000000000015,53.49200000000002,6,True,-0.332545408115963,0.11295515308357028,93.69230161910357,5.008098021539517,-3.214058409941296,0.47054888490782076,8436.078300926187,True,8436.911543654453,True,8436.01096968123,True,46.1436843627654,3.3809224097729924,62.38719831189258,35.6439250972531,8439.769680096118,True,7.675965271750059,1.221032118949417,8437.279970086789,False,9.257283206019265,1.5375197258240263,8437.5053579626,SBPL,2.7983308393977495,3.4061856918524427,0.2412895851120993
bn171210493,9,53.49200000000002,72.69200000000002,6,True,-0.5526467501745034,0.11117552974851577,94.69994693037798,5.54859653963576,-3.548568154867602,0.8553322571301769,9481.040413223232,True,9479.463990809327,False,9481.33188303695,False,63.989448374181244,10.857560228170271,33.864390032236315,10.839649495744595,9484.60721859425,True,26.325913109369758,2.806891778331691,9483.65886118071,False,4.755125542846245,1.3904333741651718,9481.825649248498,CPL,1.3815520425232535,1.6383415608288487,0.7246644426995772
bn171210493,10,72.69200000000002,97.01200000000001,6,True,-0.4998247300568988,0.21518099478356026,98.12746367447527,9.453225278820604,-3.5714217423570047,0.9833492236676098,9950.27874366806,True,9948.273930452795,False,9950.082035949776,False,139.98209533384193,132.81950902157746,47.739906552943225,29.792913461406847,9953.613685948807,True,4.54691650792292,1.6738068681985505,9953.804378931583,True,22.934922306884843,6.370721707573854,9952.125290171487,CPL,0.4743647364757635,0.14864028130796214,0.46835000096871227
bn180426549,0,-0.20800000000000007,0.43199999999999994,2,True,-0.4391551066362538,0.4035175286226492,160.61217052062972,66.43934868147126,-1.9795470743445023,0.1412731015314651,1231.6728161042265,True,1258.8734061709479,False,1229.9782325551037,False,23.877716219515793,6.5811857465746115,795.7666841435564,894.3755197662158,1233.37169778232,False,62.50120515178307,22.17236009627878,1229.2764059606495,False,42.15408655242437,17.058934607247075,1243.1000675370594,Band,6.396410143576986,19.773338633888443,0.6065347727835615
bn180426549,1,0.43199999999999994,3.12,2,True,-0.28813110556031074,0.14597991412257866,173.45258273089524,20.66506308195629,-2.0959900277507595,0.11459911220099384,2267.3673321404367,True,2390.693831546162,True,2268.3045795067364,False,18.733297669235824,4.476474471463398,754.1409216956324,303.0184836726594,2270.9878480710977,True,53.774990461796705,8.277671981341147,2260.166423200982,True,38.942481857807515,3.7865692601308005,2298.1409889108018,Band+BB,11.20090893945462,96.55284263536032,1.3167314356387578
bn180426549,2,3.12,6.32,2,True,0.16552113037048238,0.8591036014408521,80.23948799546588,31.768915285106512,-1.7306514474955421,0.07148794623681454,2352.6908747975076,False,2386.365372013661,False,2356.3899638414514,False,807.2254746764868,258.5880760605731,712.1158040424847,274.67883489448315,2364.0689214344816,False,26.035186543385922,1.3242769452578766,2341.3132195950593,False,22.68633178917209,2.07017604272799,2338.265287381541,Band,15.377655202448295,52.10008463211989,-3.6789575930301908
bn180426549,3,6.32,9.84,2,False,1.8999592156851395,0.008188012841876646,40.42851288733399,6.708284462891406,-1.600000003494087,2.5158907895783678e-05,2394.464512376765,False,2397.5633558050895,False,2396.7902024901587,False,23.0985203320196,6.785340406643991,4999.998614439769,1.4982194187145979,2410.55514960001,False,17.99497122237935,1.882269371418456,2379.927072969187,False,18.104740343204394,1.7703679757759687,2371.1397423908584,CPL+BB,18.53743940757795,30.423613414231113,-9.764947109851164
bn180427442,0,-0.13999999999999058,0.5000000000000094,2,True,-0.6815049742543119,0.1969997585018018,590.1302404004978,218.62848021287743,-2.216223478251191,0.2949345501479934,622.0576538061787,True,622.7619521205337,True,620.9938907405822,True,126.24736331918334,147.07719040241952,1101.473983862614,748.0999918900925,624.3626159382644,True,1.1999731372245677,0.13040974336215683,624.6892479617095,True,48.44198254380132,21.512668631609806,622.6470629248299,SBPL,1.36840584446918,4.114889195703768,0.6312748023177619
bn180427442,1,0.5000000000000094,1.1400000000000095,2,True,-0.36166818728822986,0.14400795443059844,350.67875186376114,45.610573924045525,-3.3912659175181235,1.0276923484213545,627.8554644955856,True,625.7909703411057,True,627.0695853313345,True,11.845764413790164,106.31393688229622,283.5635997768036,28.450368950990423,631.4886798417733,True,4.198585269342219,1.1982370924252164,629.3845135707751,True,61.26299791431556,10.224438916997205,628.1215447915282,CPL,2.470950924810495,1.6694255495774541,-0.4190945104388675
bn180427442,2,1.1400000000000095,4.46800000000001,2,True,0.4281976427198758,0.08872562422209349,179.40007469992145,5.1539421596265385,-3.5016461609395786,0.2670810118967104,1883.6288697939463,True,1891.0311782606116,False,1884.8076971990688,False,10.615018127678402,21.38816405756593,156.3658200384188,4.0283487109982445,1874.7414344603258,True,9.728551070798382,1.6925001103910784,1875.9358214004335,True,41.22670710402428,1.6109118072054933,1876.713749063831,Band+BB,11.693048393512754,18.317429196780495,14.066262738743035
bn180427442,3,4.46800000000001,8.692000000000009,2,True,0.5643100173242962,0.0811504597769249,121.41339355708187,2.6585287098918187,-3.739523357850636,0.2509482489062025,2028.6898296203572,False,2042.5573385153004,False,2034.0645405204623,True,31.80114870574703,3.483059966606737,117.8238214756144,3.058576902213865,2026.8607634205691,True,32.729962951868956,1.8644940127590335,2030.422770324014,True,28.165531944611434,1.3689656923877784,2031.2369823841982,DSBPL,2.2670592963431773,15.320356131102244,11.20377709989316
bn180427442,4,8.692000000000009,11.50800000000001,2,False,0.3960680628375659,0.1006189567046146,84.92541397846287,1.8017660968419733,-4.999198592580489,0.11474890463873644,1659.9297249388142,False,1658.53831376726,False,1667.219738321974,False,55.089180486063505,5.97576839649928,35.06754974667601,19.07803381484815,1662.4223766885953,False,20.85683124238942,1.3373331173105623,1662.3126842003999,True,20.794283131860684,1.0565901614756772,1660.2128138684393,CPL+BB,1.617040738414289,2.3254998988206808,8.797361633378841
bn180427442,5,11.50800000000001,13.30000000000001,2,True,0.306571386550724,0.16678536177654452,66.52016010706733,2.145181596973824,-4.783428558757542,0.9518675147134859,1327.1255322630695,False,1325.5115926652159,False,1327.8893193542817,False,30.69785075559786,3.138819833589114,66.52308541134772,12.07143319952996,1327.9614852983864,True,20.26275260723907,1.9619026147694552,1328.040942566539,False,8.998834695607206,1.7015040328909135,1327.1430279015874,Band,3.0845896965306565,2.3685647636284557,3.927834055895346
bn180427442,6,13.30000000000001,15.98800000000001,2,False,0.4528000315682599,0.18874701237810285,55.42423325618507,1.5528567868413532,-4.9999968549370255,0.0037216493559109054,1584.0664191477804,False,1582.0600304893028,False,1584.8282358977592,False,29.207837251783666,1.5816993472918295,31.41291712547498,15.353331244327016,1585.77405233741,True,17.719985966194077,1.5079935685147268,1585.2198896898658,False,8.670509118276659,1.7468367957585826,1583.9292965144728,Band+BB,2.846529457914585,2.1307339748300365,3.054183560349202
bn180427442,7,15.98800000000001,19.31600000000001,2,False,0.05512309671078286,0.2532190210549934,46.01492284326237,1.7016012688056605,-4.999999998765083,7.095231931941726e-05,1726.8206688634646,False,1724.2186061086775,False,1728.925414128705,False,23.278631953938326,1.9030513230936759,30.11346467911326,4.101192840007339,1729.8448702431729,False,16.13795767362503,1.47180075241325,1729.6046294510688,False,15.991940439758423,1.747660557945526,1727.290944060103,CPL,1.2160394123957303,0.9276620485745752,3.0805438855320517
bn180427442,8,19.31600000000001,24.56400000000001,2,False,0.537281787981594,0.5211721006782248,34.62022596236067,2.0693836268176113,-3.458928910406881,0.39439580943884245,2038.2076550206825,False,2040.692455153253,True,2038.5265788897839,False,54.792342030187946,13.888903442188774,35.31454155913107,2.9701758155956384,2041.9218924319719,False,24.242206553161438,6.041957172672148,2041.2712298556396,False,8.008893952247698,0.5755260271502292,2039.3346130117911,SBPL,0.9364251650429196,5.357842141461788,0.6046864578120221
bn180427442,9,24.56400000000001,28.40400000000001,2,False,0.1272485358224494,0.8035621836363016,30.000016693737745,0.01753775653230072,-2.824404408535819,0.30301698667830523,1868.3416531266912,False,1868.9945106753003,False,1866.7392469997735,False,nan,nan,nan,nan,nan,False,5.402904919380411,1.082120686709381,1870.052512574611,False,5.4954009863921405,0.8236596358442889,1868.310209660985,SBPL,2.289140552080198,4.684301014315224,nan
bn180427442,10,28.40400000000001,34.03600000000001,2,False,0.20756859449511444,0.7773936865350993,30.000102230416182,0.08236067179362472,-4.999978492472421,0.01859448335855829,2098.5645602680693,False,2097.2518226774937,False,2098.8812491571884,False,nan,nan,nan,nan,nan,False,6.579628461171345,2.9761268951569155,2102.548783520419,False,21.39948163315732,51.41953386441081,2100.3415505925745,CPL,0.01577674765030679,0.9102720849191428,nan
bn180427442,11,34.03600000000001,41.01200000000001,2,False,0.8741566617992248,0.7500981115112406,30.000000015516278,0.0001464593474604925,-4.999995485750498,0.003786641611918995,2262.530002588268,False,nan,False,2252.9553401916396,False,nan,nan,nan,nan,nan,False,5.375576974991812,0.564796637821757,2254.273113332079,True,5.375823584388666,0.042550784593305746,2252.2731270075774,CPL+BB,12.25688925618897,nan,nan
bn180703876,0,0.5000000000000107,2.036000000000012,5,True,-0.470890519820027,0.19994104954641942,458.16216479273663,136.99320036836178,-2.383744095714722,0.26190578218930116,1921.0434565750288,False,nan,True,1920.1081542695933,False,112.20048015184092,68.84062181595458,3931.1699740991294,966.2401763946955,1919.475460474694,False,53.58203025376193,18.983885321497944,1919.340841579199,True,53.595669181235536,19.30936234144351,1917.3079560817223,CPL+BB,5.70261499582989,nan,4.632693794899296
bn180703876,1,2.036000000000012,2.932000000000013,5,True,-0.6421080796418259,0.09498337792149664,908.7569741314759,224.62951967858868,-2.6316786451989405,0.26862139786934214,1270.906999442714,True,1273.2247497343055,True,1270.0443354075258,True,161.8370528441959,89.9962278202088,1986.2638963803272,1137.334739736431,1271.6139426573466,True,1.9021300768009612,0.4699843704317199,1274.103319995876,True,52.68465752901131,15.930367585132839,1270.5003496426846,SBPL,0.8036794468380322,6.724400091620964,2.4303927501791804
bn180703876,2,2.932000000000013,5.108000000000015,5,True,-0.5908544923388636,0.05531408151749578,414.2031713695618,40.887146250904664,-2.1157338392396436,0.05599122919253885,2699.7783337383676,True,2769.6099139684,True,2690.9837237272427,True,110.19018203108946,43.753570559656865,1414.3711983514816,566.2709754021043,2687.1676246932925,True,35.390676608689304,2.7260567578845993,2684.650142857689,False,1.0787543050624415,0.1772481831780368,2773.6098522982397,Band+BB,19.12819088067863,6.1670160448557e-05,7.816099033950195
bn180703876,3,5.108000000000015,5.876000000000015,5,True,-0.7343591343359918,0.10696409115690919,378.43330401474987,80.8620083468881,-2.1780671434967243,0.14184218101513246,1081.4896785095743,True,1086.4957683092177,True,1079.9087550603977,False,171.0406600177208,32.07846862109648,37.73234981444286,864.191801217969,1083.2477031453045,False,1.0000696113404506,0.011425049921671482,1085.180648295741,True,38.83235547261204,9.819468876037051,1083.8322306254465,SBPL,0.30903021383323903,6.66353768377121,0.6610519150931395
bn180703876,4,5.876000000000015,10.74000000000002,5,True,-0.7960772162104183,0.060046519702162404,277.27799974746387,30.23367797582563,-2.1669961938819755,0.06727479032260075,3714.7506980998155,True,3740.4731250616996,True,3715.368783494038,False,615.540835374188,218.3252572202453,334.3618160793442,75.01032742354613,3718.7875238084557,True,4.771145498498786,2.31240656225743,3718.5859493615367,True,36.2521894549643,5.495034009625114,3743.1680277624796,Band,0.1647487382788313,1.3050972992200514,0.5812596855821539
bn180703876,5,10.74000000000002,14.452000000000023,5,True,-1.0768645159028696,0.10932340360403336,263.7139527656106,77.784100012726,-2.330560769030941,0.3006568308670978,3189.003359223791,True,3187.824240094198,True,3189.5897066134803,True,13.707059106291275,1.9336348394278433,284.5872727587649,57.31485101693271,3190.4156177159603,True,7.0647733443111225,1.3386372522688075,3189.1048545518056,True,7.257177786817696,0.0,3187.949675606413,CPL,3.8985046719853926,3.8745644877849372,3.1740888975200505
bn180703876,6,14.452000000000023,23.54000000000003,5,True,-0.8755777412735356,0.3586150664311819,150.62530559973823,98.84137914818226,-1.8670847820764418,0.08191117687223592,4520.938837354856,False,nan,True,4519.9026876451535,True,100.04894924340286,46.78042706466094,153.46078868536904,644.2969773283415,4524.42954708972,False,6.314562615513923,0.562716783930767,4521.304872129669,True,13.190289069207052,4.381938454809745,4531.066086137655,SBPL,3.6339652251872394,nan,-0.526859444566071
bn180720213,0,-0.5239999999999903,0.11600000000001032,4,True,-1.1354867489065485,0.20862635745250763,1120.0738754253405,1086.0636753303686,-2.392348482714861,0.8821997715128524,999.4523189535204,True,997.1762737285046,True,999.2540527783126,False,10.00002051125671,0.01974384649581129,865.3224651775611,300.16517568995687,1002.9943986125884,False,4.310023072496668,0.7361134363482471,997.6587828370747,True,3.949619823964967,0.8573179048225499,997.3236137669185,CPL,5.7935361164456936,3.8526599615861414,0.2596541657242142
bn180720213,1,0.11600000000001032,0.5000000000000107,4,True,-1.0514884695618987,0.07031510320648782,2031.7519458372856,819.8883677383486,-2.3338923285468742,0.5570555710509795,424.502492890952,True,423.45688793555496,True,424.2047614564675,True,206.6085681507728,188.3596154221052,1475.5232223425003,56.295949289469036,427.14494561208886,True,11.08789794318077,2.847523759095829,427.16658920327666,True,11.080571699745247,2.90783234372952,426.3558045967762,CPL,1.3359036876753407,1.1010833387787784,1.0598158443786474
bn180720213,2,0.5000000000000107,0.884000000000011,4,False,-0.7582656591544857,0.06333564786790175,719.7956545381352,101.29369045872818,-4.999581084605233,0.13059315007962002,557.9668178725792,True,555.9058272180025,False,557.4934820953787,False,289.9430627741003,115.13871100890088,818.0426481908257,114.43128511028584,560.3174241531934,False,2.2733550070520496,0.5979875165771833,560.6171404461868,True,2.262392971969543,0.5828274908579035,558.5731173552447,CPL,1.349677426392418,1.332709862757838,1.1760579421852526
bn180720213,3,0.884000000000011,1.2680000000000113,4,True,-0.706496028345052,0.05762203149880446,580.9938574582583,71.96071495381267,-2.731280675544102,0.46674829232149095,646.1568777490174,True,645.7415785892152,True,646.3327235289681,False,350.39177046842116,125.45024838664486,30.210603359485535,17.35248775228907,650.3719984716306,True,2.200332385089366,0.5522233116500824,648.9275591263367,True,2.134566011805333,0.5268896053409934,648.7995098003545,CPL,1.2293186226806938,0.9420687888607517,-0.03927494266247322
bn180720213,4,1.2680000000000113,2.164000000000012,4,False,-0.7423274387033919,0.02855787921411529,449.05624967271234,22.87272833200376,-4.999800472294753,0.04615534341157135,1993.3577784565132,True,1991.144011620363,True,1995.8114868125067,True,152.45457184228547,44.672269007097455,523.0122755259931,84.84748943341324,1993.896469950027,False,15.583904182629533,6.16608171019132,1994.1818245088925,True,15.583384058535625,4.09419727798964,1991.9518895548417,CPL,3.1759539476206555,3.192122065521289,5.915016862479661
bn180720213,5,2.164000000000012,2.932000000000013,4,True,-0.7718264225655649,0.04867523657122752,224.93361833201308,12.72149860254244,-3.6258831838722814,0.9120587445203872,1562.0346031629142,True,1560.5449341878593,True,1561.5598673565007,False,126.23193546296443,29.97679262451657,59.42710683303621,231.31129557934918,1565.696948207949,True,34.11813919171844,10.654980525913581,1565.314396331273,True,33.893169903702855,9.691133216033682,1563.5542310504711,CPL,0.7202068316412351,0.9907031373882091,-0.1370808514482178
bn180720213,6,2.932000000000013,4.212000000000014,4,True,-0.8917157934667183,0.06583654511141179,160.26748039937988,16.538059589135045,-2.3520601013004336,0.18338874854548703,2269.7682016518384,True,2275.7923551404742,True,2268.0711623746793,False,74.00452634052574,7.18506732513665,49.71770549390454,126.09073416801358,2271.349120875111,True,17.14055645218241,5.3690426529515705,2272.5599144639746,True,19.157521231696666,3.8214479753210586,2271.827805736753,SBPL,1.2082871878637889,7.964549403721321,0.7220414995681494
bn180720213,7,4.212000000000014,5.620000000000015,4,True,-1.00537093761836,0.05924476735636475,123.96716915162408,8.627841388233264,-2.790782809505554,0.31839166879788894,2331.9925673463576,True,2332.487413650878,True,2332.233878628935,True,14.084969814076084,5.022425670514053,116.60479388770996,8.425471383346007,2335.5340642105275,True,34.55120277146607,10.412247298594721,2335.2031161779278,True,23.69930406467306,5.520505306614223,2335.360669892493,Band,0.7894511684298777,1.1267437583846913,0.6998144184076409
bn180720213,8,5.620000000000015,6.388000000000016,4,True,-1.3177551242198229,0.09124131714250838,100.89223080429184,10.602334182061306,-3.0518022879638687,0.6663374354024081,1404.2398923415217,True,1402.6737182725544,False,1403.3435036924093,False,899.9966226135839,6.235203876559808,41.897395909995886,798.3796317036376,1405.432287767032,True,27.651353608498695,5.064024587848367,1403.639878335609,True,26.93051364217252,5.593488206482677,1403.1703951383215,CPL,4.600014005912726,3.5033231342329145,1.9112159253772916
bn180720213,9,6.388000000000016,7.924000000000017,4,True,-1.0523486039669938,0.13601291401020532,65.90712174607336,5.42907216566126,-2.673658370148426,0.26177107869508265,2319.1697683658176,True,2319.832092085287,True,2320.134643673297,False,10.000088159143267,0.2724379777644117,63.082611766417685,5.98248327894046,2323.443117272752,False,17.806068862096566,2.681024582726528,2321.150067298167,True,14.9859148713582,1.859031867632429,2322.1337098704294,Band,2.019701067650658,1.698382214857702,0.6915264005451718
bn180720213,10,7.924000000000017,11.25200000000002,4,False,-1.399419280129324,0.13380743508920312,61.16451668627,7.039469982948518,-4.999989218548033,0.03346881719400763,3372.128234823873,True,3370.1180510957447,True,3372.4241041798114,False,11.738967602311256,1.6673555967222136,145.73880551321628,42.72870514637084,3372.6946185256643,True,4.2823550997764,0.45853303948688917,3372.5257701030814,True,4.361409080945098,0.5757956920728222,3371.2084160894738,CPL,3.6024647207914313,2.909635006270946,3.7294856541470836
bn180720213,11,11.25200000000002,14.580000000000023,4,False,-1.8013199943219045,0.07722383152094336,30.01536595443994,7.432183016492223,-1.9052709926172176,0.08953773127960651,3354.9248482851617,True,3352.012162193897,False,3353.596189620779,False,nan,nan,nan,nan,nan,False,33.16266709839762,16.595935088732233,3361.0627727140673,False,40.11173380788401,12.436250081566802,3352.418955969345,CPL,-2.137924428905535,3.5932062245519774,nan
bn180723757,0,-0.011999999999990574,0.5000000000000094,2,False,-0.7019410236193855,0.10610485719296575,1023.3252282922953,206.1988612263134,-4.9999987987344126,0.005632229688591561,500.2377016256401,True,498.1260344687167,True,501.93129654160975,False,285.3744370531762,110.2871397812229,301.47829945986246,428.76971144681954,503.9560870313643,False,1.2248477715708688,0.6827854460357697,504.2376985528447,True,1.547138046887099,10.236455666682991,502.125985860937,CPL,3.0727954367648636e-06,4.860777966086971e-05,1.9752095102454632
bn180723757,1,0.5000000000000094,1.2680000000000096,2,True,-0.30784717188268174,0.11042456422601296,374.53043722391686,36.4860882874076,-2.8550247074426234,0.3640619509246068,818.4570310460363,True,819.6947153302399,True,815.4894424515284,False,154.3118720324549,18.32761226437718,76.175410179719,86.5700361658159,818.4712684557018,True,28.475918298599947,5.653641976945758,813.5222747434384,True,29.929399700817804,4.130646459140861,812.3550736779579,CPL+BB,8.934756302597862,11.339641652282012,1.0181739958266007
bn180723757,2,1.2680000000000096,2.1640000000000095,2,True,-0.28424512607309893,0.10946094036972526,233.93512350197116,23.79172506016255,-2.5075877790321006,0.14950813612047287,1008.778954693267,True,1016.802908662203,True,1003.9498857792883,False,106.38211236224913,9.440603697632469,62.65023602120647,10.007527702980468,1005.0179417346661,False,23.419180479462774,4.447307497433128,1004.0874900973027,True,23.31705597232958,4.893004734677387,1002.1158726861887,CPL+BB,8.691464595964248,18.687035976014272,2.931944044622128
bn180723757,3,2.1640000000000095,4.852000000000009,2,True,-0.278290636295129,0.09662123628107108,121.02462663452464,8.111068766361278,-2.377697680664977,0.06300074030722169,1834.6882912582,True,1878.946796365779,True,1806.8502742625326,False,51.78363510286084,2.3114279950950554,58.15282015273998,15.39762159186061,1783.7277432892593,False,16.036624669329587,1.0334137342005683,1787.8469157537224,True,16.033782015350887,1.550313466086231,1785.9575950372518,CPL+BB,50.84137550447758,96.98920132852709,27.122530973273342
bn180723757,4,4.852000000000009,6.644000000000009,2,True,0.23071906545675402,0.2898614977289437,60.60520911472396,5.868981152844384,-2.29670932661452,0.07007531747737739,1445.7140952492466,True,1489.6297138834798,True,1434.3369648068006,False,30.630081985847664,2.193997083975095,30.00020780641628,0.2694466916277545,1435.2336387813732,True,9.508272137591085,0.7500030602377157,1433.9050773190145,True,10.99573162412783,0.8318723147709886,1440.9992758929175,Band+BB,15.80901793023213,52.630437990562314,3.10332602542735
bn180723757,5,6.644000000000009,8.18000000000001,2,True,0.1598401366072256,0.2935831390285326,52.95764128639835,4.104952813977629,-2.5369646358846727,0.10101243868593479,1295.0124730621585,False,1325.4254457668462,True,1295.7658561028588,False,50.76190549191638,22.578500328122892,33.551999207484094,7.077071621529981,1298.590251928735,True,23.874299916117746,7.230075541173865,1297.6615541875694,True,11.589593184682515,0.6440965559168079,1300.3810451544039,Band,1.3509188745890697,29.04440061244236,1.1756041741239187
bn180723757,6,8.18000000000001,9.71600000000001,2,True,-0.3294996857242683,0.3022419066756281,47.874339439058694,4.7605752314158,-2.4243439804926235,0.09924535174394755,1259.5760609257304,True,1275.6662052597962,True,1258.5703512033451,False,23.11801575623329,2.7009614796557067,30.013272873534458,1.7991514205430885,1262.5184094128947,True,52.13120698352102,19.09569693336365,1261.531202929282,True,9.535459448144545,0.7684671451209439,1260.3595792495616,SBPL,2.0448579964483997,19.306626010234595,0.051941790450428016
bn180723757,7,9.71600000000001,11.63600000000001,2,True,-0.1854743595669897,0.3804470882950459,42.01955931831466,4.5672787133210235,-2.3976508637926046,0.1006516745830155,1434.3205977668058,True,1441.9818408322612,True,1432.8561739167758,False,17.480486004216957,2.7598803538545127,38.77556235780894,67.70137627526495,1434.6182870114167,False,35.827492053937235,4.787599110566621,1431.973096366396,True,7.725777740186458,1.0593941408736893,1432.249876254467,CPL+BB,6.347501400409783,13.731964577794315,2.237886905359119
bn180723757,8,11.63600000000001,12.78800000000001,2,False,0.9096113490658337,0.5150871182215644,30.000009684741617,0.005436498028949188,-2.2813628986999883,0.08679911272341378,1022.0830369208257,True,1041.9957649427688,False,1024.3481988411993,False,14.552359316857109,0.7110816764087433,30.000010104367124,0.025851252411865033,1017.5994864362,True,6.24808151357174,0.5071198960449492,1022.466676069094,True,6.402672057017063,0.5092675731376461,1023.0313725687831,Band+BB,3.61636085173177,22.964392373985675,10.74871240499931
bn180723757,9,12.78800000000001,15.98800000000001,2,False,0.4562335764890279,0.4581833316480495,30.00000325751641,0.003782095313438205,-2.2190308823102756,0.07076219507789938,1786.5770789603898,True,1808.2503452987903,False,1788.6149698897248,False,16.156868722310303,1.9259293553086039,30.104767434178285,8.044538081580724,1787.4443328059845,True,5.794433656271244,0.5482162019923544,1788.7221412188387,True,6.765318214773206,0.5553195430695252,1789.1281235964302,Band+BB,1.8549377415511117,23.122221702360093,5.170637083740303
bn180723757,10,15.98800000000001,18.42000000000001,2,False,-0.22594091396494628,0.5672409695009967,30.001995332821235,0.2243546354454704,-2.165909942009323,0.10139645749764803,1587.178365194186,True,1586.3900297995049,False,1586.1505750074443,False,12.972947516888652,1.0641134541928663,48.261544073100275,586.4953931399943,1587.2769778459506,True,5.240496688450583,0.7396261654798684,1588.4916481051591,True,5.249270868649541,0.7681789720575574,1586.5350964445443,CPL,2.6867170890268426,3.8549333549606217,2.8735971614937625
bn180723757,11,18.42000000000001,23.66800000000001,2,True,-0.943312860441585,0.46193672388809115,43.1900549290527,10.033138398056686,-2.421505158201611,0.24114527755264903,2131.8626550099902,True,2132.5102373121226,True,2131.708116129198,False,nan,nan,nan,nan,nan,True,4.176763828624878,0.8775403872051157,2135.097076210196,True,6.269038848608,1.8806416452295445,2135.5800860742984,SBPL,0.7655787997941843,0.9301512378242478,nan
bn180723757,12,23.66800000000001,32.82000000000001,2,True,-1.3777413948400026,0.27263554220287245,108.8094174628608,45.84237006934803,-4.976446213014767,1.6185235517032905,2504.750014896784,True,2503.2286173482685,False,2504.840470003464,False,nan,nan,nan,nan,nan,True,55.29661020599547,22.404231242548644,2508.5348424579165,True,60.26036333125165,25.783964672686547,2506.558316250333,CPL,0.21517243886728465,0.6703010979354076,nan
bn180724807,0,-0.26799999999997937,2.6760000000000232,3,True,-0.4460028297342703,0.18423886696697975,527.054337413725,138.80603373908352,-2.1892720899315137,0.2549680545082911,2270.885122824193,True,2272.332153950067,True,2271.0156637222826,False,16.890362169789196,9.58736536503563,553.3632346726386,188.48225822419832,2273.6349642666346,True,10.651188898129627,3.598065458602345,2273.5132519621047,True,8.210720023879086,4.944561283451243,2275.9638387584628,Band,1.3718708620881443,0.36831519160432435,1.3806994556480277
bn180724807,1,2.6760000000000232,5.108000000000025,3,True,-0.7357207070880188,0.08089480942488336,560.4105708955688,91.87978677127558,-2.0708733687608665,0.12248171786611706,2181.961868058683,True,2193.5121713436356,True,2181.0472426669076,False,16.231717720723612,2.4923588117100914,840.5587209449567,257.5311760578782,2180.254452718028,True,20.8301023361916,7.469537976466665,2183.7834691808216,True,7.014319321666679,20.513524931515633,2197.512157117101,SBPL,2.178398877861582,1.4226534403860569e-05,4.792789948879545
bn180724807,2,5.108000000000025,10.35600000000003,3,True,-0.7110539902940903,0.06033318745300209,312.1978946604363,31.260107783558965,-1.8936470811104198,0.044530766555100465,3014.751442187033,True,3083.1898462048744,True,3014.0026574199696,True,13.823964791196568,0.7880089629301859,4902.959718861903,486.08883313109163,3013.6211259148467,True,8.740279617721677,0.9166808928044059,3010.6714240714828,True,41.28795743411878,2.045811758199509,3033.499501397061,Band+BB,8.080018115550047,53.69034480781329,4.381531505122894
bn180724807,3,10.35600000000003,18.804000000000038,3,True,-0.916716819550989,0.06257744224949735,300.976739981893,42.37423288844826,-1.9758405403665231,0.09122579458352487,3472.8419273583963,True,3492.6040474860138,True,3475.414277823095,False,10.000002779725827,0.01245969872449848,720.433984793583,259.2759528685133,3478.8998868854396,True,7.524887309014655,1.4499223291339565,3474.9226954799424,True,44.97505311947706,7.27019508214298,3489.783377482245,Band,1.9192318784539566,6.820670003768555,0.5143909376552074
bn180724807,4,18.804000000000038,23.924000000000042,3,True,-1.215858495506664,0.06760537865387739,611.5878913902585,171.7841077028804,-2.301589718273201,0.40103765723780604,2887.205006215536,True,2886.5625665596403,True,2887.5849786289696,True,11.559461708102498,1.1972792867766788,654.3070579904067,268.48514735857,2890.1220731597195,True,9.298483985724245,2.3021265405739757,2889.9036487199264,True,9.407586621130921,2.593888039774102,2889.2957043361293,CPL,1.301357495609409,1.2668622235109979,1.4629054692500176
bn180724807,5,23.924000000000042,34.93200000000005,3,True,-1.0522769280664193,0.2981752512098145,256.0228429088146,360.3889680969739,-1.9274341461556352,0.29885763794395004,3660.8181819682172,True,3660.1773051132327,True,3660.2528684153053,True,13.945228167943304,2.3359776028622017,758.845889855051,604.0320175617205,3661.9148799998857,False,27.978341565817935,4.820922278445053,3662.077446695681,True,27.987146910387,8.905196235023821,3660.0701042787177,CPL+BB,2.7407352725363126,4.10720083451497,2.337988415419659
bn180724807,6,34.93200000000005,41.71600000000006,3,True,-0.021136921502577552,1.1798075082213693,61.11367211772058,35.24443144171391,-1.7162479460987483,0.08030408075698758,3081.771700892651,True,3086.900823145914,False,3082.1583482273527,False,nan,nan,nan,nan,nan,True,3.3435817059978765,1.135266633639493,3085.373919448266,True,16.204534737166966,3.1993684490139556,3083.5089214675663,Band,0.39778144438514573,7.3919016783474945,nan
bn180728728,0,9.46,9.716000000000001,5,False,-1.5768441809754574,0.17468276694629736,30.000001885209546,0.0050038336790976246,-4.249670421790895,1.2149023263558107,38.98509161593042,True,35.271273294413646,True,37.27571007250536,False,10.000018088693015,0.008565318733777971,30.000040641297478,0.04464279452569464,45.356453242085344,False,4.076388779019451,1.257525388160483,41.22881439977923,False,21.679919824167204,4.5224687684672835,38.403106486727026,CPL,1.7562772161511901,0.8681668076866202,-4.0807431695799785
bn180728728,1,9.716000000000001,9.844000000000001,5,False,-1.0729486368653975,0.2764984467428135,30.000033770655545,0.023537803899193577,-4.433195419999817,1.0536144237395129,-1113.0638933848086,False,-1114.9949979291491,False,-1112.6934400720388,False,10.007197467986586,0.3638582339302223,30.00011212430512,0.09058603188951864,-1109.7394021438986,False,1.0000732888994954,0.027383768364433902,-1109.5074001835842,False,14.060315715349796,1.64056140850938,-1111.8543023107281,CPL,0.4435067987756156,0.8593043815790224,1.0459620718597762
bn180728728,2,9.844000000000001,9.972000000000001,5,False,-0.9211242485591964,0.3319969250998893,33.545331323221994,2.845034633315473,-2.7246629464295733,0.185027682862958,-1067.18242434159,False,-1063.042600661255,True,-1067.607405379902,False,10.073645344388591,1.343096290777786,30.000006677587024,0.00655391254898241,-1063.0421824892142,True,4.29957130353882,0.7298148265339457,-1064.361552539423,True,7.325965805470077,1.1692982176672375,-1063.12053809221,SBPL,1.1791281978330517,4.077937430954989,-0.5652228906878918
bn180728728,3,9.972000000000001,10.100000000000001,5,True,-1.0130781456785338,0.17495909901655016,45.283101061019224,3.31239321822963,-2.8017591626402125,0.17072093161047053,-893.4534191643984,True,-884.6835718441273,True,-895.2452669456266,True,13.968264023401728,1.5253745730264399,36.84707400924357,8.15469330112234,-892.7965909152773,True,5.113914478701889,0.33677162323728993,-895.4214719336017,True,5.737117266355933,0.6417152151770247,-888.4234392051978,Band+BB,5.968052769203268,7.739867361070537,1.5513239696507526
bn180728728,4,10.100000000000001,10.228000000000002,5,True,-1.4302723307104444,0.21914799230897497,49.65847214536117,8.705961447460894,-2.627710501895496,0.2911920796191234,-845.1575911369443,True,-837.7340281070119,False,-853.8588180988681,False,12.404868923655204,0.8854576058024435,30.005375238389686,0.88023787315527,-855.732513342112,True,5.089197692895302,0.4529831046825823,-858.9806604993138,True,5.70957800787937,0.7621746367453084,-853.652197301931,Band+BB,17.823069362369438,19.918169194919074,5.873695243243901
bn180728728,5,10.228000000000002,10.484000000000002,5,True,-1.526051495685747,0.04953851942728604,68.12458265072601,4.015047782430383,-2.7910398436432144,0.17296683972689597,535.4430633803761,True,540.3177782238201,True,518.2769233694999,False,13.468445771526087,0.5440482188332627,33.5567328366331,100.2295421661259,497.47791693180653,True,5.5094398435596394,0.3606770475936858,493.0476892057137,True,5.839215858162887,0.37710826009597564,496.0923537835872,Band+BB,46.39537417466238,48.22542444023293,24.799006437693265
bn180728728,6,10.484000000000002,10.996000000000002,5,True,-1.6402073720767285,0.025953051944945238,83.4889308812947,3.9340949598221613,-2.7655454408559113,0.16138743379155573,1900.0378059439327,True,1906.5331372936648,True,1903.8788370696725,False,10.531892163146688,0.4056689049313107,93.33338385256009,9.326631402400686,1877.9224250545758,True,4.6373990832528715,0.2428610806119318,1871.3163695414596,True,5.083024481109455,0.39607672281990336,1882.8767326663283,Band+BB,32.721436402473046,27.656404627336542,29.956412015096703
bn180728728,7,10.996000000000002,11.124000000000002,5,False,-1.6101524812320505,0.03492599441538158,87.97625698114457,4.294961984495998,-4.999993557066979,0.009169393704791418,-657.1147657320645,True,-659.2919432110311,True,-650.657123010597,True,13.557490912641702,0.575107791725217,36.174700668513914,11.173208208195462,-679.0829282990815,False,6.278477126614151,0.6412826505342051,-677.4436072483143,True,6.276290435896493,0.6344447856990572,-679.6588672564484,CPL+BB,24.32884151624978,24.36692404541725,32.42580528848441
bn180728728,8,11.124000000000002,11.252000000000002,5,True,-1.6115932062143872,0.030763114405525815,123.13487580327732,6.87993292459231,-4.740181271978829,1.3528259537122616,-538.603203729244,True,-540.5854474883047,True,-536.0355344460124,True,11.036252966649542,0.7928136607337359,133.7402630231364,22.53095593198359,-541.2150976898215,True,6.374905537851255,0.7941752485151001,-544.7278880763338,True,6.380519267245997,0.8333906241613711,-546.7124793051618,CPL+BB,10.124684347089783,10.127031816857084,9.17956324380907
bn180728728,9,11.252000000000002,11.764000000000003,5,True,-1.5228533432982485,0.017782043886335974,120.84023540985716,4.4190290108600365,-2.9108956476877905,0.13521972035691254,2084.4192969464507,True,2097.3017791953816,True,2092.020883617718,False,10.530690575386304,0.3744670052188921,138.66786916879312,8.493731946161617,2050.9585905763906,True,5.355180490089483,0.2777383012679362,2040.9791380039837,True,5.907270972156322,0.4095423529421356,2060.0169263834105,Band+BB,47.44015894246695,41.28485281197118,45.06229304132739
bn180728728,10,11.764000000000003,12.020000000000003,5,True,-1.5424376152731087,0.02510549678586982,151.04216715229344,9.954760395447977,-2.9078978627723333,0.2653140556919067,685.4221217630503,True,687.3967514923268,True,685.4870936789403,False,10.00040952851283,0.022887933542059535,162.26217096625624,15.666997872928476,689.4058051262716,True,4.47904053384856,0.5440928746132121,684.8431110739282,True,5.012810638727892,0.937952360215845,688.9178119846429,Band+BB,4.5790106891221285,2.47893950768389,0.08128855266863866
bn180728728,11,12.020000000000003,12.148000000000003,5,True,-1.5672682588584792,0.029489710594404306,160.7186510042912,10.713586286230225,-4.4345401962615325,1.097671223077819,-558.1186643572686,True,-560.1102796458887,True,-559.421130189563,False,617.5054825324592,258.2416060864421,154.1572953152913,39.78224369141534,-556.1721211547917,True,3.6853595275425524,0.35071161858189326,-560.790955204268,True,3.6423524507280667,0.4449769405290982,-560.6534247314937,Band+BB,6.672290846999431,4.543145085605033,0.7509909652287661
bn180728728,12,12.148000000000003,12.404000000000003,5,True,-1.479208416999291,0.03243338492766157,126.97649617815776,8.240979600644316,-2.910770315759255,0.28485777468595375,604.9207127699519,True,605.9636019835261,True,606.2381059888698,False,10.000011181443844,0.007351821384340873,137.56816192335253,11.289258888125481,596.2667738915203,True,4.821973530881027,0.4100938392953464,594.8307631566854,True,5.34611478421018,0.5751719614480408,599.7039356318113,Band+BB,14.089949613266526,10.259666351714827,13.971332097349546
bn180728728,13,12.404000000000003,12.916000000000004,5,True,-1.5153314085856302,0.0266723977583726,110.30267401021798,5.639329956622518,-2.8734019540386124,0.20043089210580423,1823.8096830014313,True,1828.1439812411222,True,1824.7958936959672,False,10.00017050694741,0.02950377553747785,114.26369760630985,17.385063514198464,1825.0314731551398,True,4.410309692791261,0.424516350897586,1821.8266562787949,True,5.030013106520883,0.7275466481236945,1829.0836863838158,Band+BB,5.983026722636396,3.060294857306417,3.764420540827359
bn180728728,14,12.916000000000004,13.300000000000004,5,True,-1.5147553578747626,0.040917921679725966,87.07621776270945,5.489377312077224,-2.6062256225374285,0.10735481372009636,1201.3316721859073,True,1212.4226603348204,True,1202.654268762839,False,10.000196991495299,0.4459059543115629,75.6741726230951,5.181681902202612,1206.1161470230852,True,4.18311297480079,0.6330691103050365,1203.163434386472,True,19.13808636682868,2.973013024582066,1210.4857054626525,Band,2.1682377994352464,5.936954872167917,0.5381217397537057
bn180728728,15,13.300000000000004,13.684000000000005,5,True,-1.5681891843708868,0.04403839397255649,80.12973970922368,5.163901835049181,-2.8148266586191655,0.22597203597368765,1126.0377160651346,True,1126.7212076147289,True,1125.7720075015131,True,11.126471151444518,205.44302215778964,82.63158106170079,5.105378301511834,1128.6111049436427,True,3.3317829826318612,0.3323164708032307,1124.4634526177178,True,22.189561888756085,3.6835566526409256,1127.4979942576829,Band+BB,5.574263447416797,3.2232133570460064,1.160902557870486
bn180728728,16,13.684000000000005,14.068000000000005,5,True,-1.545655151415202,0.0436530432576997,76.643072670199,4.336257734987797,-3.1292047189769465,0.45139489793069587,1081.6676670922016,True,1080.8709344376225,True,1080.241504895173,False,133.71086766109735,198.19037690537797,87.75882754710294,8.842939021547913,1081.1733470742197,True,3.5220126133408245,0.3181460514144385,1078.3347663965865,True,26.361923678041062,4.798486845282291,1079.8439901425163,Band+BB,7.332900695615081,5.026944295106205,3.0681578209532745
bn180728728,17,14.068000000000005,14.452000000000005,5,True,-1.685399332885856,0.044801282649930996,78.09236328476655,6.160328665312576,-3.4890694804695053,0.9758521309656647,1079.0402977453778,True,1077.113004936803,True,1079.299000696134,False,10.31457709182205,1.1228034055620197,75.96257891306557,22.83919491578783,1079.9401522986818,True,6.0688205215450655,1.905349868046951,1080.4527283112454,True,6.060445123746398,1.633883774692395,1078.5029823783366,CPL,2.5875694341323197,2.610022558466426,3.3588483974522205
bn180728728,18,14.452000000000005,14.964000000000006,5,True,-1.6490047847536224,0.06757473100675304,56.84692018743517,4.765625709091058,-2.5615536719769345,0.15582616750280076,1534.4410521163163,True,1537.4239678447134,True,1534.9127977094072,False,154.1194637162741,217.59311634569906,54.98390956062815,7.3310327655210905,1538.522482550962,False,1.0001648092735367,0.014408730373370315,1536.6583647194125,True,1.3151822548282075,0.3590193241698809,1541.3812296394908,Band,1.7826873969038388,0.04273820522257665,0.3903151584452189
bn180728728,19,14.964000000000006,15.348000000000006,5,False,-1.7470025910740339,0.06919356949877808,50.28804597746811,5.939675896992043,-4.999741613392917,0.08024692076719742,877.1103389951838,True,875.0387968815535,False,875.6778648785282,False,10.000358808570224,0.14812849494884528,71.88112064990186,42.59160610440384,877.7834934143006,False,23.887308029128405,3.6599861186476854,877.1549297461247,True,22.51953293720424,2.863931530741459,873.7870858684366,CPL+BB,3.95540924905913,5.2517110131168465,1.8943714642276746
bn180728728,20,15.348000000000006,15.988000000000007,5,False,-1.3985981928689508,0.19712659203300487,33.612706394586716,3.6092035073243824,-2.3046379152178655,0.06832019204274964,1836.1244083677861,True,1832.090763940781,True,1833.8017802089307,False,10.000000513081565,0.0007973881190386223,30.000001489359498,0.006653490371894222,1837.7604207568018,True,5.589755227925151,1.0671661189556025,1833.4922101373795,True,5.605222745155325,1.0143352150655494,1831.768102263064,CPL+BB,6.63219823040663,4.322661677716951,0.04135945212897241
bn180728728,21,15.988000000000007,17.396000000000008,5,True,-1.6164935188336578,0.09838352070796541,38.10922966674785,3.0175110006898933,-2.6724691230035953,0.23562773569917872,3206.957992959994,True,3209.1487467465577,True,3206.4873823747,False,10.00035254531912,0.01883850521607311,30.00000351593906,0.0037969396603418915,3214.0307320469315,True,5.4440189988389305,1.5993739114275471,3208.1304332630675,True,5.778203130352831,1.1574200916452768,3209.064985594638,SBPL,2.827559696926528,4.083761151919589,-3.5433496722316704
bn180728728,22,17.396000000000008,18.29200000000001,5,False,-1.826849878971687,0.0549386585301771,30.00610107928366,0.8101089053643715,-4.999795876237118,0.14597124901259528,2306.90037660674,True,2304.8724293985274,True,2306.4572412387924,False,10.000032784276055,0.004814227007282845,30.000000000168196,2.708608804624646e-05,2337.131464092218,True,3.531486423027193,0.2649556657341632,2300.0978524763323,False,3.12764231688268,0.26431905945779155,2303.390100623778,Band+BB,10.802524130407619,5.482328774749476,-26.674222853425363
bn180728728,23,18.29200000000001,19.44400000000001,5,False,-1.6178968182286504,0.09280239623132458,30.000012341729647,0.006193152043003636,-3.5029594481146167,0.9724082653618704,2765.1768779368426,True,2757.8903249833493,True,2759.96843148525,False,10.000014188066444,0.0037538056638384276,30.0000000000267,1.767980483613485e-05,2782.40214199691,False,3.1025133900874695,0.8369456417761781,2764.0791748981273,True,3.4682746261385,1.4765193872261102,2761.845441066198,CPL,5.097703038715281,0.044883917151310015,-18.433710511659683
bn180728728,24,19.44400000000001,21.62000000000001,5,False,-1.50436123007499,0.11834678859302572,30.000009443275868,0.005081079643815656,-4.7592346691093175,0.7794159177783666,3893.4208094457626,True,3887.493876058076,False,3888.872354838846,False,10.000002146484567,0.0015139253998519564,30.00000301391406,0.00434683642425604,3917.336573337815,False,1.4453144834621152,0.23990665185569926,3889.0145570392324,False,1.4382363072905076,0.22521931524515904,3887.1140309876746,CPL,8.406252406530257,4.379845070401188,-24.464218498968876
bn180728728,25,21.62000000000001,25.588000000000015,5,False,-1.7117666776273113,0.12064823152970083,30.00003326632437,0.0077421082206097225,-2.7739115765669227,0.49902645447297833,4908.699922761216,False,4885.0582062895755,False,4877.1340807003935,False,10.000004001610469,0.002086758797291033,30.00000000488704,0.00012614906264296621,4938.069302852977,False,1.9703405215263958,0.16198951066163836,4876.4272382986965,False,1.518455504723285,0.23113390639874498,4876.695091367249,Band+BB,36.272684462519464,12.363114922326531,-56.935222152583265
bn181212693,0,-0.2679999999999906,0.37200000000000943,3,True,-0.03617201571106484,0.8259551100150697,96.26065875936882,55.06386047213964,-1.630908927440375,0.07020618778678234,845.9505821860744,True,849.1357527671985,True,846.0981570214817,True,28.51467469802555,7.557577682733799,2846.555385121141,1291.5301791355505,848.3463638544354,True,13.663520053418662,6.639867441203623,849.9073228125947,True,18.046991878141775,2.7045758629331456,843.6725606623017,CPL+BB,0.04325937347971376,9.463192104896734,1.751793167046344
bn181212693,1,0.37200000000000943,1.3960000000000095,3,True,-1.192098260039048,0.20171679163502726,126.35234371076784,55.06443030442336,-1.9058850227891897,0.09673510061910817,1382.7329715271787,True,1382.037702094413,True,1382.4532441232184,False,20.902879819018093,18.35020423581711,716.9277442377502,277.79331480502816,1384.02627385003,True,16.501120404374387,64.3648697840994,1386.7331036889589,True,16.606765878854702,3.5705799298700764,1381.460509800626,CPL+BB,-0.00013216178012953606,4.577192293786993,2.426970273188317
bn181212693,2,1.3960000000000095,1.5240000000000093,3,True,-1.0715519788685952,0.14982557539823593,173.3607499585273,33.21598038298555,-3.5310860996193085,1.0803552212832213,-779.6579901192025,True,-781.513892213241,False,-780.0382043521067,True,11.254317224675377,161.5790303717246,157.92597528770466,17.136760718190203,-776.5245396260316,True,3.090583956984923,0.9374377845617201,-777.9184998459727,True,33.387187225060856,7.393647807551181,-779.0111068141553,CPL,2.2605097267702376,1.4972146009142762,0.4863352739248512
bn181212693,3,1.5240000000000093,1.6520000000000095,3,True,-1.1782238319936351,0.14013740388231,169.0573334624241,45.48166980357166,-2.1189609873498614,0.18204750369617395,-680.5724093384395,True,-677.0412812605784,True,-679.668262409906,True,11.795592325845979,1.2956513676085706,251.69501356883734,130.4541358660735,-677.4683494494723,False,36.86650688673355,4.871808641062877,-682.7196776436783,True,31.743832683096525,5.093065655387168,-678.7323721022735,Band,6.1472683052388675,5.691090841695086,1.8000870395662787
bn181212693,4,1.6520000000000095,1.9080000000000095,3,False,-1.329511845633352,0.04840728103773029,384.17198779578814,70.27639868167401,-4.999997776093526,0.008592907942094996,78.82358031066423,True,76.75156046517957,True,79.94384081291457,False,68.67065930827269,84.10559524334553,742.3622878658377,266.1083317845204,77.91206835664029,False,25.999317799593875,7.149346984522314,79.62627610414671,True,25.932390207751034,7.34399092655366,77.55119457427693,CPL,3.197304206517515,3.2003658909026313,6.0317724562742825
bn181212693,5,1.9080000000000095,2.6760000000000095,3,True,-1.2753716115758944,0.05623013187418713,128.85678382553448,14.021169580483942,-2.2922312510616005,0.09477503976718604,1329.7410862900101,True,1348.693489617851,True,1330.254483174918,False,10.257722686196441,0.82221118546724,145.1821127754574,12.895448369299046,1329.1343393723953,True,37.897603708793326,5.908877188310736,1326.689761282334,True,194.38348319105597,38.250795650619175,1333.493479034184,Band+BB,7.051325007676041,19.20001058366688,5.120143802522762
bn181212693,6,2.6760000000000095,3.0600000000000094,3,True,-1.0868320410337382,0.19376888828534927,64.31607696637178,13.202576357246265,-2.0809856128618565,0.07227592578487751,527.1941201914083,True,541.4502757172643,True,527.6409739736537,True,48.1914782018139,194.5149933642177,81.15794522214051,11.481639663148627,531.4449926713849,True,29.82248341716385,12.612028673144053,530.7776796606519,True,154.01536188214925,11.717446772129193,533.1051609347378,Band,0.41644053075640386,12.34511478252648,0.1959813022688195
bn181212693,7,3.0600000000000094,3.4440000000000097,3,True,-1.1657423766124462,0.27902544768983595,62.854911652969406,18.034526571210407,-2.2806242416246088,0.16026477126110716,462.6241155276598,True,468.74111697064933,True,461.58983389333645,False,10.102014860541175,1.064022544145998,71.78597747682416,13.530349858590135,463.2085421623411,False,4.218248475962366,0.3568261369654291,461.3514011837325,True,10.615317176765798,2.149720094320529,466.36899753828243,SBPL,5.272714343927305,6.372119432366901,2.381291730995372
bn181212693,8,3.4440000000000097,4.2120000000000095,3,True,-1.3798255473851673,0.18898469166403198,45.05189315647882,8.295459874129982,-2.1213521266108297,0.054804435758427195,1128.5762160985134,True,1138.77921130691,True,1129.6138421322478,False,10.001782311359003,0.07901148787363166,51.54473588672267,9.87897359028607,1135.0472403366857,False,9.965203013278396,1.1570103106313088,1129.280456480319,True,9.967041162801074,1.2366204388769706,1127.2756026241202,CPL+BB,3.295759618194552,15.503608682789718,-1.4333982044379354
bn181212693,9,4.2120000000000095,4.852000000000009,3,True,-1.5891170034131792,0.1339113356384618,56.30914241976901,8.73686032830227,-2.9421817882982553,0.9514907102355628,890.6072036744264,True,888.9447963370168,True,890.5851296977148,False,10.000735749098615,0.5755307288286318,49.721210148568076,16.174005848371678,894.0434627828203,True,40.92066311600726,18.306947597952053,894.3159004615604,True,5.364971930677255,1.714904069416951,892.2743522278399,CPL,0.2913032128659552,0.6704441091768558,0.541666914894563
bn181212693,10,4.852000000000009,5.36400000000001,3,True,-1.4156291223269981,0.22493352393452626,50.821368089150425,8.986980269825132,-2.4180481900250905,0.2199844188871476,594.8914298979811,True,593.8066392347636,True,595.0178198029639,False,10.000029135798606,0.016946312877848868,53.07542001692566,18.28648507658718,599.3429782680273,True,3.380438840373762,0.5613143279485249,596.2399087383995,True,99.03120757223829,42.44556094342473,596.2818951818138,CPL,2.6515211595815344,1.5247440529498135,-0.32515846506339585
bn181212693,11,5.36400000000001,6.132000000000009,3,False,-1.2845619153006087,0.41095875852681496,30.00096483160157,0.21902092153964503,-2.058433614607872,0.09537258335430088,1017.0863090545769,True,1013.6870295429603,True,1015.6361083377412,False,876.5856784391268,264.3312021938402,42.60711128302175,36.83614871257612,1019.6022590659225,False,29.988589059008678,10.55368797966674,1018.9555866033685,False,28.15710584993241,3.670488295359215,1017.215448359406,CPL,2.130722451208385,0.4715811835543491,0.033849271818780835
bn181212693,12,6.132000000000009,7.92400000000001,3,True,-1.5620896405897353,0.24488576188792488,36.6867173190859,8.757086193283836,-2.2164568789439945,0.15420428697878164,1932.155808399983,True,1929.9564317558254,True,1932.105145124308,False,10.719009879518321,96.70057355031734,30.728285426698772,30.828642909652558,1936.0923933529127,False,45.81671812989014,19.677822274810577,1934.876710470764,False,47.14848417463118,16.49666762186493,1932.9766136697644,CPL,1.279097929219006,0.9798180860609591,0.012751771395187461
bn181212693,13,7.92400000000001,8.94800000000001,3,False,-0.8414721062608965,0.7178230336021847,30.000685603420862,0.3563491649348709,-2.4097584127477925,0.31228107435997154,1351.465564821315,True,1351.239433522208,True,1352.0182065994209,True,39.15476394613886,158.23302309066386,119.50815311056739,26.106282650980297,1359.1930036374335,False,2.129424887094625,0.4620437921402155,1354.3991865522084,False,36.02588271414668,14.234788917287752,1353.5546591346792,CPL,1.066378269106508,1.6847743875287051,-3.1747970380126844
bn181212693,14,8.94800000000001,13.04400000000001,3,False,0.024084850050110775,0.9193287260071468,30.000000023092387,0.0007672381627816804,-2.1947805400554534,0.19238246093299383,2863.5610387743764,True,2864.041722345148,False,2863.479571522791,False,nan,nan,nan,nan,nan,False,1.0392026628255815,1.4464097083951954,2867.5611675563687,False,30.090774808682983,7.706934072040125,2866.5047106418933,CPL,-0.00012878199231636245,1.5370117032548478,nan
bn190222537,0,-0.267999999999987,0.24400000000001298,3,True,0.5518467902162477,0.805095640291549,343.5741061803058,146.68838741040932,-1.8943982341048118,0.17703644574143118,492.0281463896449,True,496.70273611756284,False,491.7840553194834,False,10.75141412932136,11.906990526910347,1869.8362460544286,510.03537347339955,496.72407271139366,False,37.45491048041554,14.148656795263822,495.2801241790979,False,98.95898516943954,20.59197921308469,496.163000477472,Band,0.748022210546992,4.539735640090839,-0.9400173919102599
bn190222537,1,0.24400000000001298,4.212000000000013,3,True,-0.4354089462561416,0.08097637259642829,242.10609819817938,15.373240600764476,-2.5227753298998383,0.15194787764299433,2679.1623361884604,True,2695.092914060887,True,2682.0468124930576,False,15.681977198021322,2.8135990875883925,225.03098581932926,12.977841115988213,2679.1887302977684,True,8.311383093950642,1.4438094704082025,2679.8555705228373,True,42.71953830808946,11.66284823159399,2690.3320972425036,Band,3.306765665623061,8.760816818383319,6.858082195289171
bn190222537,2,4.212000000000013,7.284000000000013,3,False,-0.5763389709130938,0.11803348228706093,151.68668352675212,10.43036899516494,-4.999849528310184,0.05033004981229894,2389.5463272437505,True,2387.478078640819,True,2390.0779139800325,True,14.086487557482286,4.086862261268783,128.38133628136427,14.476897173581577,2394.3785962150705,True,62.86779704246906,9.435429856727431,2391.9512774621076,False,65.12862432007334,10.341591402400422,2389.9892531120786,CPL,1.595049781642956,1.4888255287405627,-0.3006822350380389
bn190222537,3,7.284000000000013,11.764000000000014,3,True,-0.64973237916966,0.359203517194307,119.3511301530367,33.03845998605688,-2.21092667615741,0.2586166249973817,2710.334900037432,True,2710.5408474466876,True,2710.2713815898496,True,13.69310172504219,5.7362889322627515,139.44140348473653,41.337719302027196,2713.2246817956834,False,8.776581879091491,1.6590062856949293,2712.2881884885915,True,9.516372212773167,2.316243783136691,2713.2261816800947,SBPL,2.046711548840449,1.3146657665929524,1.0466997941662157
bn190401139,0,-0.1399999999999828,1.2680000000000184,6,False,nan,nan,nan,nan,nan,nan,nan,True,3888.142552755477,True,3890.4586377939895,False,10.332452577322028,19.013940145384275,4999.999965979174,0.3550874615752946,3893.3583164006113,True,4.224707216113737,1.1597672758000752,3893.8872985489666,True,1.419959336816373,27.11610759840442,3892.1424407301242,CPL,nan,0.0001120253527915338,1.1003213933781808
bn190401139,1,1.2680000000000184,2.80400000000002,6,True,-1.8046552128900941,0.0,48.20747154405019,0.0,-1.70267955642758,0.0,4181.144403298778,True,4175.982485645332,True,4180.011421878217,False,899.9961448824381,0.08460200600802636,4841.461761892197,828.4302989668035,4187.3396965928805,True,3.6778322722351446,0.3084893196079057,4178.540937588664,True,4.691582438580285,0.4820586357301595,4162.024173922351,CPL+BB,6.603465710114506,17.958311722981307,-3.3282747146631664
bn190401139,2,2.80400000000002,7.668000000000024,6,False,-1.8999969452512175,0.002818862713127479,30.000098835160422,0.1513824269111428,-1.948107931837004,0.010682248544093165,6659.422260486437,True,6655.491295475781,True,6652.2127821216645,False,nan,nan,nan,nan,nan,False,3.837115390694461,0.2232018785554315,6634.920900580328,True,3.836823502202501,0.23508445701823977,6632.922383505635,CPL+BB,28.50135990610943,26.568911970146473,nan
bn190401139,3,7.668000000000024,10.228000000000026,6,False,-1.8999723141343101,0.00426039575818804,30.000571036664724,0.09353832255419547,-2.0258291986907495,0.026013864638611217,5243.621821903347,False,5242.74748827146,False,5240.1043181585355,False,25.655843427068085,27.599864765670375,30.940178824971788,734.707092991214,5247.355887493454,False,3.0207438289430124,0.13207619413594807,5238.206847472657,False,4.244207888007466,0.707936757727067,5241.464581699427,Band+BB,9.414974430690563,5.282906572032516,-3.251569334918713
bn190401139,4,10.228000000000026,14.06800000000003,6,False,-1.8999999876691354,1.3690911661701222e-05,106.44261818518272,35.17594590630052,-4.463844852795885,0.9385756159233243,6030.460208240092,True,6018.173212633426,True,6019.270348926551,False,nan,nan,nan,nan,nan,True,4.402068388194886,0.3337597055605235,6011.775902624639,True,4.398910874280971,0.43366855771305146,6009.778146077511,CPL+BB,22.684305615453013,12.395066555915037,nan
bn190401139,5,14.06800000000003,16.24400000000003,6,False,-1.8999992123940044,0.0005304178644677249,30.000084027857703,0.05449721895288384,-1.993733597391418,0.036622727745207584,4807.883994886433,False,4805.387478865574,True,4806.416243269115,False,462.4174778670634,219.36470216821223,33.111689557756065,2.1705867997569452,4811.40545332369,True,3.5781195572902607,0.33262003671052853,4804.124354996921,True,3.611983962821321,0.3603844447455158,4802.418172711091,CPL+BB,7.759639889512073,6.9693061544830925,-0.9892100545757785
bn190401139,6,16.24400000000003,21.748000000000037,6,False,-1.897490379562266,0.09919101487914606,30.001238545915754,0.20532012319381465,-2.063327790715977,0.0562972542774034,6732.338425582777,False,6730.398451150868,False,6731.774739692964,False,143.25633158811397,121.46969055467808,907.284817252384,1004.0059288070752,6735.658624476257,True,3.8341058516312945,0.5460465787305051,6734.148849516501,True,4.41350306747456,0.7816559189766519,6731.940126138861,CPL+BB,2.1895760662755492,2.4583250120067532,0.11611521670783986
bn190401139,7,21.748000000000037,26.86800000000004,6,False,-1.802792747675381,0.3505672116992601,30.000040625068554,0.09125881624806453,-2.0534725352096905,0.05128213776110169,6627.488043989922,False,6625.61661824138,False,6627.406877229664,False,nan,nan,nan,nan,nan,True,3.2489395511440384,0.29034936076543727,6628.968344778419,True,4.651585374324997,1.6647243317288896,6627.831592630493,CPL+BB,2.519699211502484,1.7850256108868052,nan
bn190726642,0,2.420000000000023,3.572000000000024,3,True,-0.3552286271862235,0.15909438993355496,211.33690662715742,33.56250802838805,-2.1807366519236,0.19955794052176967,1864.6099566650971,True,1865.9556018337164,True,1864.106077319066,True,21.174191306920324,3.1592608539555336,264.4779733426134,42.07472698681846,1864.2075835970593,False,14.312026026747814,5.675213799527277,1868.567578093674,True,14.286355885462765,3.322498461927111,1866.5314170903052,SBPL,0.04237857142311441,3.4241847434111605,3.898493722006606
bn190726642,1,3.572000000000024,6.260000000000026,3,True,-0.581927399354779,0.0656028961869462,205.02000882120385,17.361778654418345,-2.3611174645006416,0.17725472248126573,2817.6866371215156,True,2825.9262478503188,True,2817.7158036812875,False,10.000002040070534,0.008890179167356571,201.40763547116165,14.161540071741982,2820.5322300956914,True,30.06731106305139,13.752520462455019,2821.6762431769594,True,28.87721521252135,13.582770876804627,2823.4856970640712,Band,0.01039394455619913,6.440550786247513,1.1835735855961502
bn190726642,2,6.260000000000026,7.540000000000028,3,True,-0.47787124338493714,0.10726061745981083,131.50288339765584,10.132373923245162,-2.7369047566782645,0.297470563563746,1970.3240456354883,True,1972.149709531194,True,1971.785005886182,True,15.677750012758798,1.6834574166581486,134.79990845968086,10.651696839503757,1969.7280725172268,True,7.64104600248845,1.1163196447456643,1968.76479846443,True,22.174040314934707,8.840219507497295,1975.9615359779848,Band+BB,5.5592471710583595,0.18817355320925344,6.056933368955242
bn190726642,3,7.540000000000028,8.692000000000029,3,True,-0.581560570637696,0.17471229595522403,103.03165740990593,12.589762877380956,-2.6493416401031866,0.3987986999000097,1768.0925622705831,True,1768.650717457228,True,1768.3333813132824,True,17.387801893433284,2.780159885587678,113.19666663147372,16.20589507676634,1769.61394715123,False,28.00628123436041,3.9812737102342073,1768.4716864772577,True,7.897029565047199,1.3187289202674113,1769.7058765664194,Band,3.6208757933254674,2.944840890808564,2.7194341620524938
bn190726642,4,8.692000000000029,9.84400000000003,3,True,-0.6310112093209601,0.5217136706070472,65.6107571080475,22.372555823987604,-2.2059460863323186,0.25440503526716307,1796.5647963268636,True,1798.3224268337547,True,1796.4235308630803,True,11.99638535071117,2.2123732913317324,78.5093568097129,23.341245502272805,1800.0390710186105,True,5.5707732733851,1.0316550705211895,1799.2100103801226,True,13.6365244787492,3.727960145910705,1799.8977989135142,SBPL,1.3547859467410035,2.424627920240482,0.3844598444698022
bn190726642,5,9.84400000000003,14.324000000000034,3,False,-0.2448686848624289,0.6331294682347882,32.31653906472219,6.888404179576497,-2.0662333534830206,0.12480976265771526,3214.1798329106045,True,3214.5776133914947,False,3214.6015665371597,True,12.711517488623468,25.37030916138043,46.350329405511076,11.308112543377622,3218.4706359271995,False,38.87189280739398,13.45705355622044,3215.4916098506847,False,36.919560483478854,10.308624727723451,3213.387744123512,CPL,2.688223059919892,5.189869267982431,0.13093060996015993
bn190726642,6,14.324000000000034,18.612000000000037,3,False,1.8036567349405122,0.3024502479004716,30.00000016551592,0.001771422084210883,-2.5469025765580486,0.41712594158075245,3162.7163869353635,False,3167.2564460766234,False,3163.033418936632,False,10.30308811850342,121.34047195033993,30.000057511525345,0.027665656491576485,3166.7261567831792,False,8.114554952162385,1.284770475630025,3166.532951723111,False,43.094441461967364,9.921286350450082,3164.3975282238935,Band,0.18343521225233417,6.858917852729974,0.30726215345293895
bn191017391,0,-0.07599999999995793,3.572000000000042,2,False,-0.4105433416379235,0.27434870956764945,255.5482611074812,51.299034751076846,-4.999999447261321,0.003673414724332247,2329.74736720572,True,2327.666361674394,False,2330.239565013334,False,76.67606577484588,33.85085112750066,461.27679718410513,117.85489602256627,2332.9768424183085,False,21.950069638191188,8.475329786055163,2333.2582167125092,True,21.555945613964138,8.27732208349545,2331.187205395854,CPL,0.4891504932106727,0.4791562785399037,1.2627225950254797
bn191017391,1,3.572000000000042,10.868000000000043,2,False,-0.3637724551820329,0.11001036923929719,336.1237949911254,28.08127153596763,-4.99999473556762,0.012546972540681711,2791.969139392459,True,2790.014732543583,True,2792.505422942668,False,130.6813420806887,20.912352963764782,554.2293230123012,72.03207443435443,2794.790542728681,True,36.09457390464758,15.286315257509905,2795.301569360672,True,35.845020463479116,14.663650348224053,2793.4001402608337,CPL,0.6675700317869087,0.6145922827490722,1.7148802139868167
bn191017391,2,10.868000000000043,19.956000000000042,2,True,-0.500263550906014,0.050011376618193853,238.7932406855404,11.333320766749296,-3.6016694716646085,1.0884696095101445,2980.608361914628,True,2978.757033157837,True,2977.982298771798,False,118.04318940359741,14.834541417633027,630.4180265769012,226.33162746557252,2979.7233723161307,True,32.1824502705838,8.606305159198762,2978.9412917423024,True,32.12951374585598,5.271020008465102,2976.999653340642,CPL+BB,5.667070172325566,5.757379817195215,2.258926455667279
bn191017391,3,19.956000000000042,28.724000000000043,2,True,-0.058526918857958445,0.6341137330640447,108.1023459501838,24.442155382186392,-2.965219330537102,0.8854811795100674,2893.029771687066,True,2891.7635120979303,True,2893.0041046666356,True,38.81379472759464,13.319672303400242,173.36669209841673,51.65709471703417,2896.7356998346436,False,12.655332578429254,3.256638349801025,2896.3968195458638,True,14.781914535372739,8.058068346134737,2895.524696266335,CPL,0.6329521412021677,0.23881583159527509,0.26840483199202936
bn191125206,0,-0.13999999999996504,1.3960000000000363,4,False,-0.8631087240643992,0.0483207633939991,1223.662273451651,162.96106309061474,-4.999912067767273,0.09767990181805875,2408.0950881419612,True,2406.0623263858834,False,2405.8055717124225,True,11.266385370283095,209.29240339957468,900.4235454253255,127.01839488808702,2408.944353213031,False,3.0487833235070863,0.7580526867929134,2407.545800009094,True,3.046325059429931,0.8066548376235709,2405.522373078265,CPL+BB,4.549288132867332,4.539953307618362,0.8612184993917253
bn191125206,1,1.3960000000000363,7.668000000000042,4,True,-1.198209533945204,0.01443940779020847,617.741887990068,38.73347458773202,-4.2025057100971805,1.042102219085602,4550.328148278553,True,4548.467243919647,False,4518.098660415208,False,10.032616056524708,202.37236485883085,466.6770642070692,24.245144674788122,4492.499130752463,False,4.571062083193928,0.28254136067194446,4461.944422588632,True,4.572316046704987,0.27111759421274684,4459.994386551216,CPL+BB,92.38372568992145,92.4728573684315,29.599529662744317
bn191125206,2,7.668000000000042,10.868000000000045,4,False,-1.3969317931391407,0.023872666003776355,526.700339869165,74.01688219935258,-4.999991395570155,0.020411906052426154,3461.8950292539384,True,3459.870714167897,False,3453.1506232404026,True,13.344269181880696,98.0867706425125,412.6839852987393,18.913266809910766,3447.02514491441,False,4.375837404294918,0.36936211180749723,3440.5896573576015,True,4.372337176251448,0.36037006638721913,3438.561801279409,CPL+BB,25.305371896336965,25.308912888488067,10.125478325992844
bn191125206,3,10.868000000000045,13.428000000000047,4,True,-1.4442685885288593,0.03290254545604665,476.3776979727033,95.26224796689934,-3.800943105103696,1.0932536764479497,3100.7480170976387,True,3098.8064742421748,False,3094.399105028962,True,14.783401147674796,471.83460011921164,378.63192059237576,52.22545789529883,3091.2689250109916,False,3.7694435776161628,0.42518795280311883,3084.123078740605,True,3.7679587184214594,0.44003998229804253,3082.117325520272,CPL+BB,20.624938357033898,20.68914872190271,7.1301800179703605
bn191125206,4,13.428000000000047,17.52400000000005,4,False,-1.4396444939449542,0.03375775820586091,381.23364769643376,64.35974892699974,-4.999999923904287,0.0031627365963466936,3668.2876967725065,True,3666.272072147409,False,3662.0426971005777,False,10.428767494730275,7.175706485484093,302.54955506292436,34.591454071390274,3658.945617516034,False,3.503229704650274,0.4364966842241731,3644.5535789645637,True,3.5021302220344848,0.36527554053844935,3642.531049962144,CPL+BB,27.734117807942766,27.741022185264683,7.097079584543735
bn191125206,5,17.52400000000005,25.332000000000058,4,False,-1.4861249620691932,0.03776096082938374,795.6577799254028,282.31407076468,-4.998053361927014,1.0858866581161402,4565.799332356676,True,4563.794435172584,False,4562.007606808225,True,73.89723791940663,82.09256667278686,404.28080379168665,33.43004016907582,4560.970986925192,False,3.821322453097103,0.3239197634721509,4540.351791214147,True,3.821568335460472,0.3939760394545335,4538.33994592678,CPL+BB,29.44754114252919,29.454489245803416,5.0366198830333815
bn191125206,6,25.332000000000058,34.868000000000066,4,False,-1.527539671140054,0.0633839609099709,507.75338236989626,227.0595278763809,-4.999854509568042,0.14216877323405397,4777.877193002014,True,4775.862213833159,False,4776.496985348064,False,529.6618496181774,125.46336854451482,298.5004709806965,63.0667197097132,4776.961722177623,True,3.912333680798729,0.46887970166132087,4770.542606220633,True,3.9184590197128495,0.37349880670169733,4768.689829028772,CPL+BB,11.334586781380494,11.172384804387548,3.535263170440885
bn191129141,0,-5.707999999999993,1.7800000000000136,3,True,-1.0644250607004178,0.18003067972946746,923.2677606101414,562.3981755971067,-2.9331668660321117,1.099333668869507,3429.617333648107,True,3427.695936032797,False,3429.7622039246444,False,nan,nan,nan,nan,nan,True,9.540239623393997,2.8563015040092576,3431.7372049020473,True,9.515997866209556,2.3018110584017584,3429.7609998655507,CPL,1.880128746059654,1.9349361672461782,nan
bn191129141,1,1.7800000000000136,4.212000000000016,3,True,0.3761583781422084,0.3290893195531238,89.14068390343249,14.650146092287223,-1.6990130227683582,0.05713069621194711,2265.2820059251812,True,2271.644238331227,True,2263.5885390970175,False,32.976287063277596,8.891921651442791,2180.933699212317,984.6699715590603,2262.5656874603983,False,20.10016080201592,4.193063152412232,2264.2049256621785,True,20.083942374447524,4.2871853764646675,2262.1369723318294,CPL+BB,5.077080263002699,13.507265999397532,5.02285163661918
bn191129141,2,4.212000000000016,5.364000000000017,3,True,-0.4949643540987777,0.2168167265223436,159.96728212222345,35.90426918954932,-1.9330926899849252,0.1178486298297905,1496.3825929841864,True,1505.906925486974,True,1497.1717737320396,False,10.000042184047716,0.054298667555647384,1605.60333285662,937.1561944632834,1500.8865847220263,True,29.264770073786426,15.27781865227709,1500.3104148503944,True,28.446054005153613,4.432162244948454,1497.7035122425248,Band,0.07217813379202198,12.203413244449166,0.28518901001325503
bn191129141,3,5.364000000000017,7.156000000000018,3,True,-0.8522461431992046,0.10028001348906451,224.72877829790838,38.05738576385396,-2.2603449094391217,0.18574233858442746,2010.9601439088174,True,2011.984827726778,True,2009.681528694139,True,16.625269223735856,4.334528335633779,262.84838696047393,41.14144849259773,2013.157623099842,False,29.14815992822145,6.668891106264821,2012.6004950726576,True,29.15174131594594,6.811020767941953,2010.5977618475772,SBPL,2.3596488361597494,5.387065879200691,0.5239055942968207
bn191129141,4,7.156000000000018,8.82000000000002,3,True,-0.9929599152514018,0.09731641055165624,211.17299175122395,46.83245367432717,-2.0873994970820196,0.15921373696134988,1931.2705494941645,True,1938.9470374128018,True,1930.1448342699746,True,15.700818952469154,2.1817334093909153,385.6107779159061,133.12952419512632,1929.8403277836792,True,8.106347949312983,1.1559024465180632,1928.9281578335015,True,10.12805049814963,1.901018715329914,1936.4184307213,Band+BB,6.342391660662997,6.528606691501864,4.304506486295395
bn191129141,5,8.82000000000002,9.84400000000002,3,True,-0.8636208895078865,0.17400026095943516,139.97212617260936,29.779791290503546,-1.9488913214187076,0.11129802922604448,1430.5318706591302,True,1436.4826064734686,True,1432.14568269261,False,10.630327763670275,99.41794217339245,269.42473584427523,9.43352419487725,1435.4827468288804,True,24.12833858199381,3.5042484553785744,1430.102759584765,True,24.787306779478804,3.0198316731059,1428.2187482893528,CPL+BB,4.42911107436521,12.263858184115861,0.6629358637296718
bn191129141,6,9.84400000000002,11.764000000000022,3,True,-0.9390696613970211,0.1835001199083765,162.88569973074036,49.70498260647404,-2.0948834820256566,0.23474180993447424,2030.4517215185829,True,2031.8377820864325,True,2030.9872145438715,False,10.000405131489641,0.08156956856776354,203.9366481007512,65.95937820325462,2035.221733303122,True,39.9879748007686,11.323760001859265,2033.737912810671,True,25.09217378027026,10.873829944444191,2034.4819180571508,Band,0.7138087079117668,1.3558640292817472,-0.23451875925047716
bn191129141,7,11.764000000000022,15.348000000000026,3,True,-0.8620856791070421,0.2337460487977115,114.12392691899146,32.10471630250529,-2.074500935074658,0.20183180198410133,2677.2047106377768,True,2679.1664582501853,True,2677.55925079212,True,11.663216705122615,253.31057989292302,144.0566754391935,34.974844213870895,2681.4117214910502,True,19.307551179343122,4.5571798012836116,2679.4686212680303,True,19.31757504873463,4.443293429804856,2677.4661443115147,Band,1.7360893697464235,5.700313938670661,0.1475293010698806
bn191129141,8,15.348000000000026,23.028000000000034,3,True,-1.0836147321350602,0.17718665241076648,199.48602240440192,57.29670598514697,-3.8415816446329525,1.1400804767029273,3460.5423318460894,True,3458.5751212723526,False,3460.2828400464114,False,nan,nan,nan,nan,nan,True,33.64483374059989,9.430377214419213,3463.0701218333784,False,33.41941137589084,12.067806936093676,3461.142521711412,CPL,1.4722100127110025,1.4325995609406164,nan
bn200227306,0,-0.1399999999999899,4.8520000000000145,6,True,0.177696519244687,0.2685754242269992,99.2577233292236,9.873278676518026,-2.3457635534747685,0.16482298326174782,5793.369210050348,True,5806.258468571196,True,5796.807369303143,False,10.139609184301975,38.22961735103041,97.51189802290527,16.636964679299545,5798.85824389729,True,22.95811920441946,1.5815355519358576,5793.956164875075,True,22.881406557769168,1.1325605215905536,5792.750996127353,CPL+BB,3.4130451752726003,17.507472443843653,1.9491254058530103
bn200227306,1,4.8520000000000145,6.260000000000016,6,False,-0.6588858370917283,0.12638190955489204,145.82046177559567,16.40046085863112,-4.999971821767103,0.02621408110460699,3030.1877962549506,True,3028.118433946268,False,3031.244123882657,False,32.75362963817328,8.60084276996194,188.75898499572847,21.908001185305054,3031.902166124061,False,49.991495081369514,9.502810279312634,3031.5018639075824,True,9.953592304570302,2.5118872812991784,3031.0863357708176,CPL,2.6859323473681798,1.032098175450301,3.3419577585959814
bn200227306,2,6.260000000000016,9.332000000000019,6,True,-0.6636403181584407,0.0939695128194053,154.27891471483682,13.697154176986587,-2.506025811797508,0.18386111303738795,4876.64853413718,True,4883.090499862471,True,4876.3988791181855,True,15.863082917232488,6.752842453598113,144.7135874179254,10.808285786842717,4880.348488543979,False,1.0041615706818325,0.27725442323200045,4880.642328678058,True,24.569236975177162,2.9241414149087213,4878.546898339275,SBPL,0.006205459121702006,8.54360152319623,0.0503905742061761
bn200227306,3,9.332000000000019,14.324000000000023,6,True,-0.9647735751962242,0.06810829302989951,168.76487853788063,17.0308502243261,-2.4200440828134937,0.2005127733444374,6012.756243667886,True,6016.917700032811,True,6013.345145137252,True,31.955232498427975,115.8028341356855,156.33726280074376,12.648345353650797,6014.797784307435,True,33.353936972479104,7.457538111363904,6013.074541338383,True,4.100607633492758,1.6271531288626306,6020.759143216069,Band,3.6817023295034232,0.1585568167420206,2.5473608298170802
bn200227306,4,14.324000000000023,18.036000000000026,6,True,-1.1788128443177914,0.10782326368444617,134.92890054191045,23.079695944567312,-2.412892960544045,0.3144558155616155,5142.794747274487,True,5141.83992741156,True,5143.48443288572,True,12.361867044691785,1.1922402475195923,158.56570779327376,29.841082607918565,5141.5111504446595,False,35.372696465657626,6.378910593223647,5139.196153507465,True,6.159683915097312,0.7558404583099283,5139.857516150249,CPL+BB,7.5985937670220665,5.982411261311427,5.973282441060292
bn200227306,5,18.036000000000026,20.46800000000003,6,True,-0.7511937379316854,0.5019300945727319,46.074845150081416,17.634500897329467,-2.0428815833772522,0.14807805391652995,4171.096225367007,True,4167.0877611663145,True,4169.073934799651,True,10.902613405398268,1.006184292973737,107.9221102516592,31.598121905366327,4169.657383823791,False,30.016860836289894,8.575316742586882,4170.50821899253,True,5.149756937001161,0.711325725969707,4168.734029818727,CPL,4.588006374477118,2.3537313475871997,3.4165509758604458
bn200227306,6,20.46800000000003,23.79600000000003,6,True,-1.1351672302971174,0.4534344270317625,49.15915022170711,20.754059572816807,-1.9922939784177018,0.1341021783411015,4760.854880139321,True,4763.301327207533,False,4761.456710612939,True,28.753052117282387,144.34839277043432,210.91594642913248,218.40165993351727,4765.603771100181,False,9.659473151301679,1.350033954913596,4760.4351877131185,False,25.795699730635093,53.01905282319371,4764.725481018391,Band,4.419692426202346,2.5758461891418847,-0.14706048724201537
bn200301320,0,-0.011999999999989797,0.884000000000011,4,False,nan,nan,nan,nan,nan,nan,nan,True,1597.4708509835614,False,1598.6219678925218,False,899.9998974357422,0.16587724934504422,31.991483217967176,854.378680489411,1604.9146243742953,True,4.475804652061471,0.6979945758723607,1596.9444648705226,True,4.434229699608592,0.6979005190466347,1594.9202352302036,CPL+BB,nan,6.550615753357761,-2.2926564817735198
bn200301320,1,0.884000000000011,3.188000000000013,4,False,-1.352866918883773,0.17612077934723036,30.00006131782943,0.02279418081586293,-1.9176372438397105,0.024164287754201652,3017.30899588688,True,3021.191816998877,True,3022.9984048187644,False,899.9990504850012,0.7214119860371966,30.382149374578283,894.9278638622682,3027.9734969765377,True,5.547063584350356,0.393899109532156,3002.4998036661673,True,5.165041227084522,0.328336320182411,2994.3192847391715,CPL+BB,18.809192220712703,30.872532259705622,-0.9750921577733607
bn200301320,2,3.188000000000013,6.132000000000016,4,False,-1.8999999971652057,8.814049872851726e-06,77.39637375005792,12.309071348114117,-4.957891769280915,1.5323078485490071,3323.3597482870327,True,3318.68405661533,False,3318.510485758325,False,177.62697476041615,5.419993187020992,57.51236313444792,188.55413458516279,3329.4337851704763,False,3.712360518325597,0.8548252152304139,3324.809120438402,True,3.8818231623597215,0.22378414208843767,3308.017404595609,CPL+BB,2.5506278486309384,14.666652019720914,-6.923299412151209
bn200301320,3,6.132000000000016,8.052000000000017,4,False,-1.8922067150551345,0.0364953826767207,154.297853458309,57.51793888084988,-4.99999992832734,0.005284187298437271,2709.563414320963,True,2707.5613921957283,False,2708.787629887016,False,85.46382991541134,148.35318146030536,30.00063177723561,30.900470045480382,2716.1292377111085,False,2.109902965085934,0.5250717651810977,2709.751124398919,False,47.03975514434228,8.1125787487602,2704.3089459339067,CPL,3.8122899220443287,7.25244626182166,-3.3416078240925344
bn200301320,4,8.052000000000017,9.972000000000019,4,False,-1.7168432553806992,0.0874072299604014,75.98648881459302,13.53890716688705,-4.999897878193509,0.2519857850545426,2608.2725465885123,True,2606.326574774417,False,2607.002036843168,True,11.770709624337531,5.451148497726077,224.44030769025142,682.8713385172558,2621.5730107013396,False,37.378668109434564,11.873225944026606,2605.0192953380065,False,33.30608312030658,4.86198367684311,2600.9409169641153,CPL,7.253251250505855,9.385657810301836,-10.570973858171783
bn200301320,5,9.972000000000019,13.428000000000022,4,False,-1.8999991098059632,0.0007631217852002159,30.000316103370245,0.22189236254498823,-1.9683081235945783,0.048765944061338384,3412.461042021064,True,3407.8779404813154,False,3409.3780961950906,True,60.52223466612031,120.11507740200516,522.4852444223267,598.2347355346939,3416.2997293967046,True,1.9994600343989068,0.45619723750351193,3409.899479302053,True,1.9949003336218964,0.4349514804640927,3407.8715555414515,CPL+BB,6.561562719010908,4.006384939863892,-2.921633201613986
bn200301320,6,13.428000000000022,18.996000000000027,4,False,-1.8999999262047669,0.00018128997388555668,30.138634516404327,23.249045968879614,-4.997747703688548,1.0548097415211277,4084.500719488554,True,4082.4816488678125,False,4084.485265872906,False,nan,nan,nan,nan,nan,False,2.829769332207175,3.4385821539743993,4088.4752565293893,True,63.90148587442206,19.12541336667649,4086.20235419319,CPL,0.025462959164542553,0.27929467462263347,nan
bn200524211,0,-0.6519999999999833,2.4200000000000195,6,False,-1.0000670671344563,0.02291095107798613,4999.999999993286,0.0007836406389287731,-2.6291426665411644,0.432280150056535,7653.968993228239,True,7646.039537329261,False,7635.637642782864,False,nan,nan,nan,nan,nan,False,20.46657013001331,0.8133207726837579,7318.676899130797,False,19.175034964527537,0.7753659419182615,7361.6848035772055,CPL,339.2920940974418,288.35473375205584,nan
bn200524211,1,2.4200000000000195,2.80400000000002,6,True,-1.1169637372476062,0.034358086421046985,4962.8777263283555,557.5391615087822,-3.028917408033521,0.8937899470058306,2493.1366394348847,True,2491.521016079495,False,2492.2046588047324,False,689.5621719461592,262.7195063132319,4109.676136200691,397.65000607279376,2478.281455724572,False,17.76720279614778,1.81856575376732,2483.681882100129,True,17.76588271983099,2.289909402640431,2481.7371984173697,CPL+BB,13.454757334755868,13.78381766212533,17.92320308016042
bn200524211,2,2.80400000000002,3.7000000000000206,6,False,-1.093606793373717,0.027513076405978443,4999.99970130062,0.3296962179297225,-4.999072508546386,0.3190425975300184,4380.755286408146,True,4376.470781848181,False,4376.528124468724,False,nan,nan,nan,nan,nan,False,20.955198617534254,0.9345352264444635,4259.7619528865125,False,20.07251399631674,1.252118674720835,4268.902239299691,CPL,124.99333352163376,111.56854254848986,nan
bn200524211,3,3.7000000000000206,4.980000000000022,6,False,-0.6708956426225475,0.10416355570876129,226.94533273182543,41.4126460676174,-1.6000001931462196,4.567721224979504e-05,5353.032188831845,True,5351.512620915683,False,5350.1454328282325,False,760.5870720179448,0.0,3650.268462616747,123.68774192891988,5312.502844408105,False,26.43604286866055,0.706983018462239,5328.512949222619,False,25.383929735378814,0.7485729067877749,5335.038832203001,CPL,28.519239609226133,20.473788712682108,41.64258842012714
bn200524211,4,4.980000000000022,6.260000000000023,6,True,-0.6076360645453401,0.09036018627820674,206.06223696419764,28.734197500077457,-1.6204491222811854,0.02213619738232908,5344.105664534973,True,5375.563110999722,False,5380.676475829045,False,20.25474823386739,1.0797359430772548,3683.6744025457165,237.96258133625224,5275.400391834297,True,28.21650661159756,3.1149061106165608,5299.0896312722425,True,28.11585885800727,3.212583607555537,5297.4954170144165,CPL+BB,49.01603326273016,82.0676939853056,109.27608399474775
bn200524211,5,6.260000000000023,7.156000000000024,6,True,-1.177205833242121,0.02143961407961581,4942.024988334282,396.7014939510691,-4.378069502207586,1.0936683920704675,4313.060819211067,True,4311.069140231128,False,4310.559476273995,False,nan,nan,nan,nan,nan,False,12.838238992114624,1.4370568507752495,4298.233949056965,True,12.833770943011059,1.5474704115704334,4296.222766920448,CPL+BB,18.826870154101925,18.846373310680065,nan
bn200524211,6,7.156000000000024,9.588000000000026,6,False,-1.1448314746771935,0.019012062067698232,4999.999947357335,0.3951967871944362,-4.999578219853987,0.1265552080743415,6784.161779311973,True,6782.107180576168,False,6776.885295617246,False,411.30182572070805,0.0,3875.442168920681,0.0,6709.08773073737,False,21.495738205515188,0.765251233371874,6694.862025424012,False,20.32141621221357,0.7506373784281859,6694.598425636618,CPL,93.29975388796083,91.50875493954936,71.79756487987561
bn200524211,7,9.588000000000026,12.148000000000028,6,False,-1.1365437310353521,0.01921627342658394,4999.999999999917,0.00014017074272487662,-2.869367840941796,0.885001512050642,6759.330275150929,True,6754.2668698964835,False,6749.560511213049,False,863.2471787195277,202.68147577970026,4041.6899644355,227.8591775996565,6706.133109524148,False,20.35618946080782,0.9399758536881215,6622.613726686847,False,19.19765629907386,0.875632326307505,6635.575691598187,CPL,140.71654846408182,122.69117829829611,47.42740168890123
bn200524211,8,12.148000000000028,14.06800000000003,6,False,-1.0549775025293877,0.04384401814559158,4999.998554937881,0.5375718505856639,-2.3986772905838536,0.3736435805759917,6067.068819671256,True,6060.514885353514,False,6055.381520854643,False,nan,nan,nan,nan,nan,False,15.61009993924096,0.9508990674648556,5859.115964237075,False,14.833287366325278,0.9591144359141603,5874.087141044331,CPL,211.9528554341814,190.42774430918325,nan
bn200524211,9,14.06800000000003,20.340000000000035,6,False,1.899999582486131,0.00015257130165002852,2872.6837304379583,55.72703074120568,-4.999999976884722,9.661471442079517e-05,9149.65344160297,False,9171.946527560012,False,8962.31151827046,False,nan,nan,nan,nan,nan,False,16.99373419195012,0.9643814501191352,8521.635859820874,False,15.972996471684137,0.7555466643032593,8552.704486189818,Band+BB,632.0175817820964,623.2420413701948,nan
bn200524211,10,20.340000000000035,27.44400000000004,6,False,1.8999998620672578,6.483086580766351e-05,2909.6985694568216,73.66644261759893,-4.999999997554522,3.1773950704749865e-05,8885.16850292106,False,8926.908049393502,False,8973.494216596935,False,899.9983864530436,4.388408356458967,2703.107075308663,49.374839043876136,8834.590271961762,False,15.56895161717926,1.32701597588213,8614.028301315155,False,14.828059523756897,1.2590089370102904,8672.434250346112,Band+BB,275.14020160590553,258.47379904738955,142.9039446351726
bn200607921,0,-0.2679999999999868,0.3720000000000132,5,True,-0.3089501085918349,0.2592327966642417,558.0386167080195,164.6538003520998,-2.115941257593484,0.2539513717618851,1940.7703713389442,True,1941.7467200510023,True,1941.226364403556,False,239.6958123317764,65.9244835023336,4999.954636931396,19.559804436266404,1944.775666440344,True,19.106202460278965,5.502409422481411,1942.98175537525,True,88.86284723167181,21.373006101762215,1943.821595136487,Band,1.7886159636941557,1.9251249145152087,0.45069796321217837
bn200607921,1,0.3720000000000132,3.8280000000000136,5,False,0.08026627497058389,0.09077802684150554,299.1805692175433,14.636398917392427,-4.999995025821305,0.006375708893868737,4974.948508276956,True,4972.7198487533915,False,4975.176753333925,True,254.509074066062,45.299036721921794,300.5250979939196,24.102827117650634,4970.385058373068,False,71.35101809144167,6.453931344962498,4971.109166281791,True,10.53116114576103,1.8162221104522924,4970.387407260211,DSBPL,7.839341995165341,6.33244149318034,8.791694960857058
bn200607921,2,3.8280000000000136,7.924000000000014,5,True,0.4465669414041707,0.21043458587910438,154.11865652399354,10.517282957256867,-3.925677349509169,0.948387474101207,5241.317956803312,True,5239.386658736484,True,5239.742595597683,False,96.38939892449206,6.109446730442087,386.79639740521384,84.08645672669081,5240.955392344897,True,1.684900087521011,0.33976732790237185,5240.926091309137,True,1.3908993624685844,0.1957077444641484,5240.204509637127,CPL,4.391865494175363,3.182149099357048,2.7872032527866395
bn200607921,3,7.924000000000014,18.292000000000012,5,True,0.7766437449032967,0.23952362577543246,101.00569751103149,5.357475803734076,-3.9583580574144337,0.934515127172759,6905.013673026475,False,6903.484484767446,False,6905.410291890095,False,39.21590773449091,4.198364777526702,124.60165000999395,7.919542028279686,6908.070139715804,True,24.72540712326569,0.7794617588665798,6917.929425345925,False,13.696699488643176,5.321138248109264,6907.096098828836,Band,-8.915752319449894,0.38838593860964465,1.3401521742916884
bn200607921,4,18.292000000000012,23.604000000000013,5,True,1.3725988852254272,0.6452248719419476,87.89415823765393,10.635767318691187,-3.395105621266213,0.9222109521805797,5641.157346019814,False,5639.678620736553,True,5641.245024784412,True,71.43273826059828,30.30743545669115,100.9037584745836,33.45986781088515,5645.4735757230455,False,21.83661385572685,2.7611919219235848,5644.668149952429,False,6.622018825537267,33.26735262291841,5643.685402277639,Band,0.48919606738490984,-0.006781541085729259,-0.22855093863381626
bn200826923,0,-0.011999999999991573,1.9080000000000101,3,True,-0.7050795572519318,0.08309904194021117,361.8714870559285,55.71713379163768,-2.3749238243824746,0.3318449172126443,2000.3373405912546,True,2000.0333385441327,True,2000.899694375311,False,201.1747204671155,135.73985475615603,30.03838639248197,4.334941453099807,2005.6730318142095,True,14.053400846264584,3.2567473478946463,2002.3064459229104,True,68.56524966094607,65.780511629545,2004.0335039104007,CPL,2.0308946683442173,-0.00016536626799279475,-0.7733374388985794
bn200826923,1,1.9080000000000101,2.4200000000000106,3,True,-0.5028254425377829,0.14303768226790717,334.07412168573836,78.1180398416877,-2.18608817501665,0.20597036983014572,654.0410597345765,True,652.5700802547572,True,651.8913643153999,False,104.3157848075682,48.66108441273347,825.0168740429626,159.3527971603648,651.4963289774688,False,36.373447013439105,10.32641056701413,652.3454395864455,True,36.244523040642505,10.485161130761583,650.3869402323742,CPL+BB,5.695620148130956,6.183140022382986,4.395035337931063
bn200826923,2,2.4200000000000106,2.932000000000011,3,False,-0.6341294050783621,0.05274590074519736,543.841499180239,52.185559670511765,-4.999931579722805,0.06689233640269698,740.5691921773259,True,738.5000723019916,True,740.8428397643717,False,228.58765398422116,32.14828457718208,318.232835911915,751.4043287443353,742.6896866906925,False,56.16286897511121,18.381282672402264,742.479703908974,True,6.938948796196615,3.348777007355464,742.3420318538473,CPL,2.0894882683519427,0.15804044814433382,2.1531530736791638
bn200826923,3,2.932000000000011,3.3160000000000114,3,False,-0.4893469845499141,0.04967884540154585,466.56676959483207,30.774552111222448,-4.998788956536681,0.29325022555484104,465.7263963401716,True,463.78177232608493,True,464.90440725556675,False,203.77008158355537,20.541406505693047,278.0199777050745,258.4868346941961,468.13292532806935,True,55.271333317262446,21.614226982839412,468.08575145805855,True,1.2332537609528071,0.14577864810880192,464.6942486951675,CPL,1.6406448821130653,3.087523630917417,0.7714819274974047
bn200826923,4,3.3160000000000114,3.956000000000012,3,True,-0.5320072588032,0.03482245911060736,514.3953889228723,29.24431760845451,-2.9848711457741293,0.29520605229282637,1093.4565336912694,True,1095.5941204056694,True,1093.345016582848,True,170.65020892455655,44.165894766823286,545.0558501063641,90.11633811584454,1094.186247317498,True,44.450008735132954,16.9566741220604,1093.4078082514286,True,45.27859804226335,7.80581206614492,1094.252048860214,SBPL,4.048725439840837,5.342071545455383,3.1587692653499744
bn200826923,5,3.956000000000012,4.084000000000012,3,True,-0.5099501243502313,0.0827344189675916,520.0325484961177,66.91335030904327,-2.4878507588735466,0.22126118915716075,-604.422044032556,True,-602.7188918741306,True,-606.7716206629375,True,186.31797016976995,53.54108970810344,1026.8284324927013,210.11330855605456,-605.6328228432363,True,52.762868066688654,22.010674121841262,-604.3569382700554,True,53.78000779270433,23.65067531746263,-605.781864161056,SBPL,3.9348942374994067,7.062972286925401,2.8612021802988465
bn200826923,6,4.084000000000012,4.852000000000013,3,True,-0.47226432051151435,0.03236248647398002,484.8903496575711,26.77095717234866,-2.737990907255439,0.13542812933007276,1412.0391701292726,True,1426.680797308969,True,1395.891126777834,True,201.27206924336443,9.54586795606265,206.3286031482171,501.32292400903754,1386.2406149393842,False,1.0000086510925348,0.001911966181363467,1409.3164484182605,True,55.01848942275007,3.901301825145154,1385.1835566939449,CPL+BB,6.722721711012127,45.49724061502411,13.650511838449802
bn200826923,7,4.852000000000013,5.108000000000013,3,True,-0.409634319036278,0.042673682130550866,470.6951431508078,30.455660637689363,-2.722614051926534,0.16157412922590786,216.23604421516606,True,227.60613846171606,True,215.63178363296302,False,230.67856242010106,25.627324058593388,30.002048074187574,1.756864490775623,220.0799427701362,True,50.45415228032657,22.185536033491882,219.5753039554566,True,58.664584615962426,13.629219124932408,225.1496763778846,SBPL,0.6607402597094563,6.456462083831468,-0.4481591371731781
bn200826923,8,5.108000000000013,6.132000000000014,3,True,-0.4380262775615003,0.02312895392025638,413.71935437192997,14.950753447934119,-2.5328904662688148,0.05506794490485456,1849.208184458535,True,1947.990294256515,True,1818.595648872465,False,181.77798574519053,6.407393061317961,30.000005582985935,0.0675131591781124,1811.8997348215391,True,46.77570512641723,2.9144564909435076,1808.1930617011794,True,48.53771207713258,2.5256167743331055,1836.5059345529646,Band+BB,45.015122757355584,115.48435970355035,10.695914050925921
bn200826923,9,6.132000000000014,7.028000000000015,3,True,-0.417349345287878,0.027992148710941744,291.5600949111788,9.913565211542505,-2.6443477895828944,0.08189669253616771,1598.0102849942807,True,1654.4655351880701,True,1597.1519412427322,True,97.72360968605277,59.91883663513647,274.201842795679,24.01716279072899,1600.454481381712,True,33.67764483616215,8.297512022876845,1600.085200426694,True,38.49614988602678,4.044687829095693,1623.4146818238924,SBPL,1.9250845675867367,35.05085336417778,0.6974598610202065
bn200826923,10,7.028000000000015,7.540000000000015,3,True,-0.4895027606931729,0.04141581233861122,304.9617688137691,16.60536646501572,-2.524880890221169,0.09736811760419206,922.7682371195004,True,945.6666892813355,True,912.2306095783724,True,119.83835413980964,18.80510165219104,411.5091867724783,102.83197620125546,909.8373688679139,True,32.45983922343394,3.948374473045856,910.6086065517803,True,33.129770045574666,3.674821787718953,910.7202580309892,DSBPL,16.159630567720114,38.946431250346336,6.393240710458485
bn200826923,11,7.540000000000015,8.180000000000016,3,True,-0.5914463094764705,0.03586569169843706,292.26145394902716,13.984711875621628,-2.645917558945278,0.13555217880554582,1139.9491245699612,True,1155.270655136537,True,1136.9369915074972,True,109.82440128257468,39.04568985570693,273.652881801689,55.93394305599615,1140.1410291362026,True,31.29589601493729,5.2757852317436935,1139.1674011902799,True,32.497337944404,4.763432125411336,1144.035684823237,SBPL,4.7817233796813525,15.234970313299982,0.7959623712945358
bn200826923,12,8.180000000000016,9.204000000000017,3,True,-0.7801617874697415,0.033173217507952935,331.61377273227083,20.255519588998425,-2.368169336176014,0.08947708182761449,1621.2417828742302,True,1646.4782984155993,True,1610.3332546488957,True,130.72676114034167,17.912384516635043,492.69573027002804,323.94791699038024,1603.5721557692295,True,32.019575997591275,3.35436284987623,1606.5868834358632,True,32.130555102670485,2.3943968918648793,1607.1440614918893,DSBPL,18.65489943836701,43.33423692371002,10.761098879666179
bn200826923,13,9.204000000000017,9.972000000000017,3,True,-0.6024800157222127,0.05319398715347273,209.09380720549237,14.199197468201277,-2.34544089838339,0.12201776269369025,1195.6244652663067,True,1216.675066953456,True,1196.3031886759695,True,11.735066996760406,0.5859359964082742,207.6149979979582,13.186708155366844,1194.6457430863563,True,38.8062092308831,60.66708313183225,1199.6244598141916,True,26.827429552032164,4.107420951316861,1208.308518767304,DSBPL,5.452115146908909e-06,12.366548186152158,5.657445589613189
bn200826923,14,9.972000000000017,10.228000000000018,3,True,-0.7165037693874595,0.1300162571707415,134.87336878747735,17.405444254117796,-2.6703545825958077,0.36553439302354374,-118.30764717617902,True,-119.09492670672897,True,-118.50679173473125,False,84.45102291255793,26.364560381631094,49.58031626208226,86.17837132608344,-114.48574710697041,True,5.0565496896163316,1.1212783861465705,-115.4379884290268,True,21.097421187171275,7.300136216982216,-115.99164349150095,CPL,1.130341252847785,0.8967167847719821,-0.021044627760844037
bn200826923,15,10.228000000000018,10.612000000000018,3,True,-0.8080294813386444,0.1780039166798012,99.90718423202158,16.411096839116865,-2.2436689560661347,0.18581734974722353,288.9366506770684,True,291.27810315322995,True,288.6119683778276,False,36.876891149375815,8.666138409902064,205.63591363525163,767.2395875661932,292.0397386606885,False,6.911095746138943,0.6955594886150829,287.94214919640024,True,7.965196340830461,1.799563665866843,291.8807841743406,SBPL,4.994501480668191,3.397318978889359,0.5722297171391233
bn200826923,16,10.612000000000018,12.66000000000002,3,True,-0.7596506552154334,0.2516735363302329,77.42342363237712,16.87062310591983,-2.210105187083599,0.20837745999533674,2032.2098851725798,True,2033.0919874850142,False,2029.3119568116172,False,40.52629483000222,9.564458992307653,38.49899953073757,141.98114265751772,2035.800475249327,False,6.023388999093115,0.6163808616962227,2027.7484536074626,True,26.55883712497351,57.81981468313042,2037.0920924781342,Band,8.46143156511721,-0.00010499311997591576,-2.4885184377098994
bn201016019,0,5.74800000000001,6.00400000000001,3,True,-0.9384963734681988,0.24605885781133646,167.8382519427865,72.53052773549794,-1.9903486847483245,0.24897961784724165,-26.360539096982706,True,-27.455024971649635,True,-26.264151577125944,False,87.52292151815,40.028076183096616,216.07221696616844,947.5840953611694,-22.43528372269175,True,26.101437057457755,7.682075624277097,-22.65553698042838,True,75.22036644253545,64.70345843005794,-23.455086541345324,CPL,0.29499788344567435,6.156969568849036e-05,0.17113214556580658
bn201016019,1,6.00400000000001,6.13200000000001,3,False,-0.8274688980408511,0.09212742107197258,310.0775701171325,43.01200032610592,-4.999748908670696,0.0917366573718037,-601.8578135801562,True,-603.9430500217004,True,-601.6562668657353,False,120.90378951314268,26.3599170991126,103.59046586050407,284.84189605862207,-600.3396267844868,False,32.686882638057355,5.7763808007843895,-600.590145133086,True,32.63053008741629,7.124220083873288,-602.6551688721582,CPL,2.7323315529298497,2.7121188504578413,2.683359918751421
bn201016019,2,6.13200000000001,6.2600000000000104,3,True,-0.6036339433303043,0.06947251500580781,304.94910251655375,27.86516011942433,-2.6030494818415018,0.22685342234901507,-480.21702988656796,True,-478.1320388543912,True,-482.01449383935096,False,153.14075122800014,30.733820192921733,34.35099305276154,216.66458630979207,-478.9229920973254,True,40.14125767885384,6.313192543434546,-480.3595585152939,True,40.43276862049116,6.263183089383723,-481.5380490615745,SBPL,4.142528628725927,7.406010207183272,0.9084982579744292
bn201016019,3,6.2600000000000104,6.388000000000011,3,True,-0.5202662948559494,0.04880578776755837,283.4419836381662,14.427965805602582,-3.379970286853643,0.4935165317350001,-372.03325925874174,True,-371.8272622084261,True,-370.85890560297713,False,139.49571453240623,14.878878551058932,41.922628529229215,58.36676531142714,-368.1131902766582,True,29.43282181408548,12.55700355150731,-368.53455696397225,True,31.380432267584027,10.006889696169774,-369.2258127158839,Band,0.5012977052305132,1.3985505074577986,1.2542846736810702
bn201016019,4,6.388000000000011,6.516000000000011,3,True,-0.2950229845441666,0.06289591423706957,233.26908334022875,13.83562362180983,-2.6778051390093442,0.1386825591779346,-303.0002285284214,True,-282.3747298667465,True,-303.7091583366447,False,141.99213138270383,27.175396863178825,30.00133230404513,1.089925715198099,-300.59847792410267,True,36.9866229779992,5.439421434422792,-300.2094652610074,True,38.483365516678965,3.275675775460982,-298.6166130380294,SBPL,1.209236732585964,20.241883171282893,0.889319587457976
bn201016019,5,6.516000000000011,6.644000000000011,3,True,-0.1544578339977455,0.05375846921928923,212.0527257119912,8.087402083308987,-3.0484555251784173,0.18460552471345437,-329.02384248069774,True,-310.2426623075153,True,-328.7086240436912,False,129.42486414118554,15.791974113264118,30.1043676612474,3.089359316561847,-326.6214448398831,True,37.8472163318253,4.5017968403269855,-326.54933260041446,True,38.513866234050944,2.7914446625775646,-324.51553463514927,Band,1.5254901197167214,18.27287232763399,1.9128207961919088
bn201016019,6,6.644000000000011,6.900000000000011,3,True,-0.17696279222964453,0.03722330056177674,194.28763780839094,5.351190381349525,-3.1517664667525467,0.140053264467088,461.1483947835988,True,489.0375101668368,True,457.0008977610487,False,115.9843936630007,10.009614426591583,30.00045596692665,0.2309230336861532,458.6901145067985,True,33.948807344746115,1.95392833113352,457.73862920397795,True,34.002747552448156,1.9456300009412075,457.2125655390461,SBPL,7.409765579620853,35.82494462779067,2.3107832542501683
bn201016019,7,6.900000000000011,7.284000000000011,3,True,-0.17612579779806778,0.025473803271879453,208.6841209388349,3.9026069811528146,-2.9608702289194473,0.07276921003808012,1022.3475692972477,True,1130.824253395545,True,998.202235921468,False,108.38836374706707,4.280786000254359,30.39520841928693,24.593451277956703,994.6625987577977,True,33.63740873019872,1.25855449925864,990.5772011626857,True,34.13285260310835,1.1069959309553674,989.4899265854295,CPL+BB,35.77036813456198,145.33432681011539,7.53963716367025
bn201016019,8,7.284000000000011,7.924000000000012,3,True,-0.2899538699192082,0.02462181871910496,163.9729548617816,3.014730859812346,-3.079561804731043,0.07950760449376859,1472.5991182013404,True,1567.0458994639353,True,1463.7980684407034,False,91.57515125235662,1.8926880736088094,30.154819202508886,6.183480517887524,1472.5481906703844,True,25.81186844672013,2.172438472955969,1472.4446031255166,True,27.537762411971382,1.1429432681856433,1487.7166252078978,SBPL,4.154515075823838,83.32927425603748,-4.750122229680983
bn201016019,9,7.924000000000012,8.180000000000012,3,True,-0.4734061017148021,0.03796115442629672,184.27860806561915,6.427155722611076,-3.0323505339861616,0.16114107830100943,465.33456530712806,True,480.8092759501496,True,459.2548244057581,False,110.6544112933451,7.162036654837799,31.082366761654864,11.248686455915369,462.41256605747407,True,30.52522816252923,1.8603428258358221,458.5078862145811,True,30.551963873841395,1.8635976997165038,457.24434889771976,CPL+BB,10.826679092546954,27.564927052429823,0.8422583482840196
bn201016019,10,8.180000000000012,8.436000000000012,3,True,-0.4934901850492493,0.04140820904433817,164.69010234271667,5.819064635951975,-3.0567937567833043,0.1621308127007186,416.80446219000635,True,435.74260423683563,True,416.6400347187755,True,52.8377601168762,82.90804967463664,148.7834724956145,16.952482785821815,419.49640556623183,True,31.36440507589315,12.77162937380547,420.7178461688317,True,28.498033072947656,2.3145888175033704,425.7337001453285,SBPL,0.08661602117462053,14.008904091507134,1.1436291525436673
bn201016019,11,8.436000000000012,8.564000000000012,3,True,-0.4209254352697691,0.07713618719324541,125.36676411743741,6.376897327759103,-3.0516475128134646,0.21331026860534563,-454.1472554072068,True,-445.8798877451149,True,-454.5727662754225,False,99.29246107985527,41.81024082076165,31.90856604864115,21.599812015575868,-452.6184768772879,False,25.056318801526547,1.7353322851781279,-454.2776311532115,True,25.051892277026766,1.7361014997924489,-456.3042690771392,CPL+BB,4.130375746004688,14.424381332024325,2.0457106018653803
bn201016019,12,8.564000000000012,8.692000000000013,3,True,-0.44543749266838306,0.09318752352634377,100.84186035618536,5.188786346428699,-3.2031589795371387,0.26406274234570537,-533.8706037792912,True,-528.647572772789,True,-533.5995277760719,True,49.362030855067175,30.399025252554523,82.06206740532565,52.929870314831824,-529.8629842280053,True,11.299660069635324,7.081467810275125,-529.9329105018767,True,19.305372655152922,4.249116881833878,-529.9387970025505,Band,0.06230672258550385,5.291224229761497,0.2634564519333935
bn201016019,13,8.692000000000013,8.948000000000013,3,True,-0.7035408310033596,0.06996518774805804,95.50319250229724,4.460643908278357,-3.1479338799606538,0.2609284062568187,202.02130735834692,True,206.71280641872318,True,202.66325543355248,True,16.133702053972677,11.717755814814797,98.14709763929974,8.516175459481218,202.78733655913092,True,6.684559376528085,1.3168395565680253,202.7689877167038,True,9.536912804764192,3.203387693364494,206.54763590653278,Band,3.252319641643112,4.1651705121904,3.875918874421558
bn201016019,14,8.948000000000013,9.204000000000013,3,True,-0.7091321731314019,0.0963013614792379,81.05533493113295,4.6610941120756095,-3.001943052258186,0.26239775430611956,136.46602869052805,True,142.55053535488992,True,137.45468417093048,True,13.891590408953597,1.1854246471459478,86.8412656627689,6.427880175120045,133.79352140281685,True,10.973828417803286,4.896395600519577,140.44458163975747,True,6.854340001232767,1.073100445291979,140.17664112469132,DSBPL,0.021447050770575515,6.3738942301986015,7.661162768113613
bn201016019,15,9.204000000000013,9.460000000000013,3,True,-1.011370470284581,0.0953274970262682,79.01102619427348,5.064449378740136,-3.162669658449684,0.4555825910100644,122.84712093182833,True,123.23433640772305,True,123.96436297315753,True,13.221416820958549,1.7085402205025648,88.2462255196211,9.99743327658544,123.92685368623698,False,26.111871998077078,2.957588878700191,123.76728277623766,True,113.82959088540836,43.48501525156662,124.14331603575539,Band,3.0798381555906644,3.0910203719676588,4.037509286920553
bn201016019,16,9.460000000000013,9.716000000000014,3,True,-1.194732180784402,0.09898051170315936,81.49002420300094,7.696547125854771,-2.8359075036892953,0.3702878586682605,50.888876646776474,True,49.5217575590036,True,51.04231681848574,True,26.130975621738074,5.937043391407958,45.89482268660112,832.0132159982206,53.47908517317383,True,30.314240699550474,5.91108128226927,53.98641308162179,True,5.323348312678829,1.014249039482131,51.23532447705927,CPL,0.9024635651546831,2.286433081944331,1.5632316453119088
bn201016019,17,9.716000000000014,10.100000000000014,3,True,-1.3147915666976375,0.10406829380092308,73.03853998094021,8.49460787957026,-2.5979059013743506,0.25485889488307345,469.9279795390525,True,470.47848913399895,True,470.0918424653726,False,10.29328888950696,0.6070644396078722,79.69168960703296,13.480184148026268,470.94025031313265,True,4.76325514866432,0.643010679123537,469.3720336916422,True,111.51393949845965,45.93260936385635,471.148584621699,Band+BB,4.555945847410328,3.3299045122999473,3.151592152239971
bn201016019,18,10.100000000000014,10.612000000000014,3,True,-1.5105456564117894,0.1034321201598839,76.4004451360677,10.988482133503474,-2.8292615853799807,0.7387845066019076,740.4059129384259,True,738.961657994484,True,740.608603620338,False,10.000131196740778,0.4633160898326505,83.90313549703339,14.465172167391312,743.902132471847,False,26.882227318036406,5.0314072511730785,741.6907586473254,True,29.22878126039663,11.580908274210426,742.3182825730962,CPL,2.7151542911004753,0.6433754213877592,0.7064711484910049
bn201016019,19,10.612000000000014,11.380000000000015,3,True,-1.1371625963730674,0.2925800266929191,44.60339764724742,7.83592451006831,-2.265083712534523,0.13786780068677595,1128.1673592474726,True,1130.5279508350195,True,1129.0973916653638,False,268.2660669154598,233.7873993076808,46.101599299057106,4.40732136002887,1132.7965560482403,True,10.131858162985676,1.6401251307091322,1130.9673350807107,False,56.1318979848437,20.98167381099244,1131.7610896562876,Band,1.2000241667619775,2.766861178731915,0.3008356171235391
bn201016019,20,11.380000000000015,14.068000000000017,3,True,-1.3183107432704926,0.2843137935661326,46.2362360831458,8.73374017941276,-2.3245815472419786,0.23876777135233462,2409.772944198371,True,2410.335803708733,True,2410.4862606460442,False,58.02739646727418,162.3506212174266,46.85444930486407,6.432478457657101,2414.3384516957167,False,11.337142236911301,1.624302698341113,2412.1683942894515,True,11.256928680707258,1.6867406606178976,2410.0015524788687,Band,1.60454990891958,4.334251229864094,0.14780895032754415
bn201104001,0,-0.011999999999965705,0.1160000000000343,8,True,-0.8875863216504308,0.06089932398977432,1662.316902206704,388.9337772108538,-2.976022348540289,0.3224089867543616,-283.5883530989692,True,-276.96853204102035,True,-282.9354457268559,True,236.00436283870548,230.18094135936258,1987.44394103371,592.146352151525,-281.2396884101674,True,37.53186085362545,15.575639313578009,-281.83450170995155,True,39.078755506362974,13.37069144179679,-275.54861903280806,Band,2.2461486109823454,2.5800869917877094,2.304242683311486
bn201104001,1,0.1160000000000343,1.2680000000000344,8,True,-0.7862053085948203,0.03531075906514686,1393.36839115028,147.20218293986807,-2.5361498570469254,0.08051883716934549,5019.022076137335,True,5128.120428193618,True,5020.287706451357,True,14.68166371091297,2.1548399425383584,1198.2732066941826,108.47393109116194,5022.134456059883,True,12.100869508229975,3.2711865861271785,5021.636382279849,False,1.0004110320898938,0.0507136740505536,5132.117054189708,Band,1.3856938574854212,0.003374003909812018,2.153250391474103
bn201104001,2,1.2680000000000344,1.9080000000000343,8,True,-0.9101822909005155,0.08217916982519213,1278.5881107794844,366.7676972197621,-2.623775818606201,0.24795424510005892,3278.3485204452627,True,3286.9474761066103,True,3278.9528254819097,True,23.78847721328494,13.447588417492204,1220.2448168502322,310.44206988920956,3281.4508098870847,True,20.86090627187247,4.095374535790562,3280.4648421411157,True,25.778222845985596,7.7819658105265646,3288.7068299508273,Band,1.883678304146997,2.240646155782997,1.502015594825025
bn201104001,3,1.9080000000000343,2.6760000000000344,8,True,-0.28782040340809745,0.49502310016843404,241.4968309823577,92.3214395128453,-1.887245108482492,0.09573549205739662,3589.866276621121,True,3613.0818415734516,True,3589.641898796311,True,51.31327565597376,54.013841476448604,1146.6305132580237,1132.2309275063658,3593.6382260801925,True,3.059734547018783,1.6627046226613618,3593.7495216166117,False,59.75498256010209,17.77858843408152,3599.058955620008,SBPL,0.11675500450928666,18.02288595344362,0.003672716118671815
bn201104001,4,2.6760000000000344,4.980000000000034,8,True,-0.7935268505403051,0.04152399981814481,1444.9728947042727,199.2399364607835,-2.6081468579433564,0.10454609795174763,6625.665057072046,True,6684.393098667976,True,6626.82266409727,True,211.89028941501857,105.25661945768434,1433.8420696718335,287.0932967011214,6629.351190995153,True,42.00207042316878,17.272913076583155,6628.347537009793,False,1.0016563520627777,98.20655263121029,6688.39311607109,Band,1.3175200622526972,-1.740311381581705e-05,1.4714731021167609
bn201104001,5,4.980000000000034,8.948000000000034,8,True,-0.8495768301926557,0.06685374382280596,1083.5061427697021,199.51494538899556,-2.3717699706251194,0.23945124712645227,7789.965628821018,True,7846.177000852818,True,7791.021422307458,True,19.146978885745497,652.5645945597939,915.197519336092,30.41228234837945,7792.369751223972,True,3.9982232431657976,0.7876211245195734,7784.640721656886,True,2.7086574550870917,0.958382246219223,7850.086439816181,Band+BB,9.324907164132128,0.09056103663715476,2.6516710834857804
bn201105230,0,-0.011999999999989797,1.1400000000000112,3,True,-0.6738012166539417,0.12033545649226185,815.6368704573655,219.65506884151648,-2.2742865466620783,0.3391726275493102,1588.2603570210872,True,1587.8862440179578,True,1588.349062880142,False,854.435525917171,275.9920739441145,803.7097154403301,221.38775015579216,1592.3669137334155,True,1.8813441777132185,0.3865841500661761,1586.185542911997,True,1.7841530084048949,0.3437720444121549,1586.7657953402036,Band+BB,6.074814109090312,5.1204486777542115,-0.017850853273557732
bn201105230,1,1.1400000000000112,1.908000000000012,3,True,-0.5251253004429133,0.07871521028408232,670.8513668599961,96.73172322650072,-2.2802499834798895,0.15836394582906577,1309.539215716017,True,1316.3864228212917,True,1306.9270510177244,False,236.78156629205807,63.656818779145624,3249.0980436222253,690.007289642693,1303.4832299273319,True,3.6586775449517974,0.9991814966887382,1310.4767195505717,True,68.62593837734507,10.627103201356782,1300.1939356874468,CPL+BB,3.062496165445282,20.192487133844907,7.4438210903924755
bn201105230,2,1.908000000000012,2.4200000000000124,3,True,-0.6447709505376241,0.0656077485309135,681.066509153979,107.17824213429247,-2.266916975675711,0.17510505265879295,906.292562387039,True,916.9122737201318,True,905.6707355870317,True,223.71090115333556,78.95928855834008,1034.3961400965525,360.98647772598986,909.6115905359834,True,50.43807422047407,18.73685321903619,906.9390268043446,True,53.427497664869854,22.028624647402037,915.0931887256069,SBPL,3.3535355826943487,5.819084994524928,0.05914505104829004
bn201105230,3,2.4200000000000124,4.468000000000014,3,True,-0.5913629587878242,0.03692381867124178,425.2823077764562,29.246056902457468,-2.238962610857316,0.0690360428384722,2475.492088415253,True,2527.2286043578833,True,2468.6596968563686,True,191.48573294727242,29.502286886783878,352.25998197844126,284.9402049243614,2470.9389621526775,True,43.8853157611126,7.546454002834725,2464.005050834824,True,47.52143824172901,5.833598104343018,2488.0132477121288,Band+BB,15.487037580428932,43.21535664575458,1.7207347036910505
bn201105230,4,4.468000000000014,6.0040000000000155,3,True,-0.7696327341434166,0.04340127096148516,392.27394353738873,35.432110799622166,-2.6181017624757263,0.24937279652417121,2072.2574884592077,True,2075.4804458547724,True,2070.1351774114037,True,172.06560239204518,20.74301804850559,874.1197768438097,204.38398963551424,2073.2453555638203,True,34.74977682354821,12.403765178323072,2072.9050456198934,True,36.273179730612476,8.205303099826674,2072.9132266203032,SBPL,3.3524428393143353,6.567219234469121,0.8898218475833346
bn201105230,5,6.0040000000000155,7.924000000000017,3,True,-0.7604449707901799,0.054747445812148965,294.0162580133289,24.558386561199228,-2.392142976196175,0.1558274987193562,2244.71521547527,True,2249.6684411090446,True,2242.504729078889,False,875.9965690834873,209.07748402251542,268.16430130079294,10.18890781469122,2245.918017082994,True,1.693123206366452,0.3119315986687561,2236.839230116152,True,38.17706613602811,6.93199665757116,2239.979002900418,Band+BB,11.875985359117749,13.689438208626598,0.5867119958948024
bn201105230,6,7.924000000000017,11.12400000000002,3,True,-0.8832049451680902,0.051151880065564426,286.0371236182329,25.937051392168428,-2.596519605614738,0.3155096857028623,2690.1386208412405,True,2690.3809749010024,True,2688.3578210434457,False,899.6083926613222,266.3390313903359,238.35365501141533,9.328441469182806,2687.0365920577988,True,3.066809935153468,0.6495161879650182,2684.1609463726722,True,2.776078632083986,0.6415885820888351,2686.763274086715,Band+BB,9.977674468568239,7.617700814287673,5.32122898564694
bn201105230,7,11.12400000000002,13.684000000000022,3,True,-1.2659914644851953,0.061274707693373176,450.21783430309176,110.50671671223665,-2.6607618142713165,1.0061757155983075,2426.0281828879456,True,2424.1843485185555,False,2425.36499336576,False,478.77503168357885,106.09835753560361,568.8182520726612,192.87518340599382,2429.0104468755308,True,2.671871110846644,0.6473712252156858,2427.4840640979883,True,2.664963148860437,0.7125913833014993,2425.590353080885,CPL,2.544118789957338,2.593995437670401,0.3545464902290405
bn201105230,8,13.684000000000022,22.13200000000003,3,True,-1.574733511619909,0.30435704288155996,55.17659052247471,963.5532918133041,-1.636382846795087,0.02272693423086547,3725.006292917136,True,3711.9872970897177,False,3711.601215083026,False,26.4437033993611,564.8669578083777,329.89381365121267,60.02394320466277,3711.5677942764214,False,2.34543264247588,0.28968688791908526,3689.0495432008183,True,2.3481404937540242,0.2953125590662282,3687.02726214265,CPL+BB,39.95674971631752,28.96003494706747,4.033420806604681
bn210410037,0,-0.011999999999972588,0.11600000000002741,4,False,-0.15924138412825403,0.0896970964989612,1080.8404392717175,107.33221028743202,-4.999855843909023,0.037698911560097415,-309.2852319152954,True,-311.37464945091494,False,-306.18451689375127,False,143.36575998688943,64.05473920905045,1302.0929001646216,141.9482356918952,-310.60752089297,False,54.077742853760995,9.381557786272563,-308.9301503195336,True,53.385562826916654,15.23117643286266,-311.0250887278513,CPL,3.644918404238183,3.6504392769363676,8.423003999218736
bn210410037,1,0.11600000000002741,2.9320000000000275,4,True,-0.18739234755116163,0.04828966795059324,1021.5306787654421,63.77689465050656,-3.0765078319733017,0.29618469730131514,3961.3202451943016,True,3963.0199586887343,True,3955.09246156501,True,31.189993445111096,210.81985397896239,757.8773907139198,30.920585585557433,3956.338281560028,False,1.0663945620890263,0.07970716665981947,3962.731942183584,True,6.758357707035042,1.1757102763668676,3956.9756670404186,SBPL,2.588303010717482,10.04429164831572,2.7541800049821177
bn210410037,2,2.9320000000000275,4.852000000000027,4,True,-0.4305841381233793,0.05907707221813335,959.6116489583314,103.40236058779169,-2.8902864739959657,0.3802283324414708,3301.1594225952276,True,3301.9575143474494,True,3299.3442484844036,True,309.6500684154596,77.91635375138593,1320.388419850375,300.89284228788944,3300.0510429590477,True,2.3567956417182994,0.5191355994496176,3296.38373384971,True,2.177326089382428,0.4964492232617671,3298.257919181093,Band+BB,8.775688745517527,7.69959516635663,3.2932055253559156
bn210410037,3,4.852000000000027,8.436000000000028,4,True,-0.5701099388072006,0.0635623220690823,1047.398262996332,165.3266171551325,-3.090606841460009,0.7345464397292918,4141.838421488046,True,4140.460486487255,True,4142.239475142929,True,290.3117166573888,186.54459401900908,1124.3200520673602,320.4841159221125,4144.9598542850035,True,2.274043450670354,0.5053238645134901,4141.517329946175,True,2.241810789915354,0.5374009284370266,4140.493791693351,CPL,4.321091541871283,3.9666947939040256,1.2796208579256927
bn210410037,4,8.436000000000028,17.90800000000003,4,True,-0.7674090601609251,0.06541900723746824,713.178710874935,130.08690636631883,-3.3584254826014255,1.0478938021870339,5464.031595804081,True,5462.123712414843,True,5465.42903345611,False,22.00146460319681,2.626841688403813,818.9842415639614,121.45282031297813,5463.030168551087,True,16.29484097483611,6.024658968768039,5465.863150084306,True,17.451941854001294,6.71169808971594,5463.938341572577,CPL,2.1684457197752636,2.185370842265911,6.398864905023402
bn210410037,5,17.90800000000003,24.94800000000003,4,True,-0.8024875517806147,0.15426534630083955,281.1919977493264,72.08757709111437,-3.004733144333408,1.0693912503216119,5063.808034464044,True,5061.684562693521,True,5062.989167275835,True,15.490772036646637,2.872977882518062,327.7003404423328,207.51756267261794,5066.146909086465,True,2.3656681163548816,4.719800747280249,5066.799929188319,True,10.406165130587013,3.286303786611026,5064.898788370338,CPL,1.008105275725029,0.785774323183432,0.8422581893701135
bn210410037,6,24.94800000000003,30.708000000000027,4,False,-0.743621674255478,0.2961216057991002,325.63445992567404,170.0350425173421,-4.999984560792136,0.05126973354572373,4659.971101117155,True,4657.960379221377,False,4660.175877077374,False,29.90374092676525,8.178051794629127,483.21441147231303,221.37659469933047,4662.748674698994,False,1.0000000122496786,0.00014135109598234497,4661.992935524822,False,1.0000000050647078,6.86518898721511e-05,4660.004377346096,CPL,1.978165592332516,1.95600187528089,1.4272023783796612
bn210524208,0,-3.9799999999999933,4.596000000000014,3,True,-1.4286045261591802,0.1794617343147794,53.130169940474865,11.271752567595406,-2.3384845908150256,0.2972193332350286,3582.062076284913,True,3580.792346125451,True,3582.399618445199,False,62.19765683738905,162.27076254260038,59.82411554319465,11.723371400444645,3586.3376236061918,True,3.4814030284048343,0.4190795119914288,3584.433330378847,False,38.04330914464543,13.867451735925506,3584.5125908379923,CPL,1.6287459060658875,0.27975528745855627,0.061994839007184055
bn210524208,1,4.596000000000014,6.132000000000016,3,False,-0.9838259163195792,0.22370059682839977,55.70950205568139,6.240933336385787,-4.999999634917589,0.006816666067340549,1687.220937044558,False,1685.1858850140047,False,1687.289668913677,False,159.0820914067879,217.52783349851757,72.22242070408693,6.698281846832984,1688.2801160817723,False,19.743824336561467,3.4249986025293673,1688.5156631927146,False,18.171585511297163,1.7502083955250658,1685.6369873286742,CPL,2.705273851843458,3.5488976853305303,3.009552831904557
bn210524208,2,6.132000000000016,8.436000000000018,3,True,-0.6169881846605721,0.26963718308941664,61.602056036287316,10.21866327195664,-2.531229756889699,0.32478781929756817,2136.5134336791007,True,2134.8226698995168,True,2135.119598895034,True,19.959324103832024,5.439533698215718,114.04354822951332,31.297303677419464,2138.7544932905334,True,35.192793786814114,3.3868615689449264,2136.3480612514177,False,36.1349823102549,6.869473640802148,2134.5254447444095,CPL,4.165372427682996,4.297225155107299,0.36510560450051344
bn210524208,3,8.436000000000018,9.588000000000019,3,True,-0.7574782740895353,0.12471626638505529,79.15121653988932,5.9495406197234,-3.654169924749579,1.023845918612589,1485.2451964518573,True,1483.6763511350784,True,1486.5634371466622,False,14.97766788884294,2.165231463494835,131.6164769466936,12.188697823135627,1483.132986169512,False,24.797240696341834,2.891670858371029,1483.1101907231296,False,25.58490914273986,1.645811320044535,1481.567769213289,CPL,6.1350057287277195,6.108581921789437,7.430450977150258
bn210524208,4,9.588000000000019,9.716000000000019,3,True,-0.5930128352743074,0.48669765397626563,70.40975141731151,17.153028808258917,-2.901479981430497,0.9362922585481552,-918.5601477009526,False,-920.2706984100657,True,-918.510023047604,False,14.595908686894836,6.304678268415507,107.05440746925487,43.68069902743199,-914.9255837360128,True,6.216008821301588,1.4177255765197816,-915.3181980190752,False,49.54710293283209,26.86290411345717,-916.3024673578734,Band,0.7580503181226277,0.03176894780767725,0.41556068840873195
bn210524208,5,9.716000000000019,11.25200000000002,3,True,-0.8317862169755714,0.10582628388498361,88.0131809192121,7.27131521963851,-2.9348484518308675,0.44049423326315207,1802.8009946367608,True,1803.1953328064446,True,1803.2507852331532,False,10.149509478918622,2.381854931069947,112.03246934359882,17.138630860795622,1805.0716021971834,True,2.3170987172717648,11.945774117933876,1806.9138634288622,True,116.81899130079653,48.047324235755354,1804.013261002652,Band,-0.11286879210138068,3.1820718037927236,2.1791830359697997
bn210524208,6,11.25200000000002,11.38000000000002,3,True,-0.30805575112165334,0.23769713172523205,120.64764621910905,20.753544239124203,-2.234672826199352,0.25539920640403235,-775.2649137309935,True,-776.1226252426341,True,-775.3705828747137,False,897.7597739233341,96.50595785333257,120.29454968609312,15.015551630399486,-772.5288788718624,True,24.927675188593994,3.278029764652983,-774.2249530803122,True,25.815742924770557,2.8265249908146313,-775.7962518870554,CPL,2.960039349318663,3.673626644421347,1.1582959971486844
bn210524208,7,11.38000000000002,12.660000000000021,3,True,-0.5909580542268135,0.10649169007953183,79.23508019627711,4.98306040593129,-2.6903299931717837,0.19796235468307466,1661.4105219924222,True,1667.9470697360266,True,1662.6169267755813,True,19.114906633518164,3.9766808605087443,109.56386867770031,13.783645039061817,1665.1333547995182,False,21.274563628664815,1.8308808485121677,1661.4274710713707,False,199.990131420871,1.229040402581262,1666.0095367031338,Band,3.983050921051472,5.937533032892816,1.4835719760631036
bn210524208,8,12.660000000000021,12.916000000000022,3,True,-0.8476226289479885,0.1215297092790587,87.4774589956414,7.897172873017858,-3.1520571677721136,0.63343534790871,-61.35246998886805,True,-61.95417633033992,True,-61.207039479470694,True,26.587796311716044,12.845701188400819,164.35739227084312,39.23847938242797,-59.73711524193632,True,29.589268599179476,4.366489340064279,-61.119540270805416,False,35.450902008573394,4.2336077926382085,-59.85991528410244,CPL,3.7670702819373645,1.9057389537625227,2.5300757624656285
bn210524208,9,12.916000000000022,13.300000000000022,3,True,-0.675067173427151,0.17226057616065865,71.04737636295837,7.825523192824011,-2.5126364732165056,0.17505301109074511,426.32472954531255,True,441.21053486699816,True,421.2250332751963,True,22.525835424265768,9.360764034892538,149.57474483779689,93.08145703512079,423.1294986779835,True,7.293671604686909,0.9804671840486026,421.25232804313765,False,105.06728056809261,34.016500899142805,424.1853764539263,SBPL,9.072401502174898,21.025158413071836,2.0955345972128043
bn210524208,10,13.300000000000022,13.556000000000022,3,True,-0.2610130051812496,0.48991627380619857,43.981913565686824,8.871345135175407,-2.2183586390044585,0.1295607054385468,-79.26963618914388,True,-65.80741644578458,False,-82.80753016054987,False,15.31105125824027,2.2784079332505183,95.98919654591784,119.98088829755712,-79.9661083438091,False,15.536165155244202,3.7054991300395157,-78.03988892678792,True,8.758973422891911,1.5022079599332168,-74.65417249374708,Band,2.770252737644043,12.8467560479625,1.1585781832592232
bn210524208,11,13.556000000000022,13.940000000000023,3,True,-1.0154605040155176,0.22426744248107672,54.01239024172645,9.228075856488061,-2.3074249367517856,0.16557841754491487,298.3023972318959,True,302.52197810301067,True,298.35973304290053,False,10.658557829552224,3.36162604303249,85.69839583401291,135.05690772687433,300.5570605168225,True,89.15739229854671,12.912539685306015,300.55585400860065,False,87.87664473398708,34.405639135299126,298.77842244412943,Band,1.746543223295248,7.743555658881235,1.8026725260780267
bn210524208,12,13.940000000000023,14.324000000000023,3,False,-0.854685358861348,0.4322504720790806,33.63290954128105,8.877006493485606,-1.9765448677309192,0.09386622739863859,304.15396417069286,True,301.26579948942975,True,304.3415500805346,False,10.00337248120581,0.33809950927007204,208.83880877935738,85.62421237796782,304.96075958582054,False,36.71664482282376,8.441353283601979,303.6241471632464,False,32.07323473963442,3.5031047748095325,300.51223462211976,CPL,4.529817007446468,4.75356486730999,3.380790494714063
bn210524208,13,14.324000000000023,17.140000000000025,3,False,-0.978538511707828,0.1948496760358317,30.00026885832144,0.07308733012369295,-2.19791316505338,0.05953867199937424,2414.37384713257,True,2416.162087299893,False,2412.7287984740256,False,11.57203942576202,1.6507906854195893,199.57949962359277,40.3060714159801,2412.3132128350635,False,37.8026900609989,4.9052888859145725,2413.9336637136494,False,33.93942017781734,5.735106982605785,2410.704128548393,CPL,4.440183418920697,9.457958751499973,4.415585638962057
bn210524208,14,17.140000000000025,20.34000000000003,3,False,-1.6231117004482984,0.183636563134007,30.000773674417488,0.07129830717731522,-2.357465852462428,0.16047774379865243,2568.6959666219664,True,2567.842623051279,True,2567.944826701593,False,29.908772344926824,24.475083395390307,30.007738521738528,1.644332378499831,2571.9903232600345,False,2.066115265587891,0.5175594956474441,2571.6470578017233,False,40.144230665016195,12.613027387560235,2567.932672935493,CPL,1.048908820243014,3.9099501157861596,-0.04549655844175504
bn210524208,15,20.34000000000003,22.77200000000003,3,False,-1.531502614718428,0.3320957326992684,30.00000000043137,0.00018625799434168755,-2.2078477615399725,0.16345930858620328,2225.5052012586434,True,2221.928301240516,False,2223.8141971193454,False,31.352056149033974,285.70277847622805,96.20516351337267,30.18590740267029,2226.013591325247,False,3.922581317148255,0.5125625127349329,2225.1344801590176,False,29.644996850384736,5.6666994536586675,2219.4048684467816,CPL,4.3707210996258254,6.523432793734173,1.8006057940983737
bn210524208,16,22.77200000000003,26.868000000000034,3,False,-1.279557050599424,0.5471593623021783,30.000050799438934,0.05968475775986093,-1.8315677779094865,0.1310188127256574,2728.8203913466245,True,2727.3220830406703,False,2729.0037442920443,False,38.595621072769326,17.636437191751167,66.77696865601224,24.472361663603433,2732.5731132291703,True,4.02028409922498,0.5378427951560028,2729.900483398799,False,27.933802098074167,8.787033224027116,2729.0578897678456,CPL,2.9199079478253225,2.264193272824741,0.4306310628739993
bn210714331,0,-0.6519999999999904,0.5000000000000107,3,True,-0.4742437237078605,0.37035912605622573,399.3394484147189,216.66956761406126,-1.7802598288966556,0.13668143939434785,1560.2573555474871,True,1560.9208176783095,True,1559.8145029498892,False,899.9370429581435,38.72787142136474,4003.9176086507946,797.2445754831024,1564.0011092773398,True,2.1430465739129496,0.47594499437084326,1551.8694298094144,True,1.5646612777511841,0.25604262640703856,1557.3220578641701,Band+BB,12.387925738072681,7.598759814139385,-0.18660632745059047
bn210714331,1,0.5000000000000107,0.884000000000011,3,True,-0.26683536939206043,0.3046885721372383,207.3536051283896,61.767626682267064,-1.8343178067910413,0.10745925604370632,504.5857660467997,True,512.625127285148,True,503.6394905368419,False,28.15865894439971,6.829675327978421,1067.1578133872615,1011.2187371518936,506.60272848231807,True,112.29081053794201,43.02812254360225,507.2595179664521,True,31.711218870780407,6.328087412715137,508.2851962933369,SBPL,1.3262480803475682,8.339930991811116,1.0367620545238196
bn210714331,2,0.884000000000011,1.3960000000000115,3,True,-0.4965075116943663,0.13254519863331043,177.02191648223786,25.60332177306354,-1.858496880709107,0.06912985168505137,858.4185820514867,True,894.7282054730575,True,860.4720425245366,False,nan,nan,nan,nan,nan,True,22.979028302483606,96.46251728913722,862.4185539232269,True,30.541455672289075,3.3346077560879,867.6381605337131,Band,2.8128259828008595e-05,31.090044939344466,nan
bn210714331,3,1.3960000000000115,1.7800000000000118,3,True,-0.3376426980037176,0.4368492613126473,94.38028275616296,29.028640052123077,-1.8596964021305913,0.08506592565416082,612.5876138075213,True,663.7356608756461,True,611.5930079789593,False,38.55316701638265,7.584483462754671,4999.9999996960505,0.06922809043408051,614.8475152492813,True,9.475762930017414,1.8602861449915373,613.9844381423408,True,21.47520366712764,2.115205035252849,619.4425931458873,SBPL,2.6031756651805154,48.29306772975883,0.7454927296780625
bn210714331,4,1.7800000000000118,3.188000000000013,3,True,0.08158209467924363,0.23827044112847826,53.244403848436505,5.01632740910707,-1.8909253414271372,0.027538760630459347,2023.4533032262389,True,2235.155886172053,False,2019.1714218862785,False,34.02954334348108,3.016472858420986,4997.135425414073,1537.9229599913813,2027.139964600718,True,7.694723866221881,0.7161202467534276,2017.7429666779317,True,16.590263490705063,0.8452101906161085,2104.2837954424376,Band+BB,9.710336548307168,134.8720907296156,-3.968542714439536
bn210714331,5,3.188000000000013,3.9560000000000137,3,True,-0.8604178985095761,0.1724702767912643,73.11988604807937,12.287319233150374,-1.909751196935541,0.04269470407896536,1310.820051864238,True,1354.9666921676455,True,1311.9617917156334,False,33.855196485134364,6.573364177852657,4999.618904055512,150.43224305934382,1315.9429885010102,True,4.199187641525307,0.5210659879242163,1312.7410351680137,True,14.999148381345128,1.4477197786261273,1323.8373205705088,Band,2.079016696224244,35.129371597136696,0.018803214623176245
bn210714331,6,3.9560000000000137,4.8520000000000145,3,True,-0.44703300166202564,0.41853710912417735,44.29589127621016,11.333130245994916,-1.801408310580812,0.0331235667630736,1497.3224994026875,True,1511.6439415185414,False,1494.6945811767607,True,14.772525053033833,1.1740559993239525,589.9918113024427,227.20511332766992,1492.472129472455,True,42.474547261686205,16.51499287840582,1499.1989250073616,True,8.576990562213902,0.9332411613962401,1495.1116749101852,DSBPL,2.1235743953259316,20.532266608356167,6.22245170430574
bn210714331,7,4.8520000000000145,5.876000000000015,3,True,-0.5170499379403038,0.3901771071785263,49.93882343103743,12.831544051489768,-1.7882167585523547,0.03539367491575118,1580.3968831910531,True,1627.5886233298986,False,1580.2826511166743,False,18.98579218667673,4.713965463818003,4999.997446083655,2.06428522607348,1584.7927484812276,False,23.972743790094057,5.867675997491688,1581.5218683387793,True,14.436491218697093,2.109115141258348,1592.949288188155,Band,2.8750148522738073,38.639335141743686,-0.5100973645533031
bn210714331,8,5.876000000000015,7.412000000000017,3,True,-0.7423263819209815,0.3192643966954907,59.00472328583223,17.1903006855612,-1.7800545718530638,0.03807561893654998,1965.5216518795253,True,2002.581746425843,False,1964.0235166179755,False,18.843397966992956,6.627252081890807,4999.999789362155,0.671815402451557,1968.9566779679833,False,22.30250646398237,4.86457398388728,1965.989744661066,True,15.237083358872432,2.1736652777407235,1973.9237260925408,Band,3.5319072184593097,32.65802033330215,-0.933161350007822
bn210714331,9,7.412000000000017,9.588000000000019,3,True,0.11493827173749106,0.08224231438166045,36.25216127434131,2.254207110332537,-1.75075864557488,0.026101397344419852,2395.2761850498237,True,2438.2090296451365,False,2393.177204092924,False,16.68948449950341,1.1554478820111012,4999.995668959986,5.8787255744755385,2396.595344878207,False,24.21597815964625,5.17667242998586,2392.2070431769534,True,15.100510679995281,2.757752119866855,2410.0893877522685,Band,7.069141872870205,32.119641892868,0.581859214717042
bn210714331,10,9.588000000000019,10.86800000000002,3,True,-1.3468999996118307,0.11934440492767939,194.8376072046442,94.78281959036838,-1.806245465249017,0.06801702402412335,1751.3550012737755,True,1754.2123866083907,True,1751.7384888255947,False,20.264203671460454,51.857931884129655,4061.129303836921,991.1064088933595,1753.799242401601,False,23.58717471863014,6.723007972037549,1752.998297439784,True,23.61217664684793,5.729731562868216,1750.9974278248505,CPL+BB,2.35670383399156,7.214958783540169,1.939246423993609
bn210714331,11,10.86800000000002,14.964000000000024,3,True,-1.5008676112945982,0.11212642360307035,313.7770458010311,409.3164784102098,-1.856253720550649,0.14204467951800837,2912.5618312265265,True,2913.4872580618007,True,2912.3463192098557,False,46.59071783736072,33.44869122880995,3610.6264238209665,1052.4644732027227,2915.6483418943,True,25.926869757293325,5.07108549577042,2915.2797332885534,True,25.968659966794263,10.603848993091352,2913.2837383648475,SBPL,1.2820979379730488,4.203519696953208,0.6979773155558178
bn210714331,12,14.964000000000024,17.908000000000026,3,False,-0.6007737980128086,0.4447918338772793,30.002127754957133,0.45223565154035583,-1.6741617946116896,0.03635155953235447,2566.521234463278,True,2565.472244121016,False,2566.819033987484,False,10.312569943741117,0.8565206839133452,4999.961722040877,14.209859911063631,2567.8914768852696,True,8.285291785811562,2.8175491967013584,2570.277009615391,True,8.240430280858343,2.7119212740327585,2568.301394853439,CPL,0.244224847886926,1.1708492675770685,2.9275571022144504
bn210714331,13,17.908000000000026,24.05200000000003,3,True,-1.4735218943949115,0.07581473678236961,433.5242719196288,270.97672940868534,-1.8897025376457406,0.15581992688192292,3261.0854685946133,True,3260.676670101393,True,3261.219303456989,False,279.579071933135,247.0491534804595,3572.766661818764,1057.6471765186448,3265.2418766838073,False,45.978825775696656,14.370016999770485,3263.4149874068726,True,44.86686906962567,15.770319158404638,3260.285026614236,CPL+BB,1.6704811877407337,4.3916434871571255,-0.022573226818167313
bn210714331,14,24.05200000000003,36.084000000000046,3,False,-0.5758619216982954,0.1304488487609286,30.00007014659573,0.16333475979549128,-1.7150831703557015,0.03858808221544252,4012.647726187766,True,4011.988873065251,False,4012.82261663569,False,nan,nan,nan,nan,nan,True,4.082202692546224,0.7092514635466785,4015.7565218949376,True,9.390665459202166,2.5821444739803368,4014.356109480961,CPL,0.8912042928282062,1.6327635842899326,nan
bn210723615,0,-0.2679999999999728,4.980000000000027,2,True,0.37715540538781855,0.1875663149354195,221.48386021614326,13.57725479118099,-4.913362926827638,1.3714763209788825,2389.4353760817903,True,2387.5931887779975,False,2389.5419674220398,False,184.25055671591204,27.91395248698082,30.00847247725043,33.34580612328079,2391.925947104957,False,6.382730339817042,2.979264090739973,2392.6594129275263,True,49.609138055429305,6.239291885973447,2390.4948571159157,CPL,0.7759631542639909,1.0983316620818186,1.6160203170829845
bn210723615,1,4.980000000000027,17.26800000000003,2,False,-0.5525790234415789,0.12360287223064412,104.59762924163624,7.530023084403176,-4.999992904496798,0.009011879324075878,3002.110207214539,True,2999.8423004653987,False,3002.5758444025537,False,71.28609946045823,41.33781294703685,51.04705606470714,92.56992155950542,3005.9085122954757,False,33.51425045206363,8.910062870503587,3005.329978048887,True,4.263463635096889,1.3249939927279655,3003.310836657263,CPL,0.7802291656521447,0.531463808135868,0.6673321070779821
bn210723615,2,17.26800000000003,24.052000000000028,2,False,-0.9035313858848578,0.2737035250116066,57.557101184022414,7.139532482177692,-4.99869303492402,0.4423731363850658,2577.3695548404894,False,2575.3619023549018,False,2577.3277712290483,False,52.83192115832583,58.139527755398966,30.000293641512975,0.6829977486871499,2581.2469317477025,True,15.054120765273717,3.3320071252363963,2580.8719843217286,False,1.4403111701940603,0.2413676113746286,2577.3133644910135,Band+BB,0.4975705187607673,2.048537863888214,0.08083948134571983
bn210803497,0,-0.1399999999999828,-0.011999999999982691,4,True,-0.7715253313007188,0.6121641768963764,77.58464339166743,25.762803428008574,-2.496961815358169,0.7457119698409562,-725.3176875624931,True,-726.8810619046621,True,-725.1150300449151,True,21.456029966890714,190.55106367598052,73.6278030845213,17.302198321852785,-721.2545455843964,False,18.733002605309313,4.494389504793942,-721.6914982898447,True,16.79277587218212,6.627887337304692,-723.1478909995615,CPL,0.3738107273516107,0.2668290948993217,0.13951553948129458
bn210803497,1,-0.011999999999982691,0.24400000000001754,4,True,-1.430691405225725,0.0970516190850802,254.44243842342723,89.98724421622654,-2.8641832807546197,1.0184418709197098,344.13649305399144,True,342.20259320680555,True,343.98845130730547,False,31.902906312560944,64.8275670247078,1076.793328311502,1031.0090564891964,346.84099635518135,True,10.392753919715854,3.828660919812037,346.9149879080718,True,103.00665961561788,11.058893706848103,344.0136226064081,CPL,1.2215051459196502,2.188970600397454,1.1474549521241215
bn210803497,2,0.24400000000001754,1.3960000000000186,4,True,-1.1697653501104657,0.04780855376013471,327.035877868302,56.404809937112816,-2.5639698911096738,0.41390291253563327,2679.821315520586,True,2678.4791093082927,True,2679.1601278761846,False,39.2294835374509,6.819689356761703,757.4235217954487,137.34984434372728,2675.5378228814016,True,7.377306028885621,0.8921140106557228,2674.705965443721,True,8.749996146992757,1.3137739489922136,2675.0134844110744,Band+BB,9.115350076864615,7.465624897218277,7.622304994783008
bn210803497,3,1.3960000000000186,1.780000000000019,4,False,-1.1181986737345708,0.0731172316090013,243.26267774461834,32.086574000869916,-4.999858446398784,0.10549581696825294,1002.3574152359179,True,1000.3517298440177,False,1002.6816461268229,False,82.37657004818641,149.9672190321342,274.7769169361483,82.25195696581828,1005.6607671011532,False,13.702205174839785,5.438025735158875,1006.0443428339764,False,1.0000000605337602,0.0005294646276901016,1003.888771360668,CPL,0.31307240194144015,0.4629584833496665,1.0208790256697284
bn210803497,4,1.780000000000019,2.2920000000000194,4,True,-0.5156263281597555,0.3598138899819507,75.70015252878238,20.559860250101906,-1.85968464499733,0.07049129496973672,1451.4120928449815,True,1454.0189753642721,True,1450.5740705461217,True,22.74194909658598,4.772858943378651,309.2568022923301,107.12983407165596,1453.4634707773846,True,68.19421298297641,12.037869310150022,1450.7397419046001,True,10.594694095876624,1.2706644708524122,1449.8617438542146,CPL+BB,4.6723509403814205,8.1572315100575,1.1105997687370746
bn210803497,5,2.2920000000000194,2.80400000000002,4,True,-1.1669206218035675,0.1262534800611398,160.60637461052022,36.1671619477387,-3.9271813312980677,1.1704864675648616,1306.516547335215,True,1304.5068549400567,False,1305.380107877525,True,15.694625496901102,142.2462404197147,151.89619348729437,19.69025945889608,1307.1058103407768,True,4.091595536623479,0.6976106089992067,1305.0038336688244,True,4.020119943946897,1.0313142462028682,1303.1813330608468,CPL+BB,5.512713666390482,5.325521879209873,2.274297536748236
bn210803497,6,2.80400000000002,4.340000000000021,4,True,-1.2390074621158744,0.11153232679069891,134.7923942992748,22.984595023787968,-4.348596889143936,1.106224973176311,2882.3024091642847,True,2880.318545759195,True,2881.4051620122555,False,38.83436856165575,7.194949189775125,69.46153490043777,100.76767586703522,2885.078876286874,True,89.11569322296026,33.836765481312824,2884.5106480570685,False,1.000013612096005,0.0027068809336174837,2881.635098465479,CPL,1.791761107216189,2.6834472937157443,0.3262857253812399
bn210803497,7,4.340000000000021,10.612000000000027,4,True,-1.4479273246285937,0.13726080340375313,45.78033534718498,4.223187107092844,-3.827604084748633,1.1377928689433732,4888.988404301473,True,4887.005938296361,True,4887.402563566262,False,15.845793386659476,17.781056855027487,30.008882333082816,0.9368204744817952,4891.5915155271605,False,5.836199037075493,1.0815472023466346,4889.238592592651,False,25.875583676691427,4.664514288083881,4887.109070271335,CPL,3.749811708821653,3.8968680250254693,-0.18895196089852107
bn210803497,8,10.612000000000027,13.30000000000003,4,False,-0.08261354751902734,0.9938479183226351,30.000258107160697,0.13879408746545963,-2.6052751518782493,0.381226406498272,3693.3516605345785,False,3693.02480343175,False,3692.598448841665,False,12.340921255259795,2.7658465351870447,30.0011482402091,0.2803212560073707,3695.474293940218,True,4.6381309089713705,1.0304840721210442,3696.181001831672,True,7.093409593932277,1.909694422760004,3695.4714647100736,CPL+BB,1.1706587029066213,1.5533387216764822,1.1241549014466727
bn210812699,0,-0.1399999999999757,1.716000000000026,2,True,-0.9338589228530182,0.11347801443666183,428.72117347113624,51.191060044157354,-2.884378133883435,0.6387751089160101,1424.7717343400789,True,1423.5580148716494,True,1425.757818816961,False,89.4280709955898,171.44504192203823,525.7061665507922,75.65540451221833,1427.4030394442757,True,28.4005830078639,9.615429575213987,1427.970927650312,True,27.826822017169903,8.77050180124985,1426.8311969675065,CPL,0.8008066897668868,0.7268179041429903,2.3547793726852433
bn211116586,0,-0.39599999999999014,0.37200000000001054,3,True,-0.9867804967089433,0.10942622153585635,1124.901561003049,326.56721136975426,-4.996113509481886,1.0924152049871372,1099.1528923233561,True,1097.1547292162713,False,1098.4985738270184,False,11.0906092454907,247.0359736644563,1154.0853432206725,237.5139045460607,1100.15159962354,False,9.98741372987769,3.8705894869637563,1102.3399764876253,True,9.981154266582292,4.551878939640145,1100.313596163552,CPL,0.8129158357307915,0.8411330527194423,2.3469742034783394
bn211116586,1,0.37200000000001054,3.188000000000013,3,False,-1.0081232688766282,0.04116762428629017,398.0631416603076,31.615354473932967,-4.999933270804273,0.042925373367145525,2598.699855001724,True,2596.6030038491663,True,2599.142893239311,True,16.375324974987727,2.521455020814755,366.6246272890822,30.891609827058204,2598.3543629694514,True,10.257066581179172,0.9265114933859326,2595.079440822374,True,10.419652021320758,1.0884145070268776,2593.3439966041205,CPL+BB,7.620414179349609,7.259007245045723,4.788530269859621
bn211116586,2,3.188000000000013,4.340000000000014,3,True,-0.9799872995631775,0.11557170756524682,176.79711992641523,25.57004551328417,-2.612312484255507,0.5027705121822379,1554.8741623757119,True,1554.1716224630475,True,1555.3245616253253,True,45.55163097247747,231.38853788318008,163.83267538861776,14.258741597543718,1558.0787892962967,True,1.4088966582896587,0.2282824468274801,1557.8871833616604,True,1.3535053783598263,0.2083921278580635,1557.3574361719718,CPL,0.9869790140514851,0.8141862910756572,1.2457723290285685
bn211116586,3,4.340000000000014,6.900000000000016,3,True,-1.1674946682913088,0.13043203283285598,120.21716823882028,20.390924103363446,-2.540496390668526,0.39519601678651517,2371.418562181537,True,2370.282572690166,True,2371.519293353508,False,10.06183343283064,1.9419748565722088,112.80797767895855,19.010335572021525,2375.4206629505757,True,29.552155361598196,6.406319612489474,2375.0711462179347,False,1.0000836192894653,0.02882739643394583,2374.249756209038,CPL,0.3474159636020886,0.03281648112806579,0.0986304029324856
bn211116586,4,6.900000000000016,9.332000000000019,3,True,-1.0428951835008493,0.2853967301462774,77.38034185314937,17.83314047645113,-2.2241417157100036,0.2081914294980829,2330.947133317777,True,2333.7643536488463,True,2332.264737903787,False,899.8466490817432,86.04623968732574,35.37406856368642,185.6258827323737,2335.62499436614,False,17.15471058480876,2.310794838765956,2330.6636370859333,False,17.13564783347246,2.5691795593397107,2328.929074694731,Band,4.283496231843856,8.835278954115438,0.6397435376470639
bn211116586,5,9.332000000000019,13.172000000000022,3,False,-1.5814624460951539,0.13366304302565168,30.00013280097917,0.4466147173328139,-1.8698466116873427,0.06444736754467684,2800.999406490602,False,2799.168168751915,False,2800.9796399442794,False,899.3730207448251,157.78867868004815,4999.999473784817,6.808490882417118,2805.0577515150057,False,10.332917682486729,3.410405566102143,2804.3340009163812,False,10.270497852858202,3.051075492998847,2802.4457205170092,CPL,0.6654055742205855,0.7224482349056416,-0.07811157072637798
bn211207416,0,-4.043999999999983,0.2440000000000211,4,True,-1.0806565141207718,0.1880087713450453,113.08979009989001,23.9130756775877,-3.599445614439803,1.106742469592365,4123.676494101451,True,4121.7050157077965,True,4123.913096887272,False,27.78201839321211,14.908068162711606,152.99671283918536,36.21062359896521,4126.878105933793,True,47.33280807593829,15.03288795945575,4126.838322772218,False,48.585148518133494,15.818529895275665,4124.95941209551,CPL,0.8381713292328641,0.7456036122866863,1.0349909534788821
bn211207416,1,0.2440000000000211,12.148000000000032,4,True,-0.8895789805251024,0.08377409255035645,149.01739060994964,17.516451652377526,-2.4757524615598885,0.297413353354653,5659.571611551151,True,5660.659655575748,True,5659.527908881365,True,31.302882544967943,8.173291398262917,159.28006571648277,27.914938029321334,5662.581326596593,True,9.165482174977804,2.5648229417076083,5661.8678111881845,True,10.724529811602377,2.4085809498036337,5661.730171089679,SBPL,1.703800362966831,2.929484486068759,0.9465822847723757
bn211207416,2,12.148000000000032,24.692000000000043,4,False,-0.9189742816364341,0.09281822934568124,122.5620114432906,12.298265846226997,-4.999974485333446,0.024251560893764346,5790.89025400902,True,5788.820736670066,True,5791.379257711237,False,28.251344423036713,4.5238818540528065,173.05527345284995,27.301061201436667,5789.365251230547,False,8.986304655679211,1.5186888176919746,5788.268674237733,True,8.956124838264293,1.0866083086309417,5786.19349558658,CPL+BB,6.621579771287543,6.627241083486297,6.014006480690114
bn220525008,0,-4.939999999999987,-0.2679999999999829,4,True,-0.6685480623550245,0.45341702421402164,57.93864692994345,12.439178667916945,-2.194944729940074,0.22280753529348718,4039.3170744517906,True,4043.182787458917,True,4041.161491120829,False,nan,nan,nan,nan,nan,False,12.833341069619978,1.2947747204665196,4038.004064976994,False,12.728254281773014,1.6135658543669384,4036.0467809536817,Band,5.313009474796672,11.1360065052354,nan
bn220525008,1,-0.2679999999999829,1.3960000000000186,4,False,-1.0970712501375206,0.09244415259507588,309.76798019394266,66.46282900148893,-4.99729941074521,0.49491134774568435,2676.4751903967353,True,2674.4514873697626,False,2676.7310964146436,False,10.411432249828637,10.900925352865107,263.72288396813366,66.49378912679505,2680.9037796642447,False,1.2559538349034036,1.226181598611583,2680.467591991163,True,10.793937300911063,5.421169585337745,2678.353042978275,CPL,0.00759840557248026,0.0984443914876465,-0.1726832496010502
bn220525008,2,1.3960000000000186,3.06000000000002,4,True,-0.7550642728302243,0.08994131172463288,253.5688531943965,40.40792760869135,-2.1971045308803685,0.21791108829556116,2753.0990435452404,True,2754.806639361628,True,2752.8702330065853,False,385.7024678820712,223.04761503569884,36.92672683682773,12.350279129220393,2756.469204790065,False,1.0000007505933382,0.0007966284463264417,2755.1212739894327,True,30.81510063009817,6.9460725769011376,2754.982178628806,SBPL,1.977769555807754,3.82446073282199,0.4010282165204444
bn220525008,3,3.06000000000002,5.364000000000022,4,False,-0.8674662397133752,0.040478919368162836,277.5231311770801,16.991925201070757,-4.999992935890018,0.012633531958392119,3294.7509534097417,True,3292.689846129588,True,3295.143573225024,False,121.17751548334286,13.480436199861622,71.32803583697155,43.696052180034776,3297.155448285823,False,1.0000000016971036,1.9619250117952625e-05,3292.568738318767,False,1.0000003097127041,0.00027408754488722487,3290.5080158793617,CPL,6.182215090974751,6.18183025022654,1.9881249392010432
bn220525008,4,5.364000000000022,6.644000000000023,4,True,-0.740347109019483,0.08277328267662676,180.8102154733081,14.605792639227118,-3.362503315241495,0.9594941895212981,2420.777600380382,True,2418.918610926879,False,2418.8162380045937,True,42.45433390951914,286.1513450962171,155.5456073304816,5.152045621083801,2418.9344960094304,True,38.27943936200836,5.32234593666028,2417.7482179358512,True,48.767728708936986,9.77004018670517,2419.676569291597,Band+BB,7.029382444530711,3.242041635282021,3.8817419951633383
bn220525008,5,6.644000000000023,8.948000000000025,4,True,-1.0347718125583225,0.11087535660096881,124.04050970898238,17.15063231071229,-2.6503402631437565,0.47196808476888497,3131.2451009004767,True,3130.2069057728845,True,3131.397110139702,False,10.527419127421693,1.533721728395868,124.41347939930945,15.227606399941124,3134.5337493044276,False,28.860817133688172,4.815205455852627,3134.25143788464,True,5.716289419053122,1.5567452611269958,3133.410205025202,CPL,0.9936630158367734,0.7967007476827348,0.8633608352743067
bn220525008,6,8.948000000000025,14.58000000000003,4,True,-1.0455509082463172,0.1957211200186758,45.50732727030486,13.479561054169718,-1.9120520395484928,0.10028461491666651,4345.388438647135,True,4347.210795487929,False,4344.281433135624,False,nan,nan,nan,nan,nan,False,23.91358509636768,10.443979749687925,4347.429222173917,True,5.815507574583989,1.2920602558745404,4348.30485687454,Band,1.9592164732184756,2.9059386133894805,nan
bn221201517,0,-0.39599999999999014,4.724000000000014,2,True,-0.8095365415922396,0.20003535432317004,151.2952879660366,30.40501619310791,-2.2784671412647053,0.2380476107491667,1993.901190743913,True,1996.6044439422512,True,1994.0218063757147,False,16.572008990162892,0.7272228600525708,178.91552527964708,23.79041922498942,1994.9844431413562,False,39.20903683039325,9.803796415606334,1995.215585894804,True,27.092941198411502,8.216991731810065,1997.7969053029676,Band,2.6856048491090405,2.807538639283621,3.0373632343585086
bn221201517,1,4.724000000000014,6.772000000000016,2,True,-0.5868010576635292,0.2203932784293451,207.98548867795958,46.80691467541132,-2.5065352681571733,0.41991264338291945,1354.3289359911382,True,1354.4947896564947,True,1354.1059480150486,False,22.38491096466353,3.2600208491881926,224.19764879080532,40.486165069231134,1353.7212923372526,True,9.912916455366469,1.695752988264251,1355.070487292485,True,28.33155580592796,8.768105586372338,1357.4240467855038,SBPL,3.258448698653183,1.0707428709908982,4.38465567779599
bn221201517,2,6.772000000000016,7.924000000000017,2,True,-0.4014114573794576,0.11408523762329431,233.92238816789995,21.64047573998357,-2.8835972811840884,0.29911430670480543,993.7500503179278,True,993.5368900119765,True,992.9378290456219,False,24.98597702628616,2.3669291751431683,252.13469191146496,29.327703531860422,985.904588937221,True,13.15290785834203,1.676075088350534,990.823666340787,True,15.771716310218972,2.9931402295694944,991.6015036738305,Band+BB,6.926383977140858,5.9353863381460314,11.033240108400946
bn221201517,3,7.924000000000017,8.948000000000018,2,True,-0.18205123449261298,0.24849527198333765,142.18776031052187,16.742468756028487,-2.413702807300506,0.17442175447982056,896.9183234079837,True,908.5041814416843,True,899.7231858298463,False,10.000048327174234,0.023711998913937826,134.87742279953815,14.449938640971048,900.7531621301854,True,30.855540214960524,2.884901145603653,895.3276761253741,True,31.644973979139873,2.722042553808654,893.8248756658013,CPL+BB,5.590647282609666,18.679305775882995,2.970023699660942
bn221201517,4,8.948000000000018,10.10000000000002,2,True,-0.3460116717901301,0.27879861323977184,118.55551003421351,15.70776068587768,-2.924296389916484,0.4833410101066604,923.9886464090839,True,923.5834301002649,True,924.2872515350939,False,15.610531835365505,6.245457821551357,118.66947688512558,16.046541127040925,927.475707543255,True,25.09034054665902,4.1578746167713625,927.9376542260837,True,130.9741535068185,43.350051375205666,925.3488757181933,CPL,0.05099218300017583,2.2345543820715648,0.8115439918389029
bn221201517,5,10.10000000000002,10.35600000000002,2,False,-0.5000660154423053,0.4927359525248026,94.48376509296006,14.776531889535377,-4.99965941957177,0.12529648315972386,-169.3875797257736,True,-171.3949288660455,False,-169.13519349459176,False,10.000034901689979,0.018700148338376188,111.8363744686952,14.468290255062627,-166.91502169226172,False,27.558942240811657,4.082141451994616,-168.28623176209527,False,25.504071508548183,3.1204145245794965,-171.11438983388095,CPL,2.898652036321664,3.7194609678354595,1.779828197669957
bn221201517,6,10.35600000000002,12.148000000000021,2,True,-0.6457728414848496,0.2648737297798862,114.65073140396998,19.348440608264013,-3.2351080026916734,1.1211782731349444,1250.8180667372717,True,1248.7259172735826,True,1249.9625588304093,False,16.542006998362247,6.964535846482665,99.85490935768097,23.942009760598523,1253.8943906510258,False,14.074650021020034,4.611877378536266,1253.1349871490445,False,54.127694678584184,5.243733804984334,1250.417293339784,CPL,1.6830795882272014,2.3086239337985717,0.0681681793835196
bn221201517,7,12.148000000000021,14.964000000000024,2,True,1.2400414541066755,1.2123249832246306,54.15922270270589,12.857757446534933,-2.357637154614271,0.21622091465099236,1544.7962154232303,False,1545.5435753613613,False,1544.1141231576435,False,15.144424987047739,10.527270787678798,62.309239836255955,18.10961637798331,1548.1007326886993,True,37.22239768863394,14.262337442000337,1547.1599351747782,False,11.536510269514263,1.7234005511847093,1545.352090513079,Band,1.636280248452067,4.1914848482822435,0.013390468944180611
bn221201517,8,14.964000000000024,22.77200000000003,2,False,1.8999904795159137,0.003019410124935007,36.07199285649723,3.713913413613245,-2.223675847364878,0.14161228893308042,2295.369266074026,False,2302.4303693857782,False,2297.571179595456,True,23.320941480625514,4.851350461531281,36.56403506040466,9.598490115685763,2297.5719923293345,False,21.391797766824844,8.11385807169157,2298.4660028047874,False,7.817072157129952,1.0781893157211058,2300.838265685943,DSBPL,0.9032632692387779,5.5921036998352065,3.9991872661216803
bn221201517,9,22.77200000000003,26.228000000000034,2,True,-0.4687526373193465,0.7587413275565797,54.21800846874658,14.215032787037249,-4.958142548427369,0.3970524212041364,1719.2523645315555,False,1717.271032892682,False,1716.437453573276,False,89.9404963320948,169.91159165147303,30.00387219004445,0.21609234206729333,1715.0665707832113,False,30.65240046455407,12.378501533830612,1718.1845456971232,False,7.629628563169093,1.623165155339581,1717.1122256178453,Band,5.067818834432273,4.15880727483659,5.37088279006457
bn221209243,0,0.8840000000000101,1.0120000000000102,2,True,-0.6384911645472716,0.10015546318052065,2534.696502739703,428.4428888847485,-4.410766084348589,1.0959832176449829,-506.3039427703999,True,-508.28570868204974,True,-506.2050782888771,False,680.7238297883758,158.87610126699374,785.5201151150499,1151.2543911207345,-504.60419119829817,True,21.68806791961688,53.132838007048555,-502.3040034237057,True,1.2978773998161361,0.19865054564387485,-505.78772629157174,CPL,6.065330580895534e-05,1.5020176095219995,2.399112909421092
bn221209243,1,1.0120000000000102,1.1400000000000101,2,True,-0.1469490978094647,0.2134316586945574,434.4460527171055,113.74724420856623,-1.8063451300064344,0.0726629858008816,-396.68836222035503,True,-378.4081352033378,True,-396.930973396984,False,296.0722180559234,71.7076521799429,4998.173997418254,431.0480549459626,-390.0048168839746,True,70.99806787295745,10.280065429898023,-401.66260791824647,True,72.38927298209316,9.752172333486726,-402.88266143175537,CPL+BB,8.974245697891433,28.474526228417574,-2.926156513009346
bn221209243,2,1.1400000000000101,1.26800000000001,2,True,-0.49679746148103476,0.08981253059422764,829.4216872068529,150.36227896477442,-2.1360399129316843,0.12236924750458877,-351.6603827815511,True,-328.0739500346714,True,-352.8066081259955,False,354.7349467452437,55.19006481895366,690.9319396433485,198.33819613270222,-350.3875953285705,True,21.537293872062946,59.991911612566966,-347.6601067052966,True,28.289640111126452,69.57863149250623,-324.2753115523091,SBPL,-0.0002760762545221951,0.2013615176377357,1.5809872025749883
bn221209243,3,1.26800000000001,1.78000000000001,2,True,-0.2735229554544724,0.0636604750594037,348.7111356225064,27.86391706199987,-2.203155159420002,0.05230816398820326,615.936029398934,True,714.525253106744,True,605.5676784348217,False,159.99778398863873,10.068311226269316,30.017518157581726,13.952254476564647,607.6253319600271,True,41.806718899022115,5.188301010494204,606.7341892171287,True,50.82584175188949,2.5967093489470336,637.5854976586808,SBPL,13.201840181805323,80.93975544806324,1.94234647479459
bn221209243,4,1.78000000000001,2.1640000000000104,2,True,-0.44498065715677776,0.0782998416105457,301.0196813324017,32.01917630173216,-2.250747749351843,0.0879700812356985,357.60017250647286,True,386.44150037034,True,354.0077964039908,False,141.14341583282578,3.860827585989796,30.004339743548346,808.1031823936745,354.8937910222855,True,40.00473111399937,5.460804885612138,356.11732144486444,True,42.4460261496228,4.3256887717040335,358.24108773406783,SBPL,5.4828510616084145,32.200412636272176,3.11400538170534
bn221209243,5,2.1640000000000104,2.67600000000001,2,True,-0.32498043932181053,0.07809297632955076,220.22043350953274,16.621628914243317,-2.488167032321671,0.1349951313546094,492.9744250052865,True,513.0775310951343,True,494.24588685111326,False,151.12522307719658,62.27661960889915,30.078863597517124,235.7021684380571,498.11659591897995,True,11.724835158741755,5.26636745968804,496.7981907674113,True,35.299678346750454,4.969381412293375,503.9335214757026,Band,0.17623423787517822,13.1440096194317,0.12929093213330134
bn221209243,6,2.67600000000001,2.93200000000001,2,True,-0.2897453423730266,0.1505670625698547,169.0521473508151,22.007909268782115,-2.2641122538475082,0.16100666675358388,-16.882088982584435,True,-5.833232118372422,True,-16.50848515038888,False,10.949950964988147,3.1477906067694104,175.4811057369739,21.643420136502314,-13.489389430519282,True,14.971067086144501,65.41276235115286,-12.88195232802289,True,28.061369974957696,4.116563019660708,-14.380720463243136,Band,-0.0001366545615439918,12.547488344870715,0.9809042801304031
bn221209243,7,2.93200000000001,3.3160000000000105,2,True,-0.3907633650225428,0.1614438195579173,141.3718495638513,17.744184964953966,-2.4061450970789906,0.1841584198913384,219.00102615088025,True,228.24794641287843,True,219.5341726756303,False,91.68439921101424,83.6986386204689,30.004671766303392,1.1568839770414865,223.29564782681692,True,25.10317609806762,3.7984526055463697,224.3130067052798,True,25.358132493952223,3.3338599311753985,222.68481907528127,Band,-1.311980554399554,9.563127337597166,0.23852484881336977
bn221209243,8,3.3160000000000105,3.82800000000001,2,True,-0.623761352828635,0.23731165536070795,131.8888131837937,31.27343445892653,-2.2756733462369794,0.2577262911807465,370.4792543881179,True,371.0178229591595,True,369.99011114713824,False,66.22176674768785,16.796227617082696,30.001752733225512,1.4183217393750187,373.93334257930644,True,19.749194296748424,4.8682817913472425,373.3558048412183,True,19.785094116737007,4.234562791892929,371.6557070713143,SBPL,1.1234495468996215,3.3621158878452206,0.056768567831795735
bn221209243,9,3.82800000000001,4.468000000000011,2,True,-0.7742826423871699,0.26921266081301926,98.65345459489943,26.604603503555175,-2.039878423889618,0.12810569013708217,518.94605546739,True,525.4523001646693,True,520.0804888089365,False,44.1388006679478,9.411840377499097,567.406645133963,774.349828885864,523.4510368071697,True,18.88807057453928,4.459883528675084,521.9388131465768,True,19.654821024329053,2.6947338462926265,518.8539141817428,CPL+BB,1.0072423208132477,10.598385982926516,0.6294520017668219
bn221209243,10,4.468000000000011,5.36400000000001,2,True,-0.9272246354927218,0.2851017803088099,101.88379719315405,27.186402607553703,-2.185249559956769,0.29970890664169847,761.1711682048312,True,761.2931842620405,True,761.6978968507841,False,39.84094155192925,15.056255900791356,76.36691923308211,365.9520411206595,765.9166399085327,False,1.1067942028223574,0.11284635332137194,763.5347595527946,True,52.32777272529484,66.11362679369553,765.2931304264449,Band,1.6364086520366072,5.383559562233131e-05,-0.21874305774861114
bn230320884,0,-0.267999999999987,1.012000000000013,3,True,0.31620985442878924,0.35409382717559396,251.68841345145108,31.306994958600754,-2.9465160655007034,0.654620166109781,1848.561156513638,True,1847.6058633271,True,1848.571207472357,False,10.140254248340211,101.82606197742726,215.5790299623643,8.056624919251078,1851.3944634635632,True,7.649393479885531,2.867632426325879,1850.3854127930913,True,56.420581658618744,3.9078698874059796,1848.9572846174228,CPL,2.175743720546734,2.6485787096771674,1.1767440087937757
bn230320884,1,1.012000000000013,2.8040000000000127,3,False,0.14689016548760844,0.14047746236712386,197.8149069988,9.828524090776526,-4.999995977507636,0.0045123192881537655,2281.7047198182377,True,2279.340114875053,False,2281.467036357168,True,12.194477907836944,197.86561420978305,164.9846916038542,8.32867921532447,2285.1170434691994,False,3.280223594740422,0.7459851284769417,2281.02257816123,False,1.0000636034272903,0.016981987991382508,2279.9338205600698,CPL,4.682141657007833,3.40629431498337,0.3499928879687104
bn230320884,2,2.8040000000000127,3.956000000000013,3,True,0.42939349985790687,0.276153242083767,168.84537416753005,12.045838433061178,-4.149639619814734,1.0797204346501612,1717.6774598826496,True,1716.0705477344445,True,1717.8314877132293,True,74.5510891822332,14.770167632683734,184.22977129637147,25.74221329850168,1721.417208205564,False,1.0000000838934986,0.0003914062195761181,1721.2069607044004,False,1.0000005161214902,0.0008893983489089985,1719.6111562894716,CPL,0.4704991782491561,0.45939144497288,0.4142795076652419
bn230320884,3,3.956000000000013,7.412000000000013,3,False,-0.3869414910061058,0.20251985125473085,154.30399153601186,16.371364396314647,-4.999859262268995,0.14170260012812053,2973.8176571272975,True,2971.822912492824,False,2974.1496918494086,False,43.799431454410886,7.762591670601353,204.23636111730343,28.419935476105394,2975.2195450124755,False,14.593382309836791,3.0439791360329336,2975.6869902280337,True,14.606662390251335,2.710133507435658,2973.6702685607715,CPL,2.130666899263815,2.1526439320523423,2.9301468369330905
bn230320884,4,7.412000000000013,14.068000000000014,3,True,-0.5778119877364615,0.604734671363509,112.38329960477857,56.215237685049416,-2.463010388004554,0.6843312296616051,3645.3915075812965,True,3643.15073346188,True,3644.8890790562064,False,nan,nan,nan,nan,nan,False,1.0000001603665434,0.00022705619520846376,3642.443502515868,False,1.0000000056041018,4.055918394796354e-05,3642.2286818204834,CPL,6.948005065428333,4.9220516413965925,nan
bn230405832,0,0.11600000000001742,0.8840000000000181,3,True,-0.0784206268542208,0.3320503347737527,173.20470940200718,34.254723495475474,-2.130341139997275,0.2017905635995002,887.6760137645397,True,891.7172698711322,True,888.0905701697941,False,91.4963766150795,13.519436942141311,478.52666615689554,892.8086496765752,890.3774939274147,False,32.54134150787874,5.072035172981803,888.7741761908151,True,32.488904570076365,5.509436318956853,886.7638012643506,CPL+BB,2.901837573724606,8.953468606781598,1.7130762423794295
bn230405832,1,0.8840000000000181,1.5240000000000187,3,True,-0.5349385294942349,0.08531057305461073,322.3056510427849,26.74530959223202,-4.996331223065976,0.12260170480434329,825.9127695044402,True,823.9567198101582,True,821.8578893680751,False,139.3750488112036,29.535406766194058,30.00610378977553,16.971760760180587,825.3038672614949,False,1.0000595795701483,0.010140563848796247,823.3890026596534,True,38.07611279281874,7.217413564494938,823.2058661085453,SBPL,6.523766844786792,4.750853701612982,0.5540221065801916
bn230405832,2,1.5240000000000187,1.908000000000019,3,True,-0.33552417549366387,0.08269281147052687,319.08472403619425,23.913640600845895,-2.7449042851496137,0.2549870457648362,342.7899390713534,True,347.7547058861025,True,341.2032845144757,False,142.27007545405672,15.123177264355292,30.003856003797424,2.669784541339501,345.53559682688336,True,28.215623887885442,7.630998673703367,343.08321301686647,True,31.585167467042748,5.053731603196439,344.0818169680662,SBPL,3.7067260544869214,7.6728889180362785,-0.3323123124076801
bn230405832,3,1.908000000000019,2.6760000000000197,3,True,-0.22847278586279626,0.09042161926268785,199.88249442244185,12.356277581803667,-2.9805292135499295,0.30516524614249985,1028.0222982031403,True,1031.7183509443864,True,1027.2187787939583,False,101.55244999715377,11.156762544262243,30.1705605647884,11.262945168174639,1031.9033245055844,True,15.577906252824485,4.607016475648122,1030.2342906492327,True,26.46869597140484,4.139363207749938,1030.9115127776327,SBPL,1.788007553907505,4.806838166753664,-0.6845457116261287
bn230405832,4,2.6760000000000197,3.06000000000002,3,True,-0.08839678220704505,0.24435078905791519,121.53759802514378,14.085796928724285,-2.707727791715354,0.3238331425842762,172.5610103241258,True,174.1636874892414,True,172.3160044412807,False,65.96360392231621,18.974188183439782,35.25069331825706,401.1742515372648,176.29034623742763,True,93.19153647374775,13.11871751838622,175.51157797025206,False,92.04327047260801,31.742408610688557,173.7199838748247,SBPL,1.0494323538737262,4.443703614416705,0.025658203853083705
bn230405832,5,3.06000000000002,6.004000000000023,3,True,-0.8381565975300221,0.1932305136906634,102.35139614869462,15.714191739628681,-2.5953614188283773,0.43793057046815087,2320.380874575501,True,2319.3880347498466,True,2320.719295910845,False,62.60932639468632,66.1707826694622,30.024260696049144,17.648580632724766,2324.721110312772,True,6.202013236317563,0.9561591135730185,2322.788191083545,True,6.689703405241806,1.9106939097305535,2322.614033375423,CPL,1.5926834919559951,0.7740013744237331,-0.001814401926822029
bn230409626,0,-0.13999999999999058,9.07600000000001,6,True,-0.5534612050151754,0.07806410001087982,197.82578713648743,17.178905768497202,-2.0754329150637227,0.09463752810777837,6915.757950012933,True,6935.478022425948,True,6916.693544466207,True,15.058295016775999,3.200425494154386,268.33335634021967,41.465906718628716,6919.824014752005,True,1.5956478169350345,0.9398620604344347,6919.757995059914,True,29.329510867395125,3.695138528064131,6924.8024300679635,Band,-4.5046980631013867e-05,14.675592357984897,0.8695297142021445
bn230409626,1,9.07600000000001,9.71600000000001,6,True,-0.39194226867368226,0.11218143664288774,331.53538784801117,42.48134357292582,-2.530758785643054,0.3398138756017486,1230.8978714231296,True,1230.9396854767,True,1230.1752038934496,True,127.25290364932518,56.99380915554148,427.14192514121265,209.3689912560648,1233.5429838545665,True,34.4566083929427,12.308775186126871,1233.4096059826697,True,34.4273775687925,7.975638789387798,1231.7123336017657,SBPL,1.488265440459827,3.2273518749343566,0.6322200388831334
bn230409626,2,9.71600000000001,11.12400000000001,6,True,-0.5453187760005888,0.04782573542911028,468.02908909225636,39.888266346327356,-2.5842373981111586,0.2523065557718387,3147.978833059058,True,3149.4427972128615,True,3142.9933269277585,False,485.1214926279394,160.47900490790238,377.1568586554309,27.079612175138067,3149.6810080376003,False,52.59812381287997,13.466437616561358,3135.945364817423,True,52.577300868251,21.57909314910376,3133.9588431384914,CPL+BB,16.03346824163509,19.483954074370104,-2.687681109841833
bn230409626,3,11.12400000000001,12.27600000000001,6,True,-0.5746118089650788,0.041142025975930974,447.11293405042164,26.5104119554164,-3.1336671601725286,0.49991838053102367,2681.354971535332,True,2680.611034134062,True,2680.6969070889645,True,188.73307127980075,58.042714084903864,413.1904538551966,130.6781898727436,2683.243810354885,True,43.992794054476015,15.331462755747134,2682.98242115206,True,44.395530760664684,11.949309247349317,2681.1472131572596,CPL,2.372550383272028,3.4638209768022534,1.4530967340792813
bn230409626,4,12.27600000000001,12.91600000000001,6,True,-0.8199489000303226,0.0716967833551907,443.97815422422195,74.37443337674515,-2.409445511715451,0.3743282008031963,1327.397456579774,True,1327.3305706136132,True,1327.3804926606886,True,158.54707431360862,192.24653353630535,431.02958181466994,424.7060789673153,1331.3068881044915,True,30.55145729821546,10.503393388271794,1329.4326575027376,True,30.462895193062,9.7916908152805,1328.906372461262,CPL,1.9647990770363322,2.4241981523512095,0.07360455619709683
bn230409626,5,12.91600000000001,15.22000000000001,6,True,-0.8078350067495692,0.06824251855360963,258.0033999385771,23.75119029265325,-4.005144849046994,1.075985257394302,3935.757981811018,True,3933.859308811544,True,3935.9664522594053,True,12.133754716088031,1.1473430289213447,216.45471643307042,23.067876362675634,3937.630562115153,True,63.98151692844539,63.72958781175625,3939.758030841738,True,1.3664595878972505,95.52581598799718,3937.8593250597646,CPL,-4.903072021988919e-05,-1.6248220617853804e-05,2.335890144252062
bn230614424,0,-0.011999999999986244,0.7560000000000144,2,True,-0.2182237253020639,0.26144942410643435,204.8217448693619,41.232373828324725,-2.2644753844480654,0.2583916853136944,809.1953519310957,True,810.6077559630863,True,808.7986644154197,False,317.8312080588932,196.78397114370665,205.53211297636318,32.082067372662905,812.954739579174,True,1.6302286791208798,71.1883252033177,813.1953373374312,True,33.98408965821521,7.101689215992948,808.654164215081,CPL+BB,1.4593664559470199e-05,5.953591748005351,-0.15607516375428077
bn230614424,1,0.7560000000000144,1.396000000000015,2,True,-0.31509377366047525,0.12493669826510194,275.9566959353011,38.029585763972634,-2.347952361465131,0.18120813115194312,748.6877530561122,True,756.6185505081124,True,748.4168928950986,True,17.36866501736083,2.1302928820419975,277.86943872096884,32.63902527052403,751.3791253530183,True,33.36501795136938,15.649347018621452,752.5388609050655,True,40.479440312342305,9.149907712743357,751.8905558212532,SBPL,0.14889215104676623,8.727994686859233,1.0377675420803598
bn230614424,2,1.396000000000015,3.0600000000000165,2,True,-0.2807447355937497,0.06535856277819327,216.48908028471473,13.4336105912557,-2.398043887899826,0.09231643161246006,1444.5258350156087,True,1493.2451245423345,True,1441.1858486541205,True,79.49194206720195,52.446602007404735,248.36615776148142,43.8477671878876,1445.1658538094869,True,23.675352266012776,7.375690489098808,1445.6636905436067,True,30.296449608463348,4.476161299770082,1453.3361576416346,SBPL,2.862144472002001,43.90896690069985,0.019994844633629327
bn230614424,3,3.0600000000000165,4.2120000000000175,2,True,-0.44994123119854534,0.09973537895995274,160.9469568558857,13.583174092025459,-2.901630737043922,0.33576387947760766,1138.120489951446,True,1140.3840335504874,True,1137.4857515971921,False,899.1941433926942,42.49182525346981,131.1546780851985,24.654916781257903,1144.446357065891,False,23.17206204863676,5.510670166590787,1141.460263521815,True,23.083121016748354,5.9284526729780485,1139.3409971090596,SBPL,0.6602264296309386,5.04303644142783,-2.9606054686989864
bn230614424,4,4.2120000000000175,5.876000000000019,2,True,-0.55349745282069,0.1586476038916591,108.62048013561622,11.80171509494427,-2.8186539663344408,0.3575560808944884,1340.1212744480954,True,1340.2330510254887,True,1337.4057275671953,True,39.44020860728665,3.35331719238658,64.63272300489731,73.79322774253819,1337.6779831477008,True,10.807161271051138,1.5072258073360159,1336.8758928417342,True,10.889966920929073,1.8681059690060922,1334.8887906921418,CPL+BB,7.245381606361207,9.344260333346938,3.7277444194944565
bn230614424,5,5.876000000000019,7.15600000000002,2,True,-0.9285148541787228,0.3104554000173961,81.7042556920082,20.596407503310367,-2.5966653046687806,0.6428047354685349,1143.9658808188365,True,1142.5115225039315,True,1143.9768795299115,True,31.089953189594635,155.0433941987848,81.68101232581206,27.4052225304717,1147.0660970376864,False,19.32428327518574,2.9478027847532005,1145.7052280651646,True,19.110113723109322,3.150194981353943,1144.167150460925,CPL,2.2606527536718204,2.3443720430063877,0.9107824922250529
bn230802285,0,-2.3159999999999776,2.5480000000000267,3,True,-1.8572401984145137,0.06348311953208163,3997.616926034694,1167.8316040092207,-2.2260733286579018,1.0599789959273436,5056.092492716896,True,5054.104693176676,False,5055.28080685759,False,nan,nan,nan,nan,nan,True,1.903471408363106,0.09267409988245856,4792.2374023204875,True,1.9020531604523125,0.07251511316046844,4790.3111573016595,CPL+BB,267.85509039640874,267.79353587501646,nan
bn230802285,1,2.5480000000000267,10.356000000000034,3,False,nan,nan,nan,nan,nan,nan,nan,True,5626.1261158118805,False,5620.152263620568,False,184.21963473032466,4.343695723392756,172.2558982303174,8.138120674905679,5608.456838066843,False,1.317855945140229,0.0,5535.879401864708,True,1.7348096545103868,0.08057228643380565,5337.465919267805,CPL+BB,nan,292.6601965440759,15.695425553724817
bn230802285,2,10.356000000000034,19.18800000000004,3,True,-0.27191951070132986,0.2745634683325213,99.14162209406716,10.746274965628515,-2.526599973021302,0.31353901397392026,4532.392589182657,True,4532.938184986603,True,4533.114411888348,False,485.8015833548943,138.04507020886635,94.43798366508126,8.199364414013573,4533.434662608879,True,1.5590434938627395,0.17255793148402776,4502.098897635381,False,1.4856667002347894,0.18698296553431937,4506.65913188537,Band+BB,34.29369154727556,30.27905310123333,3.679749279468524
bn230802285,3,19.18800000000004,26.164000000000048,3,True,0.4651317371394698,0.6887239928637131,72.51672135703205,8.618513278259414,-4.327215752395578,1.146617039837681,4044.2773295686047,False,4042.3560827013557,False,4044.9784007736966,False,288.57194925623776,224.94670374016584,79.46324447190645,7.432738255915275,4045.269306879673,False,1.0010338315324427,0.04335898227340784,4032.629129520944,False,1.001490702412164,0.06077580208313249,4030.744198708497,Band,15.648200047660794,15.611883992858566,3.709093894023681
bn230812790,0,-0.011999999999990352,0.11600000000000965,6,True,-0.7624910898185324,0.028545713950001772,2544.00717693249,153.46518249719475,-3.609357697554797,0.5486134105468339,-606.4567197127639,True,-606.8731891252041,False,-611.6628644392513,False,899.99999999987,4.650758603474969e-05,179.61911307065841,129.6641864147514,-586.3179256981541,True,5.444520582662778,1.6700233885741889,-605.0812395559356,True,31.979797810375306,10.577922659979505,-603.5935654823118,CPL,2.624519843171697,0.7203763571076252,-21.344938741097167
bn230812790,1,0.11600000000000965,0.24400000000000965,6,True,-0.5707893440941938,0.02004039780772543,1324.738020806467,42.71306832761911,-4.719715224587218,0.5905955061530133,-230.21120580008068,True,-231.06765913553625,False,-217.51788691313504,False,646.698464494113,48.203316390677855,64.56677319426143,3.7246814824655026,-215.01396467240656,True,39.295028422114584,6.165530756620871,-236.80106804142065,True,40.05858002316748,6.1839334727786195,-237.8622886426212,CPL+BB,10.589862241339972,10.794629507084949,1.4960777592715147
bn230812790,2,0.24400000000000965,0.37200000000000966,6,True,-0.5710853041262384,0.019131973433636762,1023.8968424353824,43.96922784351551,-3.438756844898595,0.2670066685420043,104.56508675670065,True,120.85746128799457,True,102.26317566299215,True,193.45075814422805,17.88961386656193,1490.3256798885418,110.14567738897597,5.016605259905333,True,57.79816389560308,3.532558843327223,4.567286542216465,True,58.47328337417158,3.5138012795091704,3.9701207812886423,CPL+BB,103.99780021448419,120.88734050670593,101.24657040308682
bn230812790,3,0.37200000000000966,0.5000000000000097,6,False,nan,nan,nan,nan,nan,nan,nan,True,301.10409950496705,True,212.73758206996433,True,183.85554096910877,14.954245923894817,1096.8739950081251,100.1034148919639,135.4394138615134,True,53.41651980807648,3.2419900277585683,142.9649882409193,True,54.88390015985665,2.8572510870473025,146.26482318858305,DSBPL,nan,158.839276316384,81.29816820845093
bn230812790,4,0.5000000000000097,0.7560000000000097,6,True,-0.07552958662441565,0.020159485236594957,394.4922876284246,8.117258051134769,-2.783828684508819,0.03924617111374551,1572.4555087019594,True,1964.6425894882639,True,1497.8218362720738,False,175.11233700570892,3.8977163397985635,30.011699292331603,1.2931173134565856,1494.425936951531,True,46.2629700692935,3.1845185312119995,1495.97925290018,True,57.257266453038724,1.3023418472148762,1584.3252433292578,Band+BB,80.47625580177942,384.3173461590061,7.395899320542867
bn230812790,5,0.7560000000000097,1.0120000000000098,6,False,nan,nan,nan,nan,nan,nan,nan,True,1579.9100446914154,True,1335.237967297234,True,134.2692344368486,6.556261578666849,289.85850808206055,29.040164467831687,1322.5499978753417,True,44.043734496547565,2.161056098794692,1326.6988466471057,True,47.27690071019058,1.5107915654244515,1351.7471583772744,DSBPL,nan,232.1628863141409,16.687969421892376
bn230812790,6,1.0120000000000098,1.6520000000000097,6,True,-0.08340608360692116,0.013503401979958474,190.64074500333743,1.5973741575614753,-3.2602156800581974,0.03665705161812638,3385.639081627718,True,4013.7580186512655,True,3309.5882449109336,False,99.78758949137675,1.7712595446088102,31.10991716904316,30.045987847899795,3324.857218862867,True,29.259319966440398,1.0214133180868767,3320.920836337054,True,31.882543557746445,0.6522455966683278,3381.714354035099,SBPL,68.71824529066407,636.0436646161666,-11.268973951933276
bn230812790,7,1.6520000000000097,1.7800000000000096,6,True,-0.21632559122115613,0.03544943559419145,136.42933565996066,2.875019127123963,-3.1010395072443933,0.08571717913970378,-383.3791537684786,True,-245.2784048560124,True,-390.15137535849897,False,80.98854410310783,2.377912340000705,30.001554018428255,6.173288666190594,-386.9611884413326,True,23.779624979148714,1.3863032493416512,-388.9018829566373,True,25.274793331479227,0.8812854092482674,-367.5831985409006,SBPL,9.522729188158678,126.30479368488818,0.8098130828336139
bn230812790,8,1.7800000000000096,1.9080000000000097,6,True,-0.2518520184836108,0.040484699695687465,124.6706178201946,2.755380265224616,-3.082930312211683,0.09064905710301696,-545.6513076313017,True,-427.7575371664566,True,-547.876145050323,True,25.144930798450257,7.452065519198738,123.77096611025922,3.816105657465549,-552.7676251217924,True,9.059008013177282,1.0536487574142246,-549.6599035039155,True,22.810983816457355,0.9812785658844732,-514.521543337621,DSBPL,8.008595872613796,90.7640061711644,8.89148007146946
bn230812790,9,1.9080000000000097,2.1640000000000095,6,True,-0.34471722163496865,0.033221557533940016,110.97691246925737,2.015243055062001,-2.939128209068269,0.06521853861331839,854.8834453905306,True,1066.7202723069515,True,864.4902821451706,True,24.028375716008245,25.967822757936652,105.74086979705082,3.932090085400908,857.6513419350155,True,9.119157136636217,4.939943816302022,858.8281152973038,True,22.003722279134912,0.6339250857863448,903.1056415258596,Band,0.055330093226757526,167.61463078109193,10.838940210155101
bn230812790,10,2.1640000000000095,2.2920000000000096,6,True,-0.4219416745155716,0.05128324865843625,97.60258856632447,2.6014788984675263,-3.007659716970888,0.08623592188544982,-765.4675432931301,True,-682.8896765483032,True,-763.607260697072,False,59.446645556553364,3.623451270971035,32.37865177007561,6.931811294222001,-759.775273652991,True,10.051244140353601,4.402715448459769,-762.1700692245854,True,19.348689127788802,0.9042716536338311,-743.7606730837047,Band,0.7025259314552841,64.87099653540145,0.1680129559190391
bn230812790,11,2.2920000000000096,2.54800000000001,6,True,-0.5578097042575185,0.03823093826889884,94.13617107028784,1.9762287259007252,-3.211102085798275,0.10755795885722086,624.8358253981163,True,682.102998075847,True,632.0343356310427,True,15.732121211760205,8.623940486215012,94.6575034784887,2.6684490938956174,623.4896491516129,True,5.871372248558906,0.5884814955626583,623.417950804723,True,18.270292099896647,1.3721436837189547,663.0131925936389,Band+BB,5.4178745933933214,23.089805482208135,12.544686479429856
bn230812790,12,2.54800000000001,2.80400000000001,6,True,-0.5762255508491828,0.04610192988224515,84.59249684110497,2.1208153268280157,-2.875465485203809,0.07451304054101637,583.1319863983135,True,683.699504039633,True,582.6927070292093,True,31.59314756658049,3.0428318814358715,74.31760386598538,4.068564559827784,584.8187484152137,True,8.967028334732293,2.5622202058752674,583.7191011437277,False,107.09226629314651,16.12002700188534,589.6356052180653,SBPL,3.412885254585831,98.0638988215677,1.873958613995569
bn230812790,13,2.80400000000001,3.1880000000000095,6,True,-0.7276604730852025,0.03867043347356475,77.27398449540624,1.544978697894436,-2.9419617999333085,0.06306564983054153,1453.0015659026167,True,1587.1019558378812,True,1463.00103236303,True,13.276349359840516,0.725823644135704,77.43999716590675,2.090446285552538,1453.4262749847196,True,5.593852662233995,0.4832897183293716,1446.4805438512053,True,15.673383421472222,0.8273834506742741,1516.182233636171,Band+BB,10.521022051411364,74.9197222017101,13.574757378310323
bn230812790,14,3.1880000000000095,3.3160000000000096,6,True,-0.8528013905146072,0.06844493906418786,73.0925111279686,2.5556502318265686,-3.0750949223561963,0.1439547586355756,-1117.1249581206832,True,-1091.8632604134266,True,-1112.7482299209478,True,13.032748191285062,4.907955566911711,75.66528126049631,5.016466473057044,-1115.4649719626618,False,23.54562695369469,1.3226508879866845,-1122.4839251232816,True,8.650313039413932,1.3966619897258257,-1093.9332940327777,Band,9.35896700259832,6.070033619351079,6.716742041714042
bn230812790,15,3.3160000000000096,3.57200000000001,6,True,-0.8849346064518044,0.06025544711003816,62.919304288447094,1.726363080851069,-3.1208716092606106,0.12082968160818064,283.77287019419845,True,313.80447946373977,True,287.61386675865253,True,14.555460087963638,12.613798075712742,62.16245370069452,6.35406323473487,288.14880773424846,True,5.081786777422103,0.9079280910207641,285.7898914807273,False,95.17523267126933,26.48983602411313,287.31635586793504,Band,1.982978713471141,30.488123595804723,3.46505902440407
bn230812790,16,3.57200000000001,3.70000000000001,6,True,-0.8454728302122624,0.1155546809355516,53.76528544379904,2.532899419190638,-2.81160070465126,0.11009697062375112,-1252.043099054756,True,-1218.34893110959,True,-1246.478112119468,False,10.335219005657056,0.35417173360141163,54.36600379082367,2.979688339150499,-1250.7551374637892,False,16.472768557906104,1.162142195550567,-1251.3885435652335,False,124.76810189204872,41.29170501390364,-1249.5520184281395,Band,3.345444510477364,35.20308731854948,8.277025344321146
bn230812790,17,3.70000000000001,3.9560000000000093,6,True,-1.0878828573539494,0.09986420713072841,52.41613015419101,2.3857455854320264,-2.8607552494203903,0.12465495686062367,178.30009191297742,True,196.94825918320726,True,175.74858825938935,True,14.756190031431357,1.8186359571978308,45.54135477039599,5.174596329911765,177.5100967578217,True,5.416929145936639,0.9511219142921319,177.03686014701202,False,91.6739645260482,8.633020739757143,179.0252400267387,SBPL,5.263231765965401,21.92301915646857,2.238491501567637
bn230812790,18,3.9560000000000093,4.2120000000000095,6,True,-1.2616837835877786,0.14225681009411872,43.96073333920158,3.237914516974218,-2.635214692312493,0.13688196697456267,106.4726261214094,True,126.31314410984007,True,103.51740739990119,True,11.425891614577425,0.7613959177797947,38.525047928816164,4.493302240514851,103.05168940836694,True,4.435060021292217,0.25284731337842414,97.000432057724,True,5.266191753485031,0.5806123801737981,117.80397515091644,Band+BB,13.472194063685407,12.509168958923624,4.465717991534248
bn230812790,19,4.2120000000000095,4.59600000000001,6,True,-1.1286382683680714,0.11508686098693421,41.187738547939475,1.968174255685046,-2.6494010892109063,0.08373555707598457,866.4462072532017,True,893.4915250780485,True,868.6586718789113,False,10.001645761378626,0.18861387889735148,35.42778061452362,2.3489571091427557,871.9827317425204,True,12.473171858759848,6.199837247226033,870.4002224151119,True,10.353571220711368,0.8630837926496921,874.4334272855405,Band,0.04598483808979381,23.05809779250808,0.6759401363908637
bn230812790,20,4.59600000000001,5.108000000000009,6,False,-1.1977366024180796,0.18010584640599736,30.75935625592247,1.5984096733586668,-2.48199755081732,0.058047208119528015,1440.2658510611413,True,1469.021297104113,False,1438.2091309620132,False,10.000000457480212,0.0006636631426184536,30.000004705413872,0.004237958346031689,1440.5974566838372,True,4.06118858612062,0.434789893801248,1441.5264451476826,True,8.321797266086122,0.8460910092032172,1453.601238373022,Band+BB,2.739405913458768,19.420058731091103,1.6116742781759967
bn230812790,21,5.108000000000009,5.49200000000001,6,False,-1.4810368107998002,0.22356152849000233,30.0000868675342,0.03680058958001986,-2.5315549407026126,0.09370055449541081,778.5597044062604,True,778.8170821696856,True,777.2649596827694,False,10.0000000563855,0.00019961112093813682,30.000000015486386,0.0002843513604560144,787.3886558666632,True,5.6149371848199685,1.3076429348926846,779.7721774657141,True,6.032091852398432,1.045115793811421,778.2862720022972,SBPL,2.787526940546286,4.530810167388381,-6.123696183893799
bn230812790,22,5.49200000000001,6.51600000000001,6,False,-1.6442593333990694,0.10133965583449256,30.00000038131628,0.0006391401380287931,-2.4566190749922816,0.06536717278849014,2883.04325291375,False,2872.9378265525884,False,2862.143442934952,False,10.000000484989114,0.0002873960272173903,30.0000000032263,6.32980263262084e-05,2901.6658303455183,True,4.185095650673382,0.5309065888625817,2862.79198171776,True,4.711611924564814,0.5394284125171973,2863.7319336049304,Band+BB,24.251271195990284,13.205892947657958,-35.52238741056635
bn230812790,23,6.51600000000001,7.66800000000001,6,False,-1.5755587206643198,0.17621420913721697,30.000004407438507,0.0031656353237980994,-2.5972060166077107,0.1742496105761353,3071.7997337547886,True,3066.7336540471133,False,3065.6391817389103,False,10.00000011097026,0.0002153968734921463,30.00000006327098,0.0003651492102587639,3081.4564279640363,False,5.161694504160489,0.6366074259740944,3068.455719815581,False,54.53961657277809,16.666593301264022,3066.1416576655643,CPL,7.344013939207798,4.591996381549052,-11.817246225125928
bn230812790,24,7.66800000000001,8.82000000000001,6,False,-1.8786198158930023,0.038234520644356174,30.000000906877258,0.0017210142904726666,-4.999114797055635,0.36158108801107947,3035.0200941376447,False,3019.761666681731,False,3011.239918579504,False,10.000000284764278,0.00028177085350566955,30.000002474691406,0.004841275197669859,3048.8898103381507,False,3.554464956978197,0.2951608025179515,3004.0651056109605,False,35.5348854034982,7.232091701608962,3000.6895551202974,CPL+BB,34.95498852668425,23.072111561433758,-33.649891758646845
bn230812790,25,8.82000000000001,11.76400000000001,6,False,-1.8669990781790584,0.0397347666930673,30.00002497588925,0.016942513447753882,-2.5594931925853146,0.459972071710949,4999.980683341627,False,4993.3080720694725,True,4992.327911676549,False,10.002202935639446,0.2849158765295634,530.9823774467545,1718.3434285941682,4996.516483778654,True,3.2942724859816326,0.39568557172992724,4991.744806603235,True,3.265755938822936,0.28449910704376236,4990.551972243349,CPL+BB,12.235876738392108,6.756099826123318,-0.18857210210535413
bn230812790,26,11.76400000000001,15.34800000000001,6,False,-1.8999999892839852,5.024854651303201e-05,34.72137536311858,9.171722762654717,-4.991540724655371,1.2908583089180827,5306.025001584662,False,5303.2457708478305,False,5304.4592966810815,False,10.002270708586005,3.1445384376417307,30.117165648927486,1422.3693126708113,5306.657980433902,False,1.1241593947986233,0.1142059138387379,5305.890435664271,False,34.90303649270424,9.194970374026317,5293.265472503762,CPL+BB,4.134565920391651,13.980298344068615,1.8013162471797841
bn231020790,0,-0.13999999999998636,1.9080000000000155,5,True,-0.7679593558843657,0.11192648683235817,268.5087769714514,49.56339961002989,-2.224519928785039,0.2820643751989135,3441.6881883823394,True,3441.7901687924877,True,3442.6567769907742,False,nan,nan,nan,nan,nan,True,54.81520264323812,9.419365506717142,3441.9346431271397,True,48.17422276858746,23.152929700556047,3445.7076776881327,Band,3.753545255199697,0.08249110435508555,nan
bn231020790,1,1.9080000000000155,3.9560000000000173,5,False,-0.37792291751393275,0.09218668199031582,31.115712176126817,1.9193264307395737,-1.9396258338972383,0.03466216543300027,3526.899420399225,True,3534.609090012834,False,3525.1251234287392,True,11.96289658384148,0.9769162701975489,160.7597142193825,84.70422593049506,3526.8478485816604,True,4.318313606139656,0.5178782781057802,3527.5492946165573,True,6.923833637221571,0.94819453888709,3528.2357450882882,DSBPL,3.350125782667874,10.373344924545563,2.277274847078843
bn231020790,2,3.9560000000000173,5.620000000000019,5,False,-1.606786743734174,0.13971279424346372,30.00000000036221,2.071384747814875e-05,-2.1903157552783674,0.038962141419869534,3184.2067947428873,False,3188.499201367085,False,3172.440323885432,False,10.000012926989193,0.003064878088228973,30.00000052794084,0.0010332206727436954,3181.845641345657,True,4.397886741309355,0.16834811026999397,3127.561476041632,True,4.417909971574298,0.17723308214525213,3133.9716693827863,Band+BB,60.64531870125529,58.52753198429855,-5.405317460224978
bn231020790,3,5.620000000000019,6.004000000000019,5,False,-1.899996119395102,0.001302044989650919,40.67991748541991,8.969943667485136,-3.9217467685061713,1.1603720179122297,540.2370728244181,True,538.2202946614727,False,540.2763281119816,False,10.000004417512827,0.0016351799515348375,38.75882948389629,90.6631820347261,544.3115389607988,True,4.814758908327022,0.4388907300657334,534.0405507251874,True,4.8133714285014015,0.419983531283882,532.045120974047,CPL+BB,10.19652209923072,10.17517368742574,-0.03521084881720071
bn231020790,4,6.004000000000019,6.388000000000019,5,True,-1.6675156115521637,0.05343692933484656,85.89987603294662,8.341681960450948,-4.994670201879897,1.1245453914790495,613.5420910776131,True,611.5332621085672,False,614.0578378051808,False,10.012735263961394,0.6786040909652185,129.42729854512132,16.366244647336828,605.6166081058565,True,4.468008017490832,0.2996364948454162,602.0795649755487,True,4.478751585594906,0.2893056944377217,600.2763198926732,CPL+BB,15.46252610206443,15.256942215894014,12.441229699324367
bn231020790,5,6.388000000000019,6.64400000000002,5,True,-1.500552443133406,0.04431964031459967,156.54384075042069,15.909046722830027,-3.2239035660853914,0.8554766751031997,55.52798184613593,True,53.95173699506242,True,56.77879427474889,False,10.479250891014422,0.5620591806056572,174.07091327157983,33.76223854946247,50.40120380828158,True,5.605868270586375,1.0489848446708017,55.826961099393344,True,5.6704912074520735,1.0561656899449403,54.25726264116604,CPL,3.7010207467425857,3.694474353896382,10.37759046646731
bn231020790,6,6.64400000000002,7.924000000000021,5,False,-1.1662505419032354,0.016368317729779536,209.34962956628874,6.045311779171612,-4.999999984414719,0.00025162619141294584,3261.9142533482045,True,3259.5038046782647,False,3232.8889485503423,False,10.000003474122218,0.0007456220781820733,212.03594753477813,7.67294506914341,3197.1606491514144,True,4.55734064451687,0.17279477039007451,3164.5180424004666,True,4.536795868276231,0.17727031383464764,3163.5476995195677,CPL+BB,101.39621094773793,99.95610515869703,39.7282993989279
bn231020790,7,7.924000000000021,8.564000000000021,5,True,-0.8021358892543575,0.03858879608265414,157.9891489093233,6.289001578279823,-3.3911135076642718,0.3702262488257526,1793.776878447864,True,1794.7817446293188,True,1787.2761269663995,True,13.082075032381685,213.06447214429113,139.5887672590398,4.5216770471875805,1778.0283375280733,True,3.8877955564213056,0.6438056216692343,1783.9656223929198,True,31.555996374164227,1.645647699861284,1774.8955792049878,CPL+BB,13.811256054944124,23.88616542433101,13.247789438326208
bn231020790,8,8.564000000000021,9.076000000000022,5,True,-0.6980460899118717,0.055447965262852006,132.88740077423319,6.3196075724808765,-2.9235379239378925,0.21649691773147528,1306.959708472722,True,1313.660726353168,True,1307.9660733276578,True,64.79637171485088,102.88258577708454,115.504620699095,4.249447466903852,1308.1461253324965,True,36.99679856862563,3.41888673591221,1306.851786378247,True,25.130035587534042,2.592386365986931,1310.7900165082547,Band+BB,4.107922094475043,6.8707098449133355,3.8199479951613284
bn231020790,9,9.076000000000022,9.716000000000022,5,False,-0.70454292050122,0.051256655230033366,107.25357070744883,3.3127120801839993,-4.99992965364042,0.03635412647520031,1576.026572537406,True,1573.8547354132156,False,1573.7039433186453,False,10.029541763621442,3.3978113824348313,100.07557395579406,3.5077460221271792,1574.7688366222667,False,23.530360761501054,1.9962873822904772,1574.4335951179387,True,23.52511926341742,1.953790955927552,1572.205879258423,CPL+BB,5.592977419467388,5.648856154792611,2.935106696378625
bn231020790,10,9.716000000000022,10.484000000000023,5,True,-0.8257995873591356,0.06632141243777401,80.96037524790702,3.043831856544145,-3.267201910970199,0.31597564951602,1907.1754928262983,True,1908.884032514558,True,1909.0244905844165,True,12.04698933040791,0.9409628028878094,84.38235085542794,5.509067749221231,1911.1208024608568,True,5.379336201947982,0.9336288975082039,1909.330259277145,True,6.729518464259615,2.348997316660819,1911.3267779702167,Band,1.8452335491533631,1.5572545443412764,1.903688123559732
bn231020790,11,10.484000000000023,11.380000000000024,5,True,-0.9463907761498863,0.08693032781256305,62.23918418771264,2.92045237210192,-3.1853384412359196,0.28878641806798755,2019.543684126328,True,2020.106837532197,True,2018.029280452391,False,10.518806230677779,0.7386265418570614,61.29704015491188,4.502365169685266,2022.374285867616,True,44.51444779277847,4.3760602659161165,2020.176939372715,False,46.66019872060097,9.167201009308496,2018.3368849150988,SBPL,3.3667447536129202,5.76995261709817,-0.3450054152249322
bn231020790,12,11.380000000000024,12.788000000000025,5,False,-1.278235082767239,0.07552136589263747,49.527451731467416,2.29508247120528,-4.9997593595838525,0.1654273861550708,2829.207599064318,True,2827.16278245738,False,2830.3500341825666,False,10.566567432868311,0.656602038670532,65.45082871914893,6.53650478793843,2830.1057331991783,True,3.9854124669180626,0.4346283425319679,2828.24669518861,False,3.9884366606148807,0.33433049696155304,2826.300837796654,CPL,4.960903875708027,4.861944660726294,4.244300983388257
bn231020790,13,12.788000000000025,13.812000000000026,5,True,-0.8168216637989235,0.22915574206942613,37.13108512871695,2.4021465364284467,-3.4179052411908613,0.5340192553478949,2174.9325623093982,False,2174.917710350906,True,2175.5122218260776,False,10.026519002887166,1.6379252988397086,39.38707312202971,3.6823014670445566,2178.915581049473,True,4.542926920650886,0.5902395594565184,2177.011721674944,False,67.3463506852272,14.225236998207304,2176.009495559064,Band,1.92084063445418,2.908214791842056,0.596640776604545
bn231020790,14,13.812000000000026,15.988000000000028,5,False,-0.48324831187155937,0.36861982809065025,30.000000021189166,0.00022401196840782234,-3.191493789533251,0.30698306926126295,3581.511780510407,False,3584.022786735228,True,3580.465114509132,False,10.00058186877628,0.11799379366354934,30.000001673862926,0.0025314770993922764,3586.0363907589017,True,6.524416882776025,1.1089207451523735,3583.784677623376,False,28.376047729630862,9.533480122915975,3581.749104907408,SBPL,1.7271028870309237,6.273681827819928,-1.571276249769653
bn231020790,15,15.988000000000028,19.50800000000003,5,False,-1.334793426247477,0.21495915175039026,30.000000171309058,0.0005015681206881339,-4.999947107474543,0.04316205886693947,4409.144047166323,False,4401.043571651616,False,nan,False,nan,nan,nan,nan,nan,False,2.9525817476647704,0.786502619516476,4407.03175999068,False,18.59527442244571,3.269384224571967,4404.690753243822,CPL,6.11228717564245,0.35281840779407503,nan
bn231030832,0,-0.011999999999982691,0.6280000000000179,5,True,-0.6216484114607334,0.09398978826883925,891.8783834643303,211.5741110267944,-2.2526293680035288,0.25032713770054404,1724.7629201941006,True,1727.0483977497056,True,1724.5365798132004,True,100.70919276155968,36.91283978227464,1566.5010082884698,497.3803780187551,1726.4196134096073,True,42.86250220206655,15.547923386326302,1723.7383079540807,True,42.62612973075948,18.52523023843084,1726.5106038757463,Band+BB,5.024612240019906,4.537793873959345,2.1169664035930964
bn231030832,1,0.6280000000000179,1.1400000000000183,5,True,-0.4318260337986402,0.09481900645221761,457.40463707118823,60.179524244695386,-2.111720539337909,0.1285566456682974,1480.9661038997751,True,1494.078193028603,True,1478.8075337601706,False,169.7148309134611,22.015988843833924,4999.99999549915,0.14927290363084467,1479.78754737638,True,48.182846187270776,20.65298814549166,1481.7765674744483,True,173.369124051042,57.07766877160908,1498.0782066884872,SBPL,3.189536425326878,-1.3659884189110016e-05,3.0199863837906378
bn231030832,2,1.1400000000000183,2.80400000000002,5,True,-0.5528676492206458,0.04158604319144171,379.80565360599786,28.451628408231926,-2.597521017252366,0.21293234046188347,3700.4901021268265,True,3705.4995274907815,True,3695.545892411744,False,173.45422571405817,13.165167111775787,100.11610501586085,869.5655860223939,3696.3060838991587,True,46.088818490155795,7.18176280503009,3696.7619887771534,True,46.28283577949143,9.529339301827566,3694.9763387857224,CPL+BB,7.7281133496730945,14.523188705059056,3.239808512585114
bn231030832,3,2.80400000000002,3.5720000000000205,5,True,-0.6730238638891912,0.08958439010183966,226.67159203444362,27.755507877123918,-2.269259790223252,0.22301950069596255,2156.1426175940933,True,2159.5510617938826,True,2156.8808655322337,True,20.99335327621704,183.9741133644676,214.94519742185463,23.463060765778224,2158.7091017491775,True,36.16367678699324,6.21579501476438,2157.835716113087,True,36.14761482755943,3.831139385823601,2156.4110072871417,Band,2.306901481006207,7.140054506740853,2.1717637830561216
bn231030832,4,3.5720000000000205,4.596000000000021,5,True,-0.6904681715541591,0.11309591395735719,155.29106304101285,18.698892553117133,-2.1347732819402405,0.1552317905574594,2608.269302656993,True,2614.539417104238,True,2610.2902822600313,True,12.658686293187493,107.400708600639,168.12382320278087,11.665046543329865,2612.8613560369367,True,6.320101825656942,0.7518392864731753,2610.244880199397,True,28.355781915325103,1.9538916448657933,2609.6099204174,Band,2.0244224575963017,8.929496686837865,1.4289262230945496
bn231030832,5,4.596000000000021,7.156000000000024,5,True,-0.8431498880651724,0.11247171701963082,137.53625368327448,18.34922008724486,-2.4293201420812673,0.38130862637913165,4175.499543787484,True,4175.269981133613,True,4175.878178385063,False,632.2199885919731,141.85071082148332,126.95437969130647,11.454371599049338,4177.642829696348,False,28.770631164613853,3.320787358206289,4172.903087732077,True,26.1304393984712,2.397859787393614,4175.377417612203,CPL,6.596456055406634,3.892563521410011,2.235348688715021
bn231030832,6,7.156000000000024,10.548000000000027,5,True,-0.7092601145910788,0.8297739310396042,83.00739833518922,84.36135103400602,-1.9041397065104633,0.14585051381904823,4585.169247387296,True,4587.962453178945,True,4584.478193890218,False,nan,nan,nan,nan,nan,True,37.750862165252975,17.223989623854447,4588.891384620376,True,13.349020346524702,3.5339388828650735,4586.575487821247,SBPL,0.277862766920407,5.386965357697591,nan
bn240204630,0,6.516000000000014,8.564000000000016,3,True,-0.972184754358358,0.1946730103024112,79.74043806840137,13.911403053172421,-2.6989993591372756,0.5154277868702835,2556.4846722858324,True,2555.0998326882736,True,2555.1366183907303,True,13.181221426113542,1.6812017413906162,91.86991783229803,22.155482816245247,2556.7798060600608,True,6.169169149940234,1.4039005818024584,2557.530545531717,True,7.023185998487566,1.2131724276662594,2555.6870142582748,CPL,2.95412675411535,3.412818429998879,2.356812330669527
bn240204630,1,8.564000000000016,9.972000000000017,3,True,-0.9629600309882158,0.07996138690764948,94.03697304012104,5.900823141565354,-4.8375938273892976,1.4241439612063869,2169.9544907830755,True,2167.973302338759,False,2170.813176589895,True,13.36863185565871,1.973719211477305,105.11326894021134,10.191407038137264,2171.903078690285,False,5.253878135909827,0.9749070309878147,2172.013075081764,True,5.263952407199495,0.953618115644256,2170.060064621148,CPL,1.9414157013115982,1.9132377176110822,2.910097899610264
bn240204630,2,9.972000000000017,12.14800000000002,3,True,-0.6245624445896417,0.06163547347997733,84.74474968269044,3.1271174133007733,-3.052052327501838,0.21287330072800237,2733.450525016692,True,2740.60613464864,True,2734.9704568173347,False,39.61292267932005,4.201005779050323,30.001599611687055,0.6629883369645615,2735.987486071001,True,6.189311263138336,0.6440008154253243,2727.8033551320386,True,7.279441384114711,0.7357672369722068,2735.0720386760104,Band+BB,9.647169884653522,9.53409597262953,2.982970746333649
bn240204630,3,12.14800000000002,13.17200000000002,3,True,-0.6578258944049756,0.07188821301544746,87.32675027959206,3.534965166401129,-3.128078054005272,0.2596729690715882,1951.093511864405,True,1957.175050891765,True,1955.2563411018589,False,61.170940530332885,8.601463763964166,39.276971878977626,15.133707456185416,1957.007852389192,False,24.121318266985696,1.2113384486322705,1947.4047678764018,True,5.584313111779802,0.8407048914170145,1959.3060804963707,Band,7.688743988003125,1.868970395394399,2.2484887126668127
bn240204630,4,13.17200000000002,14.196000000000021,3,True,-0.6369976549787411,0.142690375465244,60.68336008239426,4.248415341623431,-2.7974280794794804,0.21257155998185562,1887.514997552806,False,1894.834338413947,True,1886.1211541101059,True,23.488827299114124,4.591316399080776,50.600574374071115,10.975534260406487,1889.8063962756578,True,7.386717592458777,1.2992479857465824,1889.1927654415017,False,81.58737165547898,29.004026966289754,1888.3328665808533,SBPL,2.3222321113044018,10.501471833093774,0.3147578344480735
bn240204630,5,14.196000000000021,14.964000000000022,3,False,-0.12281963756426849,0.3490950991321583,30.000338971309496,0.1088516622242448,-2.1342155126857514,0.06457584755784307,1491.9200709147194,True,1492.718928590313,False,1488.8011118895752,False,11.612342456806635,0.9692236457035284,64.34141904850095,21.12670059415841,1488.2714890413786,True,4.826696239979029,0.4752961004070819,1490.255462991252,True,5.225048981813319,0.5568919981132083,1489.940954741204,CPL+BB,5.664607923467429,6.777973849109003,4.529622848196595
bn240204630,6,14.964000000000022,16.24400000000002,3,True,-0.3551804946875699,0.47511587996135846,35.908345138301854,5.333504400145912,-2.147298420139709,0.09765874922273521,1993.5113030066484,True,1995.5013195892361,True,1994.0601128083908,False,16.90994701978714,2.6292512829616497,36.895860242973214,494.80248034104756,1997.5508088022652,True,7.145945916161109,0.9467219878953319,1995.1422455676782,True,7.134616931946639,1.2428059415848334,1993.14447640414,CPL+BB,2.3690574389702306,6.356843185096068,0.5093040061256033
bn240204630,7,16.24400000000002,20.596000000000025,3,False,-1.331298483387658,0.15596707419756406,66.37955614147307,9.12501353056906,-4.9999778350458195,0.034087241766440624,3298.8113013731577,True,3296.766433152041,True,3310.3488401280097,False,18.577287394370185,3.5171373284647354,30.811960851980523,170.5264007445156,3300.133216178288,False,30.34831021419001,6.363090885135938,3298.655456120438,False,27.922788363236656,4.414783515457543,3295.996554277396,CPL,4.1558452527197005,4.769878874644746,14.215623949721703
bn240403498,0,22.260000000000026,23.540000000000028,5,False,-1.3482767309978034,0.16084134640853598,169.37803670993657,57.11573955294989,-4.996946391021859,1.0550051746374791,3088.0522125530088,True,3086.0487182782854,False,3087.5726126643226,False,nan,nan,nan,nan,nan,False,39.830813771892856,9.312675870604814,3088.728254658327,False,38.458422296950175,7.379450258222391,3086.7502941357156,CPL,3.3239578946818256,3.298424142569729,nan
bn240403498,1,23.540000000000028,24.69200000000003,5,False,-1.2461917378702907,0.04894981619642658,431.54317671914976,82.05802433191246,-4.999983482825618,0.036022851113885146,3081.6586075137916,True,3079.6321045508885,False,3082.1478345647774,False,16.07020094413255,22.869099288965298,595.8362797354214,122.79329759450337,3083.947018807098,False,7.271691616069888,1.3375115450831623,3083.2121714588175,True,7.260340232971421,1.3658078487390926,3081.181374455256,CPL,2.4464360549741286,2.45073009563248,2.2008157576792655
bn240403498,2,24.69200000000003,25.20400000000003,5,True,-0.88592646362778,0.05693861894209029,405.4608208172702,42.687110731583005,-4.80383640753208,1.3895673665958364,1747.3521930008428,True,1745.3911116529318,False,1747.6264437350078,False,179.8779032385993,139.99202147328103,419.6771794498043,145.13038289580115,1750.1106660045677,False,1.0111544664033558,8.343656988880618,1751.3522029598453,True,43.0319010521766,48.0094878875777,1749.3786321230486,CPL,-9.959002454706933e-06,0.012479529883194118,1.5157777304400497
bn240403498,3,25.20400000000003,26.22800000000003,5,True,-0.8199841347034301,0.03296733200162805,430.0024425429377,33.092444649824216,-2.6661493931418367,0.25341101184998016,3238.624371562881,True,3241.1037310509046,True,3237.3637836225807,True,202.0759773766998,23.381575663604835,806.4016360296177,177.2072568506777,3241.1075362120055,True,1.649500563241906,1.40094688718365,3242.614703221161,True,1.3538870140951185,0.12084683226336435,3245.1037312776853,SBPL,0.009668341720043827,-2.267806848976761e-07,0.2562474105752699
bn240403498,4,26.22800000000003,26.99600000000003,5,True,-0.7809391900386816,0.026361233850218047,478.1867841841114,29.240263325543452,-2.9944909436054505,0.4255753663141253,2835.181367035604,True,2835.7395032073314,True,2832.9264129655894,False,205.2886321174519,34.02828703589469,971.1509512968208,140.88092396336958,2833.4335851975175,True,46.03845123160986,10.62073724257537,2831.4862552183886,True,45.88480770204195,11.230234739432465,2831.6430170183403,Band+BB,7.6951118172155475,8.096486188991094,3.4928277680719475
bn240403498,5,26.99600000000003,27.25200000000003,5,True,-0.6850778804767433,0.07846549316996404,251.5553100334464,30.56085032117332,-2.1197106664146452,0.14347188165090197,764.0292276910519,True,772.2754919705053,True,765.2692358339837,True,15.640680327150799,136.29959388529628,297.16371844336317,84.93409291391956,768.6282929473373,True,10.23983981759489,2.6118126859874726,766.7983418091833,True,16.783481945181318,4.669902117728444,773.669164659163,Band,1.2308858818686303,2.606327311342284,0.6409428866463713
bn240403498,6,27.25200000000003,27.89200000000003,5,True,-0.727121880724059,0.07208335696742896,190.99218445823288,19.51758934064597,-2.048692152093165,0.08826745791545931,2321.0045835084384,True,2335.0901770332885,True,2320.5825923971993,False,890.594584042981,222.31402564791713,229.4273535597542,13.835793059117151,2323.999624172955,False,28.146586889356218,2.492211439754998,2315.5425094060674,True,28.11954374699401,2.579975312164729,2313.4536356692606,CPL+BB,9.462074102370934,25.636541364027835,0.5829682242442686
bn240403498,7,27.89200000000003,28.27600000000003,5,True,-0.8602562175254156,0.08826769447725186,219.77579783753222,32.70747913641972,-2.1624958095231865,0.1918064762682603,1272.014292093656,True,1273.4999034796404,True,1272.3494989678543,False,873.6345133920863,216.3445922881173,234.06687154644322,49.79135170882475,1275.218765437027,True,2.5358005926780947,0.6377715986185997,1271.957057113096,True,1.975170593114111,0.4299393237559448,1275.9716425044614,Band+BB,4.057234980559997,1.5282609751789096,1.1307335308272286
bn240403498,8,28.27600000000003,28.916000000000032,5,True,-0.7034639042712114,0.05376809422189477,230.35685989381176,17.659386240297934,-2.3573100202975055,0.15808999125502932,2290.408024339067,True,2300.029296461667,True,2293.257170106692,False,757.9688332115254,222.27982584371534,213.18672658579246,20.897564560007353,2294.5465689878106,True,56.43773238005434,9.191134785479406,2291.8756326043863,True,36.55898354459492,8.144846769466735,2299.9212751116356,Band,2.532391734680914,4.108021350031322,2.7106011188811863
bn240403498,9,28.916000000000032,29.428000000000033,5,True,-1.1069413888520199,0.07088232175453757,250.8685825948934,42.501258524530726,-2.2927523822318103,0.23585796321997066,1781.5700864395722,True,1782.8139275412766,True,1781.0221057387098,True,61.499068977442136,14.92203282418792,237.18962909130474,22.222438379359076,1784.1349978296823,False,34.86557327545388,4.622170231202745,1778.9937587330703,True,34.86381498570792,4.9690274323041965,1776.9873060679943,CPL+BB,6.576327706501843,9.82662147328233,0.8871079090274634
bn240403498,10,29.428000000000033,30.708000000000034,5,True,-1.0355022019321471,0.056667769994826644,207.0671317919152,23.32818984332772,-2.6485544336591182,0.5080735785377375,3329.1250575061395,True,3328.0239264100856,True,3329.159939744247,True,90.10949355608224,88.04542458634464,172.41580612543933,18.378784053035574,3333.1848350218547,True,4.905669078786275,0.8658569356292769,3331.906133772635,True,2.1223309057505193,2.1401741587635374,3332.023965116502,CPL,1.2189237335046528,-3.8706416489731055e-05,-0.024895277607811295
bn240403498,11,30.708000000000034,31.860000000000035,5,True,-0.9099569375178702,0.13159220900578272,124.29909211138856,20.255616842656295,-2.6616062028634344,0.5260379148336622,3024.1302730836214,True,3022.665509512176,True,3023.9365400803554,True,13.656074110216514,3.0884139587444386,126.26723465222895,14.443177825198006,3027.186352781134,True,1.5302368450182209,0.34110423644836585,3028.1302920035337,True,8.091690755702054,2.353226039602056,3025.612949304959,CPL,-1.891991223601508e-05,1.052560207217084,0.7501872992215795
bn240403498,12,31.860000000000035,35.82800000000004,5,False,-1.1703294703674276,0.06645925149387932,145.94540337833007,13.566010942105436,-4.999405544073606,0.2735463476288653,5199.047075804301,True,5197.029403584092,True,5198.687886546601,False,159.7097827561878,69.28993266187547,121.10361602750098,7.685851280504039,5202.64306446349,False,1.2715167538781695,0.17318635965368845,5201.99511127865,True,1.2688055144865316,0.1800757805976635,5199.982510651992,CPL,1.0519645256508738,1.0468929320995812,0.04482208311037539
bn240403498,13,35.82800000000004,39.79600000000004,5,True,-1.19752423014393,0.13571512578249856,91.77729087789675,12.069323290988464,-3.4189218982005074,1.1374134826694133,5058.520795937138,True,5068.5391053990215,False,5058.513257360206,False,10.250239862461493,0.5215246241491878,101.9607300375288,15.2288856353914,5061.158754672033,True,4.645430606849719,1.1426510086320856,5061.821844674211,True,9.50845400092839,61.42950686765,5060.58318448379,Band,0.6989512629270394,11.955920915231218,1.3545026881729427
bn240403498,14,39.79600000000004,44.596000000000046,5,True,-1.4767312308604976,0.2323481429376565,60.412219112021816,12.534836564011922,-4.993277087824958,1.4951378509522293,5469.341673032195,True,5467.337474748152,False,5469.055138480176,False,899.9192267522299,48.991557561741445,38.173789152571956,10.566561764962849,5472.193073518509,False,2.439839930943747,0.5226067743125786,5470.127045592542,False,2.4335706567459288,0.4110498161199382,5468.087712531149,CPL,3.2146274396527588,3.249762217003081,0.8620649616668743
bn240710643,0,-0.011999999999982691,0.5000000000000178,4,True,0.14779263330028772,0.24265885134162285,305.08266694345036,42.370526774192,-2.5298071786982512,0.4400149908595521,515.718923254552,True,515.799932381964,True,516.2311255214788,False,10.000000994289572,0.021138318291137992,271.566314305922,25.712973853829666,520.1444387395611,True,3.6226964795104015,1.0915877937920513,517.62415801289,True,58.909803771087674,11.284396570691733,517.8869160068748,Band,2.09476524166206,1.9130163750891143,0.08668678191781964
bn240710643,1,0.5000000000000178,1.0120000000000182,4,True,0.22502481435067218,0.13911437048235453,239.29490552226147,17.904673366194032,-2.7199440679086653,0.2818391089337695,659.8327956660276,True,664.2879969566338,True,659.1728748590592,True,95.43010548825987,58.004804066740455,248.63567250366881,41.894448164146,663.0592904430051,True,32.42793705832751,9.594061836894523,662.7322159762491,True,36.60360308909088,4.429730108402943,661.455524288899,SBPL,1.1005796897784421,6.832472667734805,0.11358441605409553
bn240710643,2,1.0120000000000182,1.3960000000000186,4,True,0.11230924362738863,0.12404293725825136,190.44305858760268,12.739263227050259,-2.5570948116487733,0.1569923435722156,213.2700934215274,True,234.51642074438354,True,215.18581780865156,True,24.15698249192122,3.4760599169079196,186.4580040341219,11.386457904852477,217.10077055889556,True,12.731877147825827,3.7061082057677543,216.5785347478672,True,37.4546108766497,3.0812555190213047,218.96812014893928,Band,0.6915586736602108,19.54830059544426,2.085047249756002
bn240710643,3,1.3960000000000186,1.908000000000019,4,True,0.3506234969836388,0.1792121115568021,137.31191337852712,9.426562078545274,-2.5254392555764187,0.16277699327053252,580.5050900574646,True,595.1873874904287,True,581.2588029552006,False,10.000452852218919,0.081413717638946,127.46965934264198,6.61562632729504,584.5637279028414,True,3.519695493785888,1.024266570326074,583.0250166146482,True,27.97936533050163,2.9773362804723753,581.2494224798902,Band,1.4800734428164333,17.937965010538505,0.6950750523592433
bn240710643,4,1.908000000000019,3.3160000000000203,4,True,-0.17788422966813563,0.12417058311720314,124.93501064621185,7.42627405071898,-3.060672360735549,0.35492207828965405,1936.2156396230637,True,1937.45344906759,True,1935.6423936756105,True,14.920342025211628,1.4444758605311687,115.25625620528075,6.932513866444268,1941.4954001320611,True,13.180697126312582,4.537232933017588,1938.6028369024627,True,15.735073915102022,2.284595384996625,1937.7584530655895,SBPL,1.6128027206009392,3.6949960020006074,-1.8530064564506574
bn240710643,5,3.3160000000000203,4.340000000000021,4,True,-0.6444685799106191,0.17290492889721304,90.01727960593269,7.92017246031476,-3.673212578660073,0.9374110475773458,1349.4831452330695,True,1347.5979551628325,True,1349.6659630703534,True,20.920926490641282,2.6330736302568543,116.50241162549696,14.366883341433152,1348.1110123145713,True,8.392417948323219,1.068022178947333,1347.8908541694789,False,8.151635433252988,0.9047112151228127,1346.3551699814907,CPL,5.592291063590665,5.242785181341787,5.554950755782102
bn240710643,6,4.340000000000021,5.8760000000000225,4,False,1.7221381703004768,0.16704071416659116,34.06168251204315,2.214125646948652,-2.239054132654074,0.10598172923603455,1903.509178148665,False,1917.6594846544479,False,1904.832373305101,False,16.943580430233972,2.120754787237133,43.59477882191408,13.894969926192783,1904.7397590587784,True,8.308001802958119,0.8866824292128217,1906.9555082278573,False,8.280337397029426,0.6381169425738831,1906.5332956788382,Band+BB,0.5536699208075788,15.126188975609693,4.0926142463226824
bn240710643,7,5.8760000000000225,11.508000000000028,4,True,-0.8446342004825024,0.4538306040424658,41.861951594344276,7.323325496292046,-2.8717565132663383,0.5626987990122783,3789.064148980574,False,3788.772541970822,False,3787.882557934538,False,nan,nan,nan,nan,nan,True,4.949239113621,1.030056148257899,3789.6286740083697,False,4.865433843290248,0.647271667309711,3790.1508266541173,Band,3.435474972204247,2.621715316704922,nan
bn241117845,0,1.140000000000029,31.604000000000056,7,True,-0.09518382913710058,0.07160133985529732,88.23580588343641,2.3091362815578265,-3.60595869251229,0.372156581134359,11475.201445369446,False,11476.254783155186,False,11473.804874256655,True,29.874848296040703,2.5219494407127314,86.53620783098796,3.583862940213571,11477.071224919924,False,1.0854322496036009,0.41251594839378947,11479.20142411886,True,16.01323643142406,0.9151084543033514,11475.757277767269,Band,2.125058563251514e-05,4.497505387917045,0.733649336731105
bn241117845,1,31.604000000000056,45.68400000000007,7,False,-0.6328491982555444,0.10623859899457633,61.30913590449327,2.06246268872426,-4.999999944869725,0.0004085364385635337,9627.611587336476,False,9625.15849400654,True,9629.477332089571,False,19.318426631885735,2.578875958953553,73.57273664981064,4.852517237181971,9631.00728219358,False,6.270076385746744,1.8083502270875298,9630.544409016293,False,23.66427995095924,1.059360682477763,9627.130573242106,SBPL,1.0671783201833023,2.027920764434384,2.470049895991906
bn241223506,0,19.572000000000003,20.084000000000003,3,True,-0.04796759587655663,0.7407660074316365,77.07345470770602,25.430905652280956,-1.9068873485601434,0.19477508839046054,642.3310297847688,True,642.7773852144082,True,642.333613108897,False,46.89910807175773,19.73418219088505,63.11250285238187,103.75974368226603,646.4049787442306,True,6.040591530418691,1.729117573592923,645.6213813603713,False,110.29222883661828,47.517149675789675,644.219259456384,Band,0.7096484243975283,2.558125758024289,-0.07136563533356366
bn241223506,1,20.084000000000003,20.724000000000004,3,True,-0.7549236998380608,0.11389653641192982,171.121676602892,20.318430956899206,-3.572801259248659,1.0434402410910115,905.3916295949767,True,903.7241751440545,False,905.2311866996359,False,809.2007027484273,210.17900199740677,30.1391843460113,25.851951787598615,908.5694100667183,True,46.33777679927371,7.27212965191849,908.4215316602513,True,41.08130946978773,16.01344666324227,907.1044279050021,CPL,0.9700979347254588,0.6197472390523444,0.661776632917622
bn241223506,2,20.724000000000004,21.364000000000004,3,True,-0.5798880912674838,0.10631602369741755,163.83535880558736,16.40722397565115,-2.993462648931031,0.51397310973139,974.6976257196095,True,974.1471094633979,True,974.4474110641354,False,79.55234817564721,16.6490683496746,42.48255881199577,638.1662753318167,977.8953230828561,True,17.488100213948936,6.259954220101762,977.694153660776,True,18.62513218288679,6.677173622925489,976.0688745325064,CPL,1.0034720588334949,2.07823493089154,0.5520879812793282
bn241223506,3,21.364000000000004,23.540000000000006,3,True,-0.5871276663143066,0.03917764101746202,214.9709289869774,9.654693172086496,-3.242526493310464,0.42729971710059433,2440.6530659659707,True,2441.4251377878063,True,2440.556744835906,False,111.47945133170842,11.595621702648472,74.54109586868215,116.84337923476232,2444.060421967936,False,1.0000000207258128,0.00023715339101526567,2444.5296559050125,True,29.405692582342166,10.14783414821159,2442.62930533748,SBPL,0.1234100609581219,2.7958324503260883,0.49632286797032066
bn241223506,4,23.540000000000006,24.564000000000007,3,False,-0.6179227121807821,0.0411342296963671,263.023112266518,12.831188089357852,-4.999945421033422,0.038104628275005936,1646.211860939839,True,1644.1870473520817,True,1646.5261394561926,False,118.94982620963688,10.360698903953377,65.50655729128054,29.359481799774038,1645.6687341569195,False,29.10683958240556,5.785087656377824,1645.902524730979,True,29.08502725893,6.158415664153445,1643.8362244533882,CPL+BB,4.3093362088600315,4.350822898693423,4.8574052992730685
bn241223506,5,24.564000000000007,27.50800000000001,3,False,-0.6622836538464585,0.01900590744571712,398.6861757092465,12.451360888675538,-4.999998815112301,0.003709507718541172,2886.5072822968455,True,2884.471929324156,True,2891.4090210304516,False,166.47745303468676,8.421004877984217,58.61902876017093,3.4925507379837626,2876.3140139705934,False,32.19971581552121,5.345541337055861,2874.9609246047967,True,27.58225577816718,6.222906324233302,2874.3142357110773,CPL+BB,15.546357692048787,14.157693613078663,19.09500705985829
bn241223506,6,27.50800000000001,28.53200000000001,3,True,-0.6770873653617239,0.03477327271501529,421.23761697520365,22.311784404179434,-4.283782517389273,0.9740865291756373,1668.603191573869,True,1666.851832604311,True,1669.953805665341,False,165.08101938473146,13.348244378546624,114.07000039833991,65.24060068099166,1663.3426317980573,True,26.259118219480975,5.94124654600137,1660.89096649131,True,28.121105547769144,6.301146134846807,1658.7787470841945,CPL+BB,11.712225082558916,12.073085520116592,10.611173867283696
bn241223506,7,28.53200000000001,29.17200000000001,3,True,-0.6734546263501273,0.06676741961546451,347.98168485957007,36.51678531665232,-2.6584828618022085,0.3353930650181365,1105.865353694531,True,1106.3245993876699,True,1103.5425432085153,False,147.99808878853878,16.109743820973847,132.10046662011342,148.3820686046271,1105.2303784204432,False,43.4308976617716,6.91585775784268,1102.7506039777786,True,43.40212454469372,4.733152061692319,1100.656259565198,CPL+BB,7.114749716752385,9.668339822471808,2.3121647880720957
bn241223506,8,29.17200000000001,30.452000000000012,3,True,-0.7238265526494442,0.06691967682379785,290.2358405187148,35.53690395449033,-2.435695034883638,0.22222835794409002,1855.624825001312,True,1858.534879486791,True,1853.2459999293717,False,130.01844911201508,16.92274123035844,31.33444365051061,834.2439567927166,1855.6661276566756,True,31.36916328638126,5.063077921994092,1853.997387709541,True,31.546239514109114,5.150142070666032,1852.3097570485738,CPL+BB,5.6274372917710025,10.225122438217113,1.5798722726960932
bn241223506,9,30.452000000000012,32.628000000000014,3,True,-0.8568550037736732,0.06652190903177696,244.12713718106306,30.20276139910878,-2.249565344473516,0.18650211306308662,2320.0116071662915,True,2323.323333024796,True,2320.662742482565,False,107.44257839314938,13.67791628197704,550.0018287698565,608.938953082435,2324.8599748892116,True,7.720167201064508,2.0083537506808646,2321.6213959846696,True,10.181581805163685,3.042792192545926,2325.527311407127,Band,2.3902111816219076,1.7960216176688846,-0.19723240664643527
bn241223506,10,32.628000000000014,34.164000000000016,3,True,-0.5116843659254038,0.27892425934224285,100.2538618306633,23.38488266825133,-1.758492789253039,0.08031241276516965,1887.060665432228,True,1898.5587568755006,True,1889.2044438340258,False,75.51707356267099,22.68463553194524,30.031081755651133,2.6088329448649983,1893.5303655824596,False,21.954139645096195,7.098902845079943,1889.3057295719946,False,22.020505780041354,3.283844443644787,1890.3292560468785,Band,1.754935860233445,12.229500828622122,-0.3259217484337569
bn241223506,11,34.164000000000016,42.10000000000002,3,True,-0.7601039226932245,0.14613483177694647,121.06724411432468,17.77089455873641,-2.103179341259689,0.14136652154183238,3572.401350335508,True,3579.4437512195577,True,3574.298294636284,False,56.14423838617623,8.428225519287171,226.20812991564915,989.8612902427593,3578.462292054526,True,4.512346077030284,0.8309790887759794,3573.630472772359,True,22.376697409555696,2.8325726989099707,3569.9372242473887,CPL+BB,2.7708775631490425,13.506526972169013,-0.16399741824216107
bn250313607,0,-0.13999999999998003,0.50000000000002,8,True,0.12709712109891758,0.22447723014883708,405.82030930542425,43.04552837550747,-2.907090830102004,0.7985524021139234,1989.1709065026162,True,1988.0248186060526,False,1989.2005843033746,False,10.00000002135878,0.0013886153214182073,339.6771919661286,25.541256404432517,1989.6021874470764,False,16.55078755432004,4.454529621043371,1989.121596365064,True,85.30768127882095,9.867790815407389,1984.9671353662475,CPL+BB,4.049310137552084,7.057683239805101,3.5983968562982227
bn250313607,1,0.50000000000002,0.75600000000002,8,False,0.23706364794412565,0.1287162638621384,495.2545219111738,25.56883558651299,-4.999999995004669,0.0002433485722921347,-180.49027916946818,True,-182.53556630849542,False,-178.64223464482717,False,144.1951443814113,37.02527657801241,582.5176266715961,40.34273775656618,-179.80301136969436,False,17.356826204307605,56.514367207800504,-176.49013841748115,True,22.985599493196364,53.99307653470896,-178.53526707362568,CPL,-0.00014075198703267233,-0.00029923486974325897,5.1607767248671905
bn250313607,2,0.75600000000002,1.6520000000000201,8,True,0.13595992851506683,0.07551401617084637,298.5506025352956,14.045438068750599,-3.0297013558576316,0.2109642082515535,3548.452033707101,True,3555.8411144585816,True,3540.0460784825195,True,140.19886630139717,13.580818289357417,320.45327081282863,97.78443556603617,3537.9607327196372,True,43.15717157737266,5.961743739810238,3539.177436684774,True,44.059515589349594,3.0904110185339846,3538.0237434566984,DSBPL,13.274597022326816,21.817371001883203,6.085345762882298
bn250313607,3,1.6520000000000201,4.21200000000002,8,True,0.14274752181398004,0.048261187683961614,141.88747124198898,2.8892988427001995,-3.21635873248067,0.15533209796010516,6243.018766734548,True,6268.140183819836,True,6247.469552650603,True,29.920504807007866,1.60405685011332,143.7282414401587,4.077486133004712,6236.090162659661,True,12.513391382792728,1.0061350144899066,6235.744013361678,True,24.562431823096162,1.248794293166636,6260.2687456140875,Band+BB,11.274753372869782,11.871438205748746,15.3793899909424
bn250313607,4,4.21200000000002,4.4680000000000195,8,True,0.20469272087636337,0.125750415669629,119.80350188113043,7.192689635755066,-2.8866500785660385,0.16919825424948276,-411.045680053835,True,-403.10816535436703,True,-412.72896859820986,True,31.95551306187223,4.374791726322169,125.50922887636683,9.72614959440535,-408.9358729622272,False,21.767270190467773,2.5517898739519076,-410.7721764701946,True,21.53310200635854,3.4256499156453337,-413.02741004346126,CPL+BB,3.7264964163596233,13.919244689094228,0.20690436401736179
bn250313607,5,4.4680000000000195,4.72400000000002,8,True,-0.04997400148930521,0.07748041548525533,158.37858462141259,6.280200334855522,-4.1267637489121025,0.8368511814579658,-316.46142698819915,True,-317.323606955908,False,-316.757619788801,False,15.121904927010817,1.9581233812864216,140.80553396765842,6.725385308102176,-319.1192943472066,True,7.545013166205724,1.7826057154268327,-314.6801424850046,True,31.030060741185057,5.052254677507122,-314.7078486412241,CPL,2.21871549680543,1.3842416853160557,6.361674558405639
bn250313607,6,4.72400000000002,5.10800000000002,8,True,-0.08503959842739442,0.060438940425663626,173.96204488280316,5.79565649763984,-3.1085095093362236,0.1565891795900216,1193.88485449883,True,1210.884602944388,True,1192.1957372916124,True,47.207269663569456,123.35396104155771,169.58874980425574,11.267904450838799,1196.0420252221822,True,11.797560695132242,3.316955973598921,1197.238679198611,True,30.613260835496668,4.404867257897179,1196.314038903267,SBPL,0.6461753002190562,18.570564041121088,0.15371206943018478
bn250313607,7,5.10800000000002,5.23600000000002,8,True,-0.1920610088451709,0.08374664250884042,191.63502468329708,12.436515977525488,-2.9167152576915685,0.2444571075064208,-1963.6789931129526,True,-1954.890588042762,True,-1961.9729744489068,True,13.25309883065413,2.3664969773728437,172.47163764502636,8.46095354303641,-1962.8863052411434,True,8.635122912643928,1.7741674655851152,-1963.7024915100021,True,37.784053009841344,3.4193133635667117,-1959.2326418636562,Band+BB,4.0234983970494795,8.342053820894307,4.913330792236593
bn250313607,8,5.23600000000002,5.748000000000021,8,True,-0.3553022174534712,0.05497028529464046,193.26057595596052,8.028767313760298,-2.887889098150244,0.15591614198762405,2006.5162335389075,True,2020.939576254312,True,2000.0600103771699,True,29.047548503732653,2.182755034322941,208.96625983925037,10.66021862940022,1995.6636390007548,False,22.099215930458993,3.7320462915900396,1998.7960462815724,True,22.270884633628455,2.022065170008572,1996.4899004263334,DSBPL,11.720187257335056,28.44967582797858,8.396371376415118
bn250313607,9,5.748000000000021,7.41200000000002,8,True,-0.5648947236949238,0.029842835284025593,232.13525440251627,7.37338844941101,-2.9314345362124645,0.12482704154603419,5275.904931530927,True,5296.88266456659,True,5278.677029617256,True,16.90552977980898,0.8877493833150165,217.3605218290644,6.600608784891975,5271.857016965581,True,9.704022681444977,0.894784422843582,5270.576910824488,True,26.103590133051892,4.2411044269180245,5292.0958030364645,Band+BB,9.32802070643902,8.786861530125861,10.820012651674915
bn250313607,10,7.41200000000002,8.56400000000002,8,True,-0.480698924138261,0.02523724424545265,357.9949041505549,11.432620732797176,-3.5001286032331946,0.38990167847749513,4440.255266359281,True,4442.450968183326,True,4439.520495378154,True,14.00642729815047,0.426864643317983,283.23492346379777,8.04837747116406,4447.677135369669,True,46.831514002242756,9.858312470742291,4439.591701226702,True,8.11145659323816,3.061500354739874,4446.167224776289,SBPL,4.663565132579606,0.2837434070370364,-4.156639991514567
bn250313607,11,8.56400000000002,9.33200000000002,8,True,-0.44103269456045857,0.04221193084029007,259.9991520393216,10.304498455025055,-3.230188215102818,0.27090943005728096,3064.7968781012078,True,3067.4098893817118,True,3062.900152157688,True,149.98340895354997,32.59526347047606,165.1597202086466,164.14410792944662,3067.2462919369095,True,18.29172009150536,40.464803814586105,3068.803929891097,True,44.66449646932536,10.757038360337287,3065.2508346329882,SBPL,-0.007051789889374049,6.15905474872352,-0.3461397792216303
bn250313607,12,9.33200000000002,9.58800000000002,8,True,-0.36522511188646584,0.13019322248265375,173.76506138534018,19.892774749233254,-2.583110953176087,0.26575514924901555,-388.0472527875893,True,-384.9032712548966,True,-388.28130856000723,True,15.695257070461341,1.659707946420407,169.01471471149898,11.165329209383444,-386.82126801568097,True,8.619966986123481,1.5315741533286094,-386.65301837343765,True,26.459216042705958,6.1972262194539045,-384.7792599061971,SBPL,2.60576558584836,3.8759886513005313,2.5399594556737384
bn250313607,13,9.58800000000002,10.74000000000002,8,True,-0.44360087541371207,0.05855786699510385,142.70582569522293,6.106388204505421,-3.1041891669134674,0.2575926460244038,3868.051661532194,True,3875.32632333231,True,3870.98821213903,True,17.08473735317717,1.411450558078375,140.1104565493155,6.135120808180062,3867.2653759164205,True,45.69526221323174,3.444225333980512,3870.8765705935066,True,10.178458554951279,1.709938726783169,3875.499956790681,DSBPL,1.17509093868739,3.826366541628886,7.722836222609658
bn250313607,14,10.74000000000002,11.50800000000002,8,True,-0.5857999471548732,0.12342423424705021,114.28109123729752,10.781744860405048,-3.0556601431759294,0.44611651899709437,2433.5519536428046,True,2432.687171194453,True,2432.7975609980726,True,13.86691061685834,1.3029286471640313,110.87817204941842,6.796713085341132,2432.7746390767406,False,6.961495336874919,0.6465772055368371,2430.8837837461883,True,18.98965964050958,5.226256225374266,2435.0844172919346,CPL,6.668169896616291,1.6027539025185433,4.022921921331999
bn250313607,15,11.50800000000002,12.404000000000021,8,True,-0.66815049474873,0.12251740789527626,100.69446121328549,9.237602571182677,-2.6859103807048954,0.2324134948112293,2936.8782047900636,True,2939.7340965422472,True,2936.7639865690107,True,15.685595305084872,2.51922752449701,105.27617389311774,12.255682843443331,2939.196876209378,True,30.20556269202476,4.081882169720711,2940.355179191892,True,11.506821280222347,2.0907186849040498,2940.379081548125,SBPL,0.5230255981714436,3.3550149941220297,1.5671103596328066
bn250313607,16,12.404000000000021,13.81200000000002,8,True,-0.7909059702686743,0.10386250568102928,77.52266520578817,4.725876858954933,-4.756118768880023,2.2214741082494944,4110.874966156688,True,4109.3348314376235,True,4108.992473437602,False,nan,nan,nan,nan,nan,False,7.286736913480659,0.7001197307942899,4105.587267240771,False,30.69918811764247,1.721257613437544,4104.573825574645,SBPL,9.287698915916735,8.761005862978891,nan
bn250313607,17,13.81200000000002,17.01200000000002,8,True,-0.5949657835985223,0.16452100611277948,62.77944887974193,4.013770839398472,-3.6062209906897578,0.7285865415894741,6385.797532768474,False,6384.343548574079,True,6385.8403470371795,False,nan,nan,nan,nan,nan,True,5.87310904712971,0.6880311570055397,6386.522466886356,False,6.045391812649498,0.8563296187876954,6385.2465588568,Band,3.2750658821187244,3.0969897172790297,nan
bn250313607,18,17.01200000000002,23.15600000000002,8,True,0.1271515927960069,0.39222510158999974,40.22630791183435,3.597042583975785,-2.8230222128253337,0.22657235810990994,8222.342990310914,False,8228.483769311573,True,8220.95371982946,False,nan,nan,nan,nan,nan,True,6.8394159412169655,0.7465420691714972,8225.274007204776,False,33.76270984681381,11.170341691607431,8223.220848019653,SBPL,1.0689831061372388,9.262921291920065,nan
bn250407659,0,0.6280000000000108,0.7560000000000109,2,True,-0.37828989512486066,0.11402825505939698,1533.2659722334763,239.8739738636517,-2.550453628394008,0.2678717980905656,-325.74987822096665,True,-318.8897286489691,True,-325.3481631236385,True,108.99043028662325,184.44663733830976,1883.0268227360293,570.8121805245727,-324.36294501551896,True,75.36156689529481,13.369623357381123,-324.50798829706736,False,1.0024336715596383,2.6012517371167787,-314.8896406494727,Band,2.7581100761007065,-8.799949637250393e-05,3.014781891880432
bn250407659,1,0.7560000000000109,1.0120000000000111,2,True,-0.059921248967083604,0.09295464205492221,753.6619140253196,82.76341096650356,-2.344389189889211,0.11268544826838722,264.98985450191816,True,300.45347248216814,True,254.58744794612488,False,105.08228695212432,12.500052657909357,1366.3117493950635,265.64362757261995,237.09404503407308,True,48.578244978817104,5.818606876733675,238.52158062528304,True,62.629635761041335,7.662603115488043,257.9181353745681,Band+BB,30.468273876635124,46.535337107600014,21.493402912051806
bn250407659,2,1.0120000000000111,1.3960000000000115,2,False,nan,nan,nan,nan,nan,nan,nan,True,945.4694989748982,True,699.9993998486643,False,130.723869461005,7.671842923197666,2258.92129544593,423.37169859615653,652.7414721592336,True,56.23443075353288,3.0316050118750333,661.0494240140256,True,72.14499871727446,3.6782117603998117,731.3417425932158,Band+BB,nan,218.1277563816824,51.257927689430744
bn250407659,3,1.3960000000000115,1.7800000000000118,2,True,-0.07146875858747258,0.0716395265892542,640.4331061736135,55.43954494629139,-2.321235520487789,0.07706933271608829,546.5146293701977,True,623.7832739439427,True,525.8603136664724,False,97.60079331976868,9.235384394216041,1379.3921688622586,282.82700750948277,496.7005632218438,True,41.3975355146066,3.238156355162779,503.38105592066927,True,63.74332132760168,3.8833248630606327,535.2830100430799,Band+BB,47.1335734495284,92.50026390086282,33.15975044462857
bn250407659,4,1.7800000000000118,2.5480000000000125,2,True,0.4966121318068927,0.1284973477618489,256.4237762561476,17.754605436612252,-2.169197997911017,0.05446673746475339,971.2702387320846,True,1074.99539576909,True,944.1470419142202,False,78.1333323542266,6.179394705946592,617.8865518201789,146.15501839117704,940.5525478580792,True,34.62219023633687,2.1023888081994784,936.9992535096909,True,38.85427736318345,2.6156840115658824,974.9866396761798,Band+BB,38.27098522239373,104.00875609291018,7.594494056141002
bn250407659,5,2.5480000000000125,3.060000000000013,2,True,1.1728502165471046,0.39125636722584783,123.60239029818862,14.099269899525119,-2.103483016834147,0.09571432388904766,496.878095749361,True,538.9023881675383,False,492.2619325065337,False,60.44076191020114,8.826433030114956,273.3638131479941,520.6779279751689,498.7947986343759,True,73.56069167962308,18.009195823246085,497.2164335332509,True,26.8649584792251,1.7279078988282386,503.3530526695371,Band,3.6616622161101304,39.549335498001255,-2.532866127842226
bn250407659,6,3.060000000000013,5.236000000000015,2,True,0.5239486800407086,0.2803218108639974,114.58019320525543,12.333270446772424,-2.177244677162034,0.09666725749819438,1465.232677689699,True,1501.378383572755,False,1460.7692444154004,False,41.015407753067294,5.204748160398328,169.68255199652535,35.18003882993874,1466.0451957821115,True,14.14729918249063,2.4943384246821365,1465.0054607364295,True,23.371641446552083,3.1964751196523746,1469.973010108151,Band+BB,4.227216953269362,35.405373464604054,-1.2759513667110696
bn250407659,7,5.236000000000015,8.948000000000018,2,True,-0.6073462548728416,0.218997197835276,124.29894408017195,23.680683973293114,-2.318226893920275,0.2210253148445407,1808.376898073056,True,1808.2260450898139,True,1807.2066986940881,False,nan,nan,nan,nan,nan,True,9.88453821739927,1.6436128168496955,1808.5172249608297,True,10.013661211939423,1.4666472438746485,1806.9528304986325,CPL+BB,3.8596731122263463,5.273214591181386,nan
bn250702413,0,0.11600000000000765,1.1400000000000077,5,True,0.6828563869360808,0.2318046290189395,332.9253985475506,29.556137477308027,-2.9441676880856256,0.5828414215316917,2083.670195852118,True,2082.170605540668,False,2083.601907188969,True,95.63080739604045,128.46274159433187,299.5505652290215,21.65976340672057,2085.754421933446,True,3.285408372947376,1.0200932440071675,2085.8523575309737,True,2.779671362167822,0.7943047292975275,2084.8248502994293,CPL,1.817838321144336,1.3457552412387486,1.8474852555232246
bn250702413,1,1.1400000000000077,3.572000000000008,5,True,0.3248130841984915,0.07306130084799958,402.3565811077796,18.679125783246576,-3.432164478922315,0.7974238877198949,3803.209778691764,True,3802.1215318665645,False,3799.9319827959544,False,835.0344769099528,152.09126054964895,319.47439590266765,10.625085526375557,3800.2721136274195,True,9.645703020231878,2.1445750135422856,3797.244571404356,True,8.218896121687932,2.4446650066088407,3799.522997931947,Band+BB,9.965207287407793,6.598533934617535,3.6598691685348967
bn250702413,2,3.572000000000008,5.748000000000008,5,True,0.18659697100329295,0.047038357156704846,406.02778267646306,12.919552050530285,-4.63981843415775,1.0439392325557293,3697.8654559791994,True,3696.0744464054233,True,3701.8545393806835,False,114.70054235749409,24.15552185935755,573.7607056433311,36.21562278268118,3686.122055026699,True,34.546497500293924,5.530586614511957,3690.7941738543896,True,1.9439473568917758,0.3890979849435371,3697.3496090336585,Band+BB,11.07128212480984,2.7248373717648064,19.732484353984546
bn250702413,3,5.748000000000008,7.284000000000008,5,True,0.5485488529576874,0.11402476855916505,222.76127241163636,11.04630267077772,-2.685244336339469,0.20888518524608224,2973.796167752497,True,2981.346521919198,True,2973.925350869681,True,99.00236620385486,34.20378893816313,216.25648545438708,13.03229674580102,2975.701931002686,False,1.031729160516105,7.24205278537285,2977.7961623177407,True,45.71915951417413,2.5566644377521577,2975.6347026941444,Band,5.43475607628352e-06,9.71181922505366,2.2234198669953003
bn250702413,4,7.284000000000008,10.356000000000009,5,False,0.49363706658565715,0.08592022513691172,175.48149011884024,4.875108423212282,-4.999973367406796,0.0185509082261599,4069.176383629681,True,4067.19743582053,False,4069.5776096110053,False,899.987588220472,14.336594001895094,147.12238158621807,3.4787425857946914,4071.489499656069,False,39.58109248442787,5.313366532006949,4068.530473165424,True,4.713565733020302,1.5385937822901072,4067.232428889347,CPL,4.645910464256758,3.96500693118287,2.088109954936499
bn250702413,5,10.356000000000009,15.476000000000008,5,True,0.24389790435788622,0.09790697850289802,124.39477361470368,4.362530182392867,-4.151206582782169,0.9216728440420738,4824.108475785058,False,4822.369128255634,False,4823.991023270296,True,58.609957429083806,5.877444781953244,175.90779552067372,13.794218147502463,4827.287381126611,False,18.827088241853428,5.163385573573473,4827.391576374165,True,19.461009102388694,3.7207887808301985,4825.233766978915,Band,0.716899410892438,1.1353612767188679,0.7036421436851015
bn250702413,6,15.476000000000008,21.748000000000008,5,False,-0.238886499752985,0.10322849936014053,94.37514519942034,4.265276987391751,-4.999995343635821,0.006187069366542897,5167.526600437087,False,5165.2757084489795,False,5168.462207028673,False,50.64426785181346,3.2032650015274378,30.205647177897585,15.489094278928956,5171.144410385773,False,1.5414804957026256,0.30060267473854174,5170.58122775556,False,1.538713316414308,0.30026496450601703,5168.331046931638,CPL,0.9453726815272603,0.9446615173410464,1.3177966429002481
bn250702413,7,21.748000000000008,48.88400000000001,5,True,-0.6275061250626532,0.0882334572612476,112.33620761249661,7.26774510055386,-3.2781133951249735,0.7541087947843592,7693.367548423686,True,7693.472891168405,True,7693.474359443097,False,93.83947390424346,23.897396728090236,48.481456116173135,18.897901073319574,7696.718393923106,True,28.375694542677326,2.8894814185851327,7695.408934108615,False,1.0000315036541783,0.005686913705337138,7695.205224205256,Band,1.9586143150709177,2.2676669631491677,0.7559655199902409
bn250702413,8,48.88400000000001,53.81200000000001,5,False,-0.27311768825188587,0.2907769893222848,91.19703445805493,10.688094924157234,-4.999930220079974,0.03687296314921795,4587.937217485672,False,4585.841709875105,False,4588.46366901326,False,21.832507979342765,6.564062029402864,125.06575809814768,15.81513598438999,4590.912448412008,False,26.820812339658243,3.46210777124333,4590.570859356968,False,7.896884846994759,2.4315649162316118,4588.740767431841,CPL,1.3663581287037232,1.1009424432641026,1.5512206012517709
bn250814432,0,-1.6759999999999842,-0.2679999999999829,3,True,-0.5448982762165404,0.44336807966652303,153.87666692708714,41.70699218337938,-3.6468624071186935,1.1443307263368214,1588.077112006118,True,1586.0870921754977,False,1587.4450787464104,False,56.52952241234858,24.960201129181943,73.92117367843245,395.7513508974239,1591.736037862905,False,48.05060525476397,18.8341185981537,1590.4295235694076,True,12.026059505412274,3.2963413841837585,1588.7025323186315,CPL,1.647588436710521,1.3845598568661899,-0.29095911649460504
bn250814432,1,-0.2679999999999829,3.18800000000002,3,True,-0.9235927998746704,0.15412486646845736,119.8977065063659,13.291153629526619,-4.121485645448767,1.0434203167677207,2566.6013015423778,True,2564.637709546836,False,2566.342145831408,False,10.000324377428736,0.754789897600971,122.09499218441927,14.071552776344298,2570.02589847453,True,36.726775477190905,12.50703924780432,2569.755013830916,True,37.81513119421397,13.63619639018687,2567.825208470763,CPL,0.8462877114616276,0.8125010760732039,0.31624735687773864
bn250814432,2,3.18800000000002,7.412000000000024,3,True,0.5480468754087557,1.1839224386977083,38.25031508458324,8.372696426500092,-2.59363707318536,0.36835538577023463,2745.796153382659,False,2745.8942637165324,True,2745.581397694067,False,204.0113440907023,165.34036483801952,33.999345997404625,3.0441551588213684,2749.7189481915525,False,8.053858986334179,1.2879128162040248,2749.115252624142,False,26.36109407085379,5.635170212808827,2747.484799452444,SBPL,0.6809007585170548,2.409464264088456,-0.13755049748533565
bn250902062,0,-0.011999999999989797,0.884000000000011,3,True,-0.6909021058980586,0.11399092919976977,410.8864476072997,78.26528833397339,-2.247015908070394,0.2998511253900953,1162.2199171889786,True,1163.27230945483,True,1162.3839015652363,False,898.9624055568792,66.1675831573661,407.4256377319705,88.14141723285115,1165.749529048362,True,4.132776590698001,1.1745362791383633,1164.474389406261,False,1.0014973405438794,22.865170174972363,1167.272367148214,Band,1.745527782717545,-5.769338395111845e-05,0.6343725168742367
bn250902062,1,0.884000000000011,3.060000000000013,3,True,-0.9005918015701917,0.04115763676345979,285.62650573729223,25.42242022587277,-2.384146951447256,0.15269081816635066,2280.8371004306573,True,2286.618507511851,True,2278.0734034849647,False,118.35412684891179,36.99838679851169,1008.6902989413628,244.19672791683632,2278.30055918732,True,25.23330573569434,4.451794278803444,2278.592319965607,False,1.1218020156378425,108.3633903586579,2290.618496894086,SBPL,6.244780465050098,1.0617764928610995e-05,3.7728442976449514
bn250902062,2,3.060000000000013,3.4440000000000133,3,True,-0.9010487942324636,0.11344647633731841,232.3139578364693,56.118841767677125,-2.2086193785688444,0.22309745234396394,434.8826618083872,True,440.0608735221132,True,433.21378289019594,False,97.29144306417686,15.019595764639718,162.9543745615426,67.86117355692106,435.328153020125,True,20.12413355110655,6.812658484609566,436.5983134239742,True,23.544007875644297,5.227281845840416,435.52924354138145,SBPL,2.284348384412965,8.531629980731736,1.885629870070943
bn250902062,3,3.4440000000000133,4.8520000000000145,3,False,nan,nan,nan,nan,nan,nan,nan,True,1886.7947313112365,True,1876.1825259959683,False,763.0638227991504,251.2924353391549,195.7921848155598,8.263955805277973,1877.765454439695,True,34.12476299870366,6.7381830425714035,1877.1792757619467,True,32.690126413549436,3.9606798975118824,1880.5396524271569,SBPL,nan,10.255078884079694,2.4170715562731857
bn250902062,4,4.8520000000000145,5.108000000000015,3,True,-1.0092865234758985,0.11076611685139448,169.3237743591963,30.024467833584197,-2.431267760365285,0.3068829408822762,-88.66026319627018,True,-89.26626248199817,True,-88.63147054314484,True,23.279495678614865,267.9753140785668,158.59216354405507,15.004838001237346,-85.42860629602711,True,3.640897633149477,1.0158411606218265,-86.28228832445308,True,2.9630608442805615,1.2781041308224819,-85.47425761520809,CPL,1.622025128182898,0.2079951332099199,0.7971357528822693
bn250902062,5,5.108000000000015,7.156000000000017,3,True,-1.2759434754593746,0.05374908028516934,133.7672161948576,13.747400040798723,-2.4126612662592026,0.19497209712944796,2118.100968127872,True,2121.3131011102532,True,2119.1355960147594,False,10.302936209923896,1.5610969969611483,140.03303281932227,13.780079114755196,2121.7351308718034,True,6.163068436922623,1.1696591365700066,2119.5410522390057,True,7.254474314962905,1.6007514243521355,2122.4460504420385,Band,2.5599158888662714,2.867050668214688,1.400465142955909
bn250902062,6,7.156000000000017,8.180000000000017,3,False,-1.5122039153120586,0.08449749066949208,76.91490949499627,7.807952286286586,-4.999998710474796,0.006548581218430272,1334.0488862228724,True,1332.000471933833,True,1333.731070092133,True,16.077122119110545,163.53868759539355,82.01647728162322,12.696571280355897,1337.5302205410517,False,22.497922756470846,3.936313060446441,1337.203512859192,True,2.3157044084143834,1.9122196639859124,1335.9993893727776,CPL,0.8453733636804373,0.0010825610554547893,0.20084955108131908
bn250902062,7,8.180000000000017,9.204000000000018,3,False,-1.8999729530062102,0.003906898085483612,30.000650232211765,0.2905782227773521,-1.9846488255602914,0.057271689156111916,1266.7924497109238,True,1264.3036806091318,True,1266.2122979029605,False,10.37196625647635,60.599318958562534,2106.908731643451,1145.6158276023589,1270.480280690457,True,2.7301882574052225,0.8310837377136178,1268.6616155644278,True,2.417931510034331,0.7741680027982071,1266.920249025122,CPL,2.1308341464959994,1.3834315840097133,-0.26798278749652127
bn250902062,8,9.204000000000018,14.132000000000023,3,False,-1.8999997762009204,0.00023232447993326577,30.00000095144089,0.0032100301329869296,-2.198084343493831,0.20257312509688685,2935.517787664271,False,2930.7513416161214,False,2926.4779155079923,False,nan,nan,nan,nan,nan,False,2.2788150664454516,0.08764105348580209,2928.237150987732,True,2.3936672477948417,0.3734671906581799,2926.4432405852067,CPL+BB,11.280636676538961,8.308101030914713,nan
bn251016999,0,-0.011999999999990352,0.6280000000000097,6,False,-1.1350713445374894,0.05055587967473141,774.6825309168545,149.03931941015696,-4.999990387359485,0.012059700352083702,1592.4817468123767,True,1590.3352881422393,False,1593.216216306162,False,381.3377733693715,194.06020817075972,401.2268690713497,1100.220863399462,1596.225906507889,False,19.974157158006527,8.675311471661114,1596.094680102426,True,19.85826657899031,9.330189196843591,1593.945549788273,CPL,0.38706670995065906,0.3897383539663224,0.9903097982730742
bn251016999,1,0.6280000000000097,1.1400000000000097,6,True,-0.8920725260721948,0.0611490928074479,542.7459255204238,67.60149348287803,-3.2785534377827896,0.9811404918975064,1197.1480548196014,True,1195.512120001249,True,1196.7347604139045,False,522.2070531008104,192.0909280635749,413.2908500176199,37.37905719908093,1201.0549322517716,True,2.1293118094451406,0.47200672158393353,1197.7330811659488,True,2.1055819383111567,0.46270987165311117,1196.2114334647517,CPL,3.4149736536526234,3.3006865364973237,-0.3201718378670648
bn251016999,2,1.1400000000000097,1.6520000000000097,6,True,-0.8311850938559341,0.049489410770122644,491.7599299394624,45.60161652499579,-3.686347104675745,1.0940222707133387,1311.0357415042786,True,1309.2687264453912,True,1310.0876679594362,False,172.43984177424153,63.48546799415112,1095.4842714350684,296.0877660328801,1310.4360769000866,True,37.423293870336174,12.748109514745199,1310.2120927520969,True,38.67702570916808,9.399624242576417,1308.2698842896662,CPL+BB,4.823648752181725,4.998842155725015,3.6515910593495846
bn251016999,3,1.6520000000000097,2.2920000000000096,6,True,-0.6610159052686214,0.04966063948812377,313.0297253273586,19.552296739058107,-2.6985494491992594,0.1649950995838132,1831.2237457981366,True,1836.6674170458418,True,1827.0170630535392,False,179.23263108687746,9.437420333333364,1235.371331941846,318.154496156362,1826.6192919516834,True,1.894503288786966,0.3851208657172672,1831.7948315164515,True,21.472400315950942,14.440958459817821,1839.2888885382167,SBPL,3.428914281685138,1.3785285076251057,4.397771101855824
bn251016999,4,2.2920000000000096,3.82800000000001,6,True,-0.6588593885376706,0.0337616263579375,219.63942909461662,9.365465524168016,-2.472417152304384,0.0842196412638252,3859.719206127427,True,3910.689033279445,True,3857.4926099016006,False,127.71427091988856,9.922798685550582,35.01440596780177,16.223983718757083,3860.671391376349,False,1.000005722989284,0.005776126786377844,3863.075246283187,True,30.758483578266667,3.505187421439164,3867.582156117858,SBPL,0.6439598442398164,47.10687716158691,0.8212185252514246
bn251016999,5,3.82800000000001,4.34000000000001,6,True,-1.0016351396642658,0.050221729957940886,240.52972719741,17.735942688855133,-3.889907720790364,1.0243428018099396,1218.2081315249018,True,1216.2522596309905,True,1218.5757764523132,True,48.681825366987866,18.07775205548603,227.56246887509164,31.747171151077566,1221.9281240423504,False,1.0000433390847017,0.005337126486027022,1219.1662525955749,False,1.0000000373974887,0.000139741867951515,1217.2959109373578,CPL,3.041878929326913,2.9563486936326626,0.6476524099628023
bn251016999,6,4.34000000000001,4.852000000000009,6,True,-1.0370834245697593,0.07392480038238647,159.394206335337,13.971405282522397,-3.599659970269887,1.097731849353659,1145.3820431320853,True,1143.395135417451,True,1144.5045074527293,False,10.342635270582146,4.929815394782542,136.9676429076599,13.748900524900549,1147.3408352468457,True,33.06326503014532,3.52360878729856,1146.3997295500837,True,30.034837793350288,4.577602843616594,1144.445191575887,CPL,2.9823135820015523,2.949943841563936,1.1636722058835858
bn251016999,7,4.852000000000009,6.00400000000001,6,True,-1.1270222907182494,0.09518495918555558,132.56419773746148,18.43483949686256,-2.501259890509242,0.27808949059217136,2771.019059624208,True,2772.8847946304368,True,2770.810110763651,False,864.9657343253629,1.4165569357501226,124.54254732295072,5.697600982909634,2772.6214629722035,True,1.5965726487083742,0.27198982453901444,2765.4566725385152,True,25.10019626405078,3.1146858130254564,2764.168822820811,CPL+BB,9.562387085692535,12.715971809625898,2.1886477914476927
bn251016999,8,6.00400000000001,7.1560000000000095,6,True,-1.3769406405908091,0.15253622793300137,95.64800937281859,20.052485776454986,-2.3348046677196153,0.2242435339337383,2651.351561342415,True,2651.8158315143446,True,2651.657600223268,False,147.51155450166345,280.46790282964184,91.86692850855741,11.063036834851182,2655.5315367057838,False,1.1346707367403523,0.10157823595804805,2651.8714864962553,False,1.020531162054354,0.06694201746701745,2653.5234134454413,Band,3.480074846159823,2.2924180689033165,0.12606351748445377
bn251016999,9,7.1560000000000095,13.30000000000001,6,True,-1.687004246167368,0.10335338830192264,106.91252679761772,24.646307524637386,-4.049867292962328,1.039667155724102,6163.6609543159575,True,6161.673877282712,False,6162.22574744177,False,nan,nan,nan,nan,nan,False,1.453776115078122,0.21860618124464626,6150.722081755437,True,1.6083742211990568,0.24240112091637023,6149.445949615669,CPL+BB,16.938872560520394,16.227927667043332,nan
bn260105973,0,-0.13999999999998347,0.24400000000001654,4,True,-0.6220822432453067,0.3360661221997903,264.8067240152518,178.3741381517424,-1.8702160877320901,0.2403678544086526,215.36147620962385,True,214.56002146381783,True,214.68817921622707,True,24.681557803322516,4.163192674101566,592.6417141370193,265.5916136098435,215.7833315346891,False,11.356848510156842,2.147153820762119,216.29197728019722,True,14.074958217760395,4.682618242102714,216.31738463936816,CPL,3.0694989294266293,2.2426368244496757,2.904847681537973
bn260105973,1,0.24400000000001654,1.5240000000000165,4,True,-0.7189839156169556,0.1376659829596525,161.63205769200508,26.873093352127313,-2.09885406124973,0.14644714721530872,1943.8889859104574,True,1948.6342780675807,True,1942.9157559088235,False,75.25718265615123,15.88109729884468,447.7739957049519,695.8997014626704,1945.2008566698066,True,22.85838929125906,4.639024212663511,1946.274261885013,True,22.893207805818122,3.063637970556277,1944.2671790915686,SBPL,1.6147240254445023,8.36709897601213,1.7148992390168587
bn260105973,2,1.5240000000000165,4.212000000000017,4,True,-0.7422626830406278,0.048730834157929226,207.63898568490603,11.462053982570879,-3.396778118096053,0.7498381481105254,3067.790895692941,True,3067.017638528917,True,3067.810270419246,True,98.69241419163194,51.32573696585852,153.26044875083724,202.19985242406457,3071.61210343336,True,24.257924723008813,10.990068726727552,3071.5120325704984,True,26.803456678828976,9.251075677985291,3070.173667141261,CPL,0.2788631224425444,0.8439713876559836,0.19816698588601867
bn260105973,3,4.212000000000017,5.748000000000017,4,False,-0.9057167364323916,0.10830506248703392,167.50672833245343,19.27217135306141,-4.999870477028568,0.047060701223211154,2104.75497489437,True,2102.6306333060056,False,2105.0708340532674,False,16.695454164096926,43.25879957913934,231.5908101156985,35.21835421178986,2106.517861072622,True,50.83394205040602,8.379555371103176,2105.9346684712573,False,51.77560039939818,8.081883810173991,2103.933626730461,CPL,2.8203064231129247,2.697006575544492,2.552972980645336
